"screenId","screenTitle","actionId","label","scope","visibility","request","operationId","destination","conditionalBranches","productionEffect","actor","guard","errors","offline","idempotency","confirmation"
"AUTH_WELCOME","Welcome to FeedMe","AUTH_WELCOME.01","Create account","screen","","LOCAL navigate","","AUTH_SIGNUP","[]","Preserve the current draft and open the destination.","public","Validate authentication scope, feature flag, resource ownership/membership, current revision and required field constraints on the server for network operations.","401 expired session → login with safe return; 403/404 unavailable → remove restricted content; 409/412 conflict → refresh and review; 422 invalid → inline correction; 429/503 → bounded retry with input retained.","Available locally; reauthorize any destination data on access.","No durable command; provider/native-specific replay protection applies.","no"
"AUTH_WELCOME","Welcome to FeedMe","AUTH_WELCOME.02","Log in","screen","","LOCAL navigate","","AUTH_LOGIN","[]","Preserve the current draft and open the destination.","public","Validate authentication scope, feature flag, resource ownership/membership, current revision and required field constraints on the server for network operations.","401 expired session → login with safe return; 403/404 unavailable → remove restricted content; 409/412 conflict → refresh and review; 422 invalid → inline correction; 429/503 → bounded retry with input retained.","Available locally; reauthorize any destination data on access.","No durable command; provider/native-specific replay protection applies.","no"
"AUTH_WELCOME","Welcome to FeedMe","AUTH_WELCOME.03","Continue with Apple","screen","","EXTERNAL OIDC.authorizeApplePKCE","","AUTH_CALLBACK","[]","Open system browser; store random state, nonce and PKCE verifier in a short-lived protected session.","public","Validate authentication scope, feature flag, resource ownership/membership, current revision and required field constraints on the server for network operations.","401 expired session → login with safe return; 403/404 unavailable → remove restricted content; 409/412 conflict → refresh and review; 422 invalid → inline correction; 429/503 → bounded retry with input retained.","Retain input and retry online; do not show a durable success before server receipt.","No durable command; provider/native-specific replay protection applies.","no"
"AUTH_WELCOME","Welcome to FeedMe","AUTH_WELCOME.04","Continue with Google","screen","","EXTERNAL OIDC.authorizeGooglePKCE","","AUTH_CALLBACK","[]","Open system browser with PKCE; request only identity scopes.","public","Validate authentication scope, feature flag, resource ownership/membership, current revision and required field constraints on the server for network operations.","401 expired session → login with safe return; 403/404 unavailable → remove restricted content; 409/412 conflict → refresh and review; 422 invalid → inline correction; 429/503 → bounded retry with input retained.","Retain input and retry online; do not show a durable success before server receipt.","No durable command; provider/native-specific replay protection applies.","no"
"AUTH_WELCOME","Welcome to FeedMe","AUTH_WELCOME.05","Try cooking first","screen","","POST /v1/guest-sessions","createGuestSession","HOME","[]","Create an opaque, scoped guest identity. Cooking is enabled; social actions retain a return destination before signup.","public","Validate authentication scope, feature flag, resource ownership/membership, current revision and required field constraints on the server for network operations.","401 expired session → login with safe return; 403/404 unavailable → remove restricted content; 409/412 conflict → refresh and review; 422 invalid → inline correction; 429/503 → bounded retry with input retained.","Retain input and retry online; do not show a durable success before server receipt.","Stable client operation ID for durable command; server idempotency record and transaction receipt. If-Match where versioned.","no"
"AUTH_WELCOME","Welcome to FeedMe","AUTH_WELCOME.06","Terms and privacy","screen","","LOCAL navigate","","LEGAL","[]","Preserve the current draft and open the destination.","public","Validate authentication scope, feature flag, resource ownership/membership, current revision and required field constraints on the server for network operations.","401 expired session → login with safe return; 403/404 unavailable → remove restricted content; 409/412 conflict → refresh and review; 422 invalid → inline correction; 429/503 → bounded retry with input retained.","Available locally; reauthorize any destination data on access.","No durable command; provider/native-specific replay protection applies.","no"
"AUTH_SIGNUP","Create your account","AUTH_SIGNUP.back","Back","back","","LOCAL navigate","","AUTH_WELCOME","[]","Return to previous allowed screen; retain draft/session state. Unsaved destructive exits ask before discarding.","public","Validate authentication scope, feature flag, resource ownership/membership, current revision and required field constraints on the server for network operations.","401 expired session → login with safe return; 403/404 unavailable → remove restricted content; 409/412 conflict → refresh and review; 422 invalid → inline correction; 429/503 → bounded retry with input retained.","Available locally; reauthorize any destination data on access.","No durable command; provider/native-specific replay protection applies.","no"
"AUTH_SIGNUP","Create your account","AUTH_SIGNUP.01","Create account","screen","","EXTERNAL Cognito.signUp","","AUTH_VERIFY","[]","Validate locally, then provider-side. Password never enters FeedMe API/logs. Store only pending verification identity.","public","Validate authentication scope, feature flag, resource ownership/membership, current revision and required field constraints on the server for network operations.","Invalid fields/password policy; throttled; generic existing-account guidance without revealing account state.","Retain input and retry online; do not show a durable success before server receipt.","No durable command; provider/native-specific replay protection applies.","no"
"AUTH_SIGNUP","Create your account","AUTH_SIGNUP.02","Already have an account","screen","","LOCAL navigate","","AUTH_LOGIN","[]","Preserve the current draft and open the destination.","public","Validate authentication scope, feature flag, resource ownership/membership, current revision and required field constraints on the server for network operations.","401 expired session → login with safe return; 403/404 unavailable → remove restricted content; 409/412 conflict → refresh and review; 422 invalid → inline correction; 429/503 → bounded retry with input retained.","Available locally; reauthorize any destination data on access.","No durable command; provider/native-specific replay protection applies.","no"
"AUTH_SIGNUP","Create your account","AUTH_SIGNUP.03","Read terms","screen","","LOCAL navigate","","LEGAL","[]","Preserve the current draft and open the destination.","public","Validate authentication scope, feature flag, resource ownership/membership, current revision and required field constraints on the server for network operations.","401 expired session → login with safe return; 403/404 unavailable → remove restricted content; 409/412 conflict → refresh and review; 422 invalid → inline correction; 429/503 → bounded retry with input retained.","Available locally; reauthorize any destination data on access.","No durable command; provider/native-specific replay protection applies.","no"
"AUTH_LOGIN","Welcome back","AUTH_LOGIN.back","Back","back","","LOCAL navigate","","AUTH_WELCOME","[]","Return to previous allowed screen; retain draft/session state. Unsaved destructive exits ask before discarding.","public","Validate authentication scope, feature flag, resource ownership/membership, current revision and required field constraints on the server for network operations.","401 expired session → login with safe return; 403/404 unavailable → remove restricted content; 409/412 conflict → refresh and review; 422 invalid → inline correction; 429/503 → bounded retry with input retained.","Available locally; reauthorize any destination data on access.","No durable command; provider/native-specific replay protection applies.","no"
"AUTH_LOGIN","Welcome back","AUTH_LOGIN.01","Log in","screen","","EXTERNAL Cognito.signIn","","HOME","[[""PROFILE_SETUP"",""profile incomplete""],[""AUTH_VERIFY"",""email unverified""],[""UNAVAILABLE"",""account suspended""]]","Complete provider authentication, call account bootstrap, and route by onboarding state. Restore an authorized deferred link.","public","Validate authentication scope, feature flag, resource ownership/membership, current revision and required field constraints on the server for network operations.","401 expired session → login with safe return; 403/404 unavailable → remove restricted content; 409/412 conflict → refresh and review; 422 invalid → inline correction; 429/503 → bounded retry with input retained.","Retain input and retry online; do not show a durable success before server receipt.","No durable command; provider/native-specific replay protection applies.","no"
"AUTH_LOGIN","Welcome back","AUTH_LOGIN.02","Forgot password","screen","","LOCAL navigate","","AUTH_RESET","[]","Preserve the current draft and open the destination.","public","Validate authentication scope, feature flag, resource ownership/membership, current revision and required field constraints on the server for network operations.","401 expired session → login with safe return; 403/404 unavailable → remove restricted content; 409/412 conflict → refresh and review; 422 invalid → inline correction; 429/503 → bounded retry with input retained.","Available locally; reauthorize any destination data on access.","No durable command; provider/native-specific replay protection applies.","no"
"AUTH_LOGIN","Welcome back","AUTH_LOGIN.03","Create account","screen","","LOCAL navigate","","AUTH_SIGNUP","[]","Preserve the current draft and open the destination.","public","Validate authentication scope, feature flag, resource ownership/membership, current revision and required field constraints on the server for network operations.","401 expired session → login with safe return; 403/404 unavailable → remove restricted content; 409/412 conflict → refresh and review; 422 invalid → inline correction; 429/503 → bounded retry with input retained.","Available locally; reauthorize any destination data on access.","No durable command; provider/native-specific replay protection applies.","no"
"AUTH_LOGIN","Welcome back","AUTH_LOGIN.04","Continue with Apple","screen","","EXTERNAL OIDC.authorizeApplePKCE","","AUTH_CALLBACK","[]","Launch native browser provider flow.","public","Validate authentication scope, feature flag, resource ownership/membership, current revision and required field constraints on the server for network operations.","401 expired session → login with safe return; 403/404 unavailable → remove restricted content; 409/412 conflict → refresh and review; 422 invalid → inline correction; 429/503 → bounded retry with input retained.","Retain input and retry online; do not show a durable success before server receipt.","No durable command; provider/native-specific replay protection applies.","no"
"AUTH_LOGIN","Welcome back","AUTH_LOGIN.05","Continue with Google","screen","","EXTERNAL OIDC.authorizeGooglePKCE","","AUTH_CALLBACK","[]","Launch native browser provider flow.","public","Validate authentication scope, feature flag, resource ownership/membership, current revision and required field constraints on the server for network operations.","401 expired session → login with safe return; 403/404 unavailable → remove restricted content; 409/412 conflict → refresh and review; 422 invalid → inline correction; 429/503 → bounded retry with input retained.","Retain input and retry online; do not show a durable success before server receipt.","No durable command; provider/native-specific replay protection applies.","no"
"AUTH_VERIFY","Verify email","AUTH_VERIFY.back","Back","back","","LOCAL navigate","","AUTH_SIGNUP","[]","Return to previous allowed screen; retain draft/session state. Unsaved destructive exits ask before discarding.","public","Validate authentication scope, feature flag, resource ownership/membership, current revision and required field constraints on the server for network operations.","401 expired session → login with safe return; 403/404 unavailable → remove restricted content; 409/412 conflict → refresh and review; 422 invalid → inline correction; 429/503 → bounded retry with input retained.","Available locally; reauthorize any destination data on access.","No durable command; provider/native-specific replay protection applies.","no"
"AUTH_VERIFY","Verify email","AUTH_VERIFY.01","Verify email","screen","","EXTERNAL Cognito.confirmSignUp","","PROFILE_SETUP","[]","Verify pending identity; establish session then bootstrap account. Offer explicit guest-data merge if eligible.","public","Validate authentication scope, feature flag, resource ownership/membership, current revision and required field constraints on the server for network operations.","401 expired session → login with safe return; 403/404 unavailable → remove restricted content; 409/412 conflict → refresh and review; 422 invalid → inline correction; 429/503 → bounded retry with input retained.","Retain input and retry online; do not show a durable success before server receipt.","No durable command; provider/native-specific replay protection applies.","no"
"AUTH_VERIFY","Verify email","AUTH_VERIFY.02","Resend code","screen","","EXTERNAL Cognito.resendConfirmationCode","","","[]","Resend only after server cooldown; use a generic response and keep input screen.","public","Validate authentication scope, feature flag, resource ownership/membership, current revision and required field constraints on the server for network operations.","401 expired session → login with safe return; 403/404 unavailable → remove restricted content; 409/412 conflict → refresh and review; 422 invalid → inline correction; 429/503 → bounded retry with input retained.","Retain input and retry online; do not show a durable success before server receipt.","No durable command; provider/native-specific replay protection applies.","no"
"AUTH_VERIFY","Verify email","AUTH_VERIFY.03","Change email","screen","","LOCAL navigate","","AUTH_SIGNUP","[]","Clear pending verification state; do not silently change a verified identity.","public","Validate authentication scope, feature flag, resource ownership/membership, current revision and required field constraints on the server for network operations.","401 expired session → login with safe return; 403/404 unavailable → remove restricted content; 409/412 conflict → refresh and review; 422 invalid → inline correction; 429/503 → bounded retry with input retained.","Available locally; reauthorize any destination data on access.","No durable command; provider/native-specific replay protection applies.","no"
"AUTH_RESET","Reset password","AUTH_RESET.back","Back","back","","LOCAL navigate","","AUTH_LOGIN","[]","Return to previous allowed screen; retain draft/session state. Unsaved destructive exits ask before discarding.","public","Validate authentication scope, feature flag, resource ownership/membership, current revision and required field constraints on the server for network operations.","401 expired session → login with safe return; 403/404 unavailable → remove restricted content; 409/412 conflict → refresh and review; 422 invalid → inline correction; 429/503 → bounded retry with input retained.","Available locally; reauthorize any destination data on access.","No durable command; provider/native-specific replay protection applies.","no"
"AUTH_RESET","Reset password","AUTH_RESET.01","Send reset code","screen","","EXTERNAL Cognito.forgotPassword","","AUTH_RESET_CONFIRM","[]","Request reset without account enumeration. Navigate to the same confirmation UI regardless of lookup result.","public","Validate authentication scope, feature flag, resource ownership/membership, current revision and required field constraints on the server for network operations.","401 expired session → login with safe return; 403/404 unavailable → remove restricted content; 409/412 conflict → refresh and review; 422 invalid → inline correction; 429/503 → bounded retry with input retained.","Retain input and retry online; do not show a durable success before server receipt.","No durable command; provider/native-specific replay protection applies.","no"
"AUTH_RESET","Reset password","AUTH_RESET.02","Back to login","screen","","LOCAL navigate","","AUTH_LOGIN","[]","Preserve the current draft and open the destination.","public","Validate authentication scope, feature flag, resource ownership/membership, current revision and required field constraints on the server for network operations.","401 expired session → login with safe return; 403/404 unavailable → remove restricted content; 409/412 conflict → refresh and review; 422 invalid → inline correction; 429/503 → bounded retry with input retained.","Available locally; reauthorize any destination data on access.","No durable command; provider/native-specific replay protection applies.","no"
"AUTH_RESET_CONFIRM","Choose a new password","AUTH_RESET_CONFIRM.back","Back","back","","LOCAL navigate","","AUTH_RESET","[]","Return to previous allowed screen; retain draft/session state. Unsaved destructive exits ask before discarding.","public","Validate authentication scope, feature flag, resource ownership/membership, current revision and required field constraints on the server for network operations.","401 expired session → login with safe return; 403/404 unavailable → remove restricted content; 409/412 conflict → refresh and review; 422 invalid → inline correction; 429/503 → bounded retry with input retained.","Available locally; reauthorize any destination data on access.","No durable command; provider/native-specific replay protection applies.","no"
"AUTH_RESET_CONFIRM","Choose a new password","AUTH_RESET_CONFIRM.01","Save new password","screen","","EXTERNAL Cognito.confirmForgotPassword","","AUTH_LOGIN","[]","Validate code and password; clear recovery state. Require a fresh login and revoke sessions according to identity policy.","public","Validate authentication scope, feature flag, resource ownership/membership, current revision and required field constraints on the server for network operations.","401 expired session → login with safe return; 403/404 unavailable → remove restricted content; 409/412 conflict → refresh and review; 422 invalid → inline correction; 429/503 → bounded retry with input retained.","Retain input and retry online; do not show a durable success before server receipt.","No durable command; provider/native-specific replay protection applies.","no"
"AUTH_RESET_CONFIRM","Choose a new password","AUTH_RESET_CONFIRM.02","Resend reset code","screen","","EXTERNAL Cognito.forgotPassword","","","[]","Respect cooldown and generic identity response.","public","Validate authentication scope, feature flag, resource ownership/membership, current revision and required field constraints on the server for network operations.","401 expired session → login with safe return; 403/404 unavailable → remove restricted content; 409/412 conflict → refresh and review; 422 invalid → inline correction; 429/503 → bounded retry with input retained.","Retain input and retry online; do not show a durable success before server receipt.","No durable command; provider/native-specific replay protection applies.","no"
"AUTH_CALLBACK","Complete secure sign-in","AUTH_CALLBACK.back","Back","back","","LOCAL navigate","","AUTH_WELCOME","[]","Return to previous allowed screen; retain draft/session state. Unsaved destructive exits ask before discarding.","public","Validate authentication scope, feature flag, resource ownership/membership, current revision and required field constraints on the server for network operations.","401 expired session → login with safe return; 403/404 unavailable → remove restricted content; 409/412 conflict → refresh and review; 422 invalid → inline correction; 429/503 → bounded retry with input retained.","Available locally; reauthorize any destination data on access.","No durable command; provider/native-specific replay protection applies.","no"
"AUTH_CALLBACK","Complete secure sign-in","AUTH_CALLBACK.01","Complete provider callback","screen","","EXTERNAL OIDC.exchangeCodePKCE","","PROFILE_SETUP","[[""HOME"",""existing onboarded user""],[""AUTH_WELCOME"",""cancelled or invalid callback""]]","Validate pending state and exact redirect; exchange the code with the protected PKCE verifier. Then validate returned ID-token issuer, audience and nonce, bootstrap the account and securely save Bootstrap.sessionId for X-Device-Session on member calls.","public","Validate authentication scope, feature flag, resource ownership/membership, current revision and required field constraints on the server for network operations.","401 expired session → login with safe return; 403/404 unavailable → remove restricted content; 409/412 conflict → refresh and review; 422 invalid → inline correction; 429/503 → bounded retry with input retained.","Retain input and retry online; do not show a durable success before server receipt.","No durable command; provider/native-specific replay protection applies.","no"
"AUTH_CALLBACK","Complete secure sign-in","AUTH_CALLBACK.02","Cancel sign-in","screen","","LOCAL navigate","","AUTH_WELCOME","[]","Discard pending state/verifier; leave guest session intact.","public","Validate authentication scope, feature flag, resource ownership/membership, current revision and required field constraints on the server for network operations.","401 expired session → login with safe return; 403/404 unavailable → remove restricted content; 409/412 conflict → refresh and review; 422 invalid → inline correction; 429/503 → bounded retry with input retained.","Available locally; reauthorize any destination data on access.","No durable command; provider/native-specific replay protection applies.","no"
"LEGAL","Terms and privacy","LEGAL.back","Back","back","","LOCAL navigate","","AUTH_WELCOME","[]","Return to previous allowed screen; retain draft/session state. Unsaved destructive exits ask before discarding.","public","Validate authentication scope, feature flag, resource ownership/membership, current revision and required field constraints on the server for network operations.","401 expired session → login with safe return; 403/404 unavailable → remove restricted content; 409/412 conflict → refresh and review; 422 invalid → inline correction; 429/503 → bounded retry with input retained.","Available locally; reauthorize any destination data on access.","No durable command; provider/native-specific replay protection applies.","no"
"LEGAL","Terms and privacy","LEGAL.01","Open selected document","screen","","LOCAL update","","","[]","Load the published legal document version in an accessible native web view. External links require explicit user action.","public","Validate authentication scope, feature flag, resource ownership/membership, current revision and required field constraints on the server for network operations.","401 expired session → login with safe return; 403/404 unavailable → remove restricted content; 409/412 conflict → refresh and review; 422 invalid → inline correction; 429/503 → bounded retry with input retained.","Available locally; reauthorize any destination data on access.","No durable command; provider/native-specific replay protection applies.","no"
"LEGAL","Terms and privacy","LEGAL.02","Copy document link","screen","","LOCAL update","","","[]","Copy a public legal document URL without identity or session data.","public","Validate authentication scope, feature flag, resource ownership/membership, current revision and required field constraints on the server for network operations.","401 expired session → login with safe return; 403/404 unavailable → remove restricted content; 409/412 conflict → refresh and review; 422 invalid → inline correction; 429/503 → bounded retry with input retained.","Available locally; reauthorize any destination data on access.","No durable command; provider/native-specific replay protection applies.","no"
"PROFILE_SETUP","Set up your profile","PROFILE_SETUP.back","Back","back","","LOCAL navigate","","AUTH_WELCOME","[]","Return to previous allowed screen; retain draft/session state. Unsaved destructive exits ask before discarding.","member","Validate authentication scope, feature flag, resource ownership/membership, current revision and required field constraints on the server for network operations.","401 expired session → login with safe return; 403/404 unavailable → remove restricted content; 409/412 conflict → refresh and review; 422 invalid → inline correction; 429/503 → bounded retry with input retained.","Available locally; reauthorize any destination data on access.","No durable command; provider/native-specific replay protection applies.","no"
"PROFILE_SETUP","Set up your profile","PROFILE_SETUP.01","Continue","screen","","PATCH /v1/me","updateMe","FOOD_PREFS","[[""SETTINGS"",""existing profile edit""],[""FOOD_PREFS"",""first setup""]]","Reserve normalized handle, save profile and onboarding checkpoint; execute separately consented idempotent guest merge.","member","Validate authentication scope, feature flag, resource ownership/membership, current revision and required field constraints on the server for network operations.","401 expired session → login with safe return; 403/404 unavailable → remove restricted content; 409/412 conflict → refresh and review; 422 invalid → inline correction; 429/503 → bounded retry with input retained.","Retain input and retry online; do not show a durable success before server receipt.","Stable client operation ID for durable command; server idempotency record and transaction receipt. If-Match where versioned.","no"
"PROFILE_SETUP","Set up your profile","PROFILE_SETUP.02","Set preferences later","screen","","LOCAL navigate","","HOME","[]","Mark optional onboarding skipped; user can return via Settings.","member","Validate authentication scope, feature flag, resource ownership/membership, current revision and required field constraints on the server for network operations.","401 expired session → login with safe return; 403/404 unavailable → remove restricted content; 409/412 conflict → refresh and review; 422 invalid → inline correction; 429/503 → bounded retry with input retained.","Available locally; reauthorize any destination data on access.","No durable command; provider/native-specific replay protection applies.","no"
"FOOD_PREFS","Food preferences","FOOD_PREFS.back","Back","back","","LOCAL navigate","","SETTINGS","[]","Return to previous allowed screen; retain draft/session state. Unsaved destructive exits ask before discarding.","guest-or-member","Validate authentication scope, feature flag, resource ownership/membership, current revision and required field constraints on the server for network operations.","401 expired session → login with safe return; 403/404 unavailable → remove restricted content; 409/412 conflict → refresh and review; 422 invalid → inline correction; 429/503 → bounded retry with input retained.","Available locally; reauthorize any destination data on access.","No durable command; provider/native-specific replay protection applies.","no"
"FOOD_PREFS","Food preferences","FOOD_PREFS.01","Save preferences","screen","","PATCH /v1/preferences","updatePreferences","EQUIPMENT","[[""SETTINGS"",""editing outside onboarding""],[""EQUIPMENT"",""first setup""]]","Persist structured IDs with preference revision. Invalidate stale plans and ask before replacing a currently cooking plan.","guest-or-member","Validate authentication scope, feature flag, resource ownership/membership, current revision and required field constraints on the server for network operations.","401 expired session → login with safe return; 403/404 unavailable → remove restricted content; 409/412 conflict → refresh and review; 422 invalid → inline correction; 429/503 → bounded retry with input retained.","Retain input and retry online; do not show a durable success before server receipt.","Stable client operation ID for durable command; server idempotency record and transaction receipt. If-Match where versioned.","no"
"FOOD_PREFS","Food preferences","FOOD_PREFS.02","Skip for now","screen","","LOCAL navigate","","HOME","[]","Preserve the current draft and open the destination.","guest-or-member","Validate authentication scope, feature flag, resource ownership/membership, current revision and required field constraints on the server for network operations.","401 expired session → login with safe return; 403/404 unavailable → remove restricted content; 409/412 conflict → refresh and review; 422 invalid → inline correction; 429/503 → bounded retry with input retained.","Available locally; reauthorize any destination data on access.","No durable command; provider/native-specific replay protection applies.","no"
"FOOD_PREFS","Food preferences","FOOD_PREFS.nav0","Today","navigation","","LOCAL navigate","","TODAY","[]","Preserve the current draft and open the destination.","guest-or-member","Validate authentication scope, feature flag, resource ownership/membership, current revision and required field constraints on the server for network operations.","401 expired session → login with safe return; 403/404 unavailable → remove restricted content; 409/412 conflict → refresh and review; 422 invalid → inline correction; 429/503 → bounded retry with input retained.","Available locally; reauthorize any destination data on access.","No durable command; provider/native-specific replay protection applies.","no"
"FOOD_PREFS","Food preferences","FOOD_PREFS.nav1","Cook","navigation","","LOCAL navigate","","HOME","[]","Preserve the current draft and open the destination.","guest-or-member","Validate authentication scope, feature flag, resource ownership/membership, current revision and required field constraints on the server for network operations.","401 expired session → login with safe return; 403/404 unavailable → remove restricted content; 409/412 conflict → refresh and review; 422 invalid → inline correction; 429/503 → bounded retry with input retained.","Available locally; reauthorize any destination data on access.","No durable command; provider/native-specific replay protection applies.","no"
"FOOD_PREFS","Food preferences","FOOD_PREFS.nav2","Cookbook","navigation","","LOCAL navigate","","COOKBOOK","[]","Preserve the current draft and open the destination.","guest-or-member","Validate authentication scope, feature flag, resource ownership/membership, current revision and required field constraints on the server for network operations.","401 expired session → login with safe return; 403/404 unavailable → remove restricted content; 409/412 conflict → refresh and review; 422 invalid → inline correction; 429/503 → bounded retry with input retained.","Available locally; reauthorize any destination data on access.","No durable command; provider/native-specific replay protection applies.","no"
"FOOD_PREFS","Food preferences","FOOD_PREFS.nav3","Inbox","navigation","","LOCAL navigate","","INBOX","[]","Preserve the current draft and open the destination.","guest-or-member","Validate authentication scope, feature flag, resource ownership/membership, current revision and required field constraints on the server for network operations.","401 expired session → login with safe return; 403/404 unavailable → remove restricted content; 409/412 conflict → refresh and review; 422 invalid → inline correction; 429/503 → bounded retry with input retained.","Available locally; reauthorize any destination data on access.","No durable command; provider/native-specific replay protection applies.","no"
"FOOD_PREFS","Food preferences","FOOD_PREFS.nav4","My Plate","navigation","","LOCAL navigate","","PROFILE_PLATE","[]","Preserve the current draft and open the destination.","guest-or-member","Validate authentication scope, feature flag, resource ownership/membership, current revision and required field constraints on the server for network operations.","401 expired session → login with safe return; 403/404 unavailable → remove restricted content; 409/412 conflict → refresh and review; 422 invalid → inline correction; 429/503 → bounded retry with input retained.","Available locally; reauthorize any destination data on access.","No durable command; provider/native-specific replay protection applies.","no"
"EQUIPMENT","Your kitchen setup","EQUIPMENT.back","Back","back","","LOCAL navigate","","FOOD_PREFS","[]","Return to previous allowed screen; retain draft/session state. Unsaved destructive exits ask before discarding.","guest-or-member","Validate authentication scope, feature flag, resource ownership/membership, current revision and required field constraints on the server for network operations.","401 expired session → login with safe return; 403/404 unavailable → remove restricted content; 409/412 conflict → refresh and review; 422 invalid → inline correction; 429/503 → bounded retry with input retained.","Available locally; reauthorize any destination data on access.","No durable command; provider/native-specific replay protection applies.","no"
"EQUIPMENT","Your kitchen setup","EQUIPMENT.01","Save kitchen setup","screen","","PATCH /v1/preferences","updatePreferences","HOME","[[""SETTINGS"",""editing outside onboarding""],[""HOME"",""first setup""]]","Update equipment and serving defaults; complete optional onboarding.","guest-or-member","Validate authentication scope, feature flag, resource ownership/membership, current revision and required field constraints on the server for network operations.","401 expired session → login with safe return; 403/404 unavailable → remove restricted content; 409/412 conflict → refresh and review; 422 invalid → inline correction; 429/503 → bounded retry with input retained.","Retain input and retry online; do not show a durable success before server receipt.","Stable client operation ID for durable command; server idempotency record and transaction receipt. If-Match where versioned.","no"
"EQUIPMENT","Your kitchen setup","EQUIPMENT.02","Finish without defaults","screen","","LOCAL navigate","","HOME","[]","Preserve the current draft and open the destination.","guest-or-member","Validate authentication scope, feature flag, resource ownership/membership, current revision and required field constraints on the server for network operations.","401 expired session → login with safe return; 403/404 unavailable → remove restricted content; 409/412 conflict → refresh and review; 422 invalid → inline correction; 429/503 → bounded retry with input retained.","Available locally; reauthorize any destination data on access.","No durable command; provider/native-specific replay protection applies.","no"
"EQUIPMENT","Your kitchen setup","EQUIPMENT.nav0","Today","navigation","","LOCAL navigate","","TODAY","[]","Preserve the current draft and open the destination.","guest-or-member","Validate authentication scope, feature flag, resource ownership/membership, current revision and required field constraints on the server for network operations.","401 expired session → login with safe return; 403/404 unavailable → remove restricted content; 409/412 conflict → refresh and review; 422 invalid → inline correction; 429/503 → bounded retry with input retained.","Available locally; reauthorize any destination data on access.","No durable command; provider/native-specific replay protection applies.","no"
"EQUIPMENT","Your kitchen setup","EQUIPMENT.nav1","Cook","navigation","","LOCAL navigate","","HOME","[]","Preserve the current draft and open the destination.","guest-or-member","Validate authentication scope, feature flag, resource ownership/membership, current revision and required field constraints on the server for network operations.","401 expired session → login with safe return; 403/404 unavailable → remove restricted content; 409/412 conflict → refresh and review; 422 invalid → inline correction; 429/503 → bounded retry with input retained.","Available locally; reauthorize any destination data on access.","No durable command; provider/native-specific replay protection applies.","no"
"EQUIPMENT","Your kitchen setup","EQUIPMENT.nav2","Cookbook","navigation","","LOCAL navigate","","COOKBOOK","[]","Preserve the current draft and open the destination.","guest-or-member","Validate authentication scope, feature flag, resource ownership/membership, current revision and required field constraints on the server for network operations.","401 expired session → login with safe return; 403/404 unavailable → remove restricted content; 409/412 conflict → refresh and review; 422 invalid → inline correction; 429/503 → bounded retry with input retained.","Available locally; reauthorize any destination data on access.","No durable command; provider/native-specific replay protection applies.","no"
"EQUIPMENT","Your kitchen setup","EQUIPMENT.nav3","Inbox","navigation","","LOCAL navigate","","INBOX","[]","Preserve the current draft and open the destination.","guest-or-member","Validate authentication scope, feature flag, resource ownership/membership, current revision and required field constraints on the server for network operations.","401 expired session → login with safe return; 403/404 unavailable → remove restricted content; 409/412 conflict → refresh and review; 422 invalid → inline correction; 429/503 → bounded retry with input retained.","Available locally; reauthorize any destination data on access.","No durable command; provider/native-specific replay protection applies.","no"
"EQUIPMENT","Your kitchen setup","EQUIPMENT.nav4","My Plate","navigation","","LOCAL navigate","","PROFILE_PLATE","[]","Preserve the current draft and open the destination.","guest-or-member","Validate authentication scope, feature flag, resource ownership/membership, current revision and required field constraints on the server for network operations.","401 expired session → login with safe return; 403/404 unavailable → remove restricted content; 409/412 conflict → refresh and review; 422 invalid → inline correction; 429/503 → bounded retry with input retained.","Available locally; reauthorize any destination data on access.","No durable command; provider/native-specific replay protection applies.","no"
"NOTIFICATION_PERMISSION","Stay in the loop","NOTIFICATION_PERMISSION.back","Back","back","","LOCAL navigate","","NOTIFICATIONS","[]","Return to previous allowed screen; retain draft/session state. Unsaved destructive exits ask before discarding.","member","Validate authentication scope, feature flag, resource ownership/membership, current revision and required field constraints on the server for network operations.","401 expired session → login with safe return; 403/404 unavailable → remove restricted content; 409/412 conflict → refresh and review; 422 invalid → inline correction; 429/503 → bounded retry with input retained.","Available locally; reauthorize any destination data on access.","No durable command; provider/native-specific replay protection applies.","no"
"NOTIFICATION_PERMISSION","Stay in the loop","NOTIFICATION_PERMISSION.01","Enable notifications","screen","","EXTERNAL OS.requestPushPermission","","NOTIFICATIONS","[]","Request OS permission once in context; register device token only after permission result and verified user.","member","Validate authentication scope, feature flag, resource ownership/membership, current revision and required field constraints on the server for network operations.","401 expired session → login with safe return; 403/404 unavailable → remove restricted content; 409/412 conflict → refresh and review; 422 invalid → inline correction; 429/503 → bounded retry with input retained.","Retain input and retry online; do not show a durable success before server receipt.","No durable command; provider/native-specific replay protection applies.","no"
"NOTIFICATION_PERMISSION","Stay in the loop","NOTIFICATION_PERMISSION.02","Maybe later","screen","","LOCAL navigate","","HOME","[]","Keep in-app notifications usable. Do not repeatedly trigger the OS prompt.","member","Validate authentication scope, feature flag, resource ownership/membership, current revision and required field constraints on the server for network operations.","401 expired session → login with safe return; 403/404 unavailable → remove restricted content; 409/412 conflict → refresh and review; 422 invalid → inline correction; 429/503 → bounded retry with input retained.","Available locally; reauthorize any destination data on access.","No durable command; provider/native-specific replay protection applies.","no"
"NOTIFICATION_PERMISSION","Stay in the loop","NOTIFICATION_PERMISSION.03","Open device settings","screen","","EXTERNAL OS.openAppSettings","","","[]","Open native app notification settings when OS permission is already denied.","member","Validate authentication scope, feature flag, resource ownership/membership, current revision and required field constraints on the server for network operations.","401 expired session → login with safe return; 403/404 unavailable → remove restricted content; 409/412 conflict → refresh and review; 422 invalid → inline correction; 429/503 → bounded retry with input retained.","Retain input and retry online; do not show a durable success before server receipt.","No durable command; provider/native-specific replay protection applies.","no"
"NOTIFICATION_PERMISSION","Stay in the loop","NOTIFICATION_PERMISSION.nav0","Today","navigation","","LOCAL navigate","","TODAY","[]","Preserve the current draft and open the destination.","member","Validate authentication scope, feature flag, resource ownership/membership, current revision and required field constraints on the server for network operations.","401 expired session → login with safe return; 403/404 unavailable → remove restricted content; 409/412 conflict → refresh and review; 422 invalid → inline correction; 429/503 → bounded retry with input retained.","Available locally; reauthorize any destination data on access.","No durable command; provider/native-specific replay protection applies.","no"
"NOTIFICATION_PERMISSION","Stay in the loop","NOTIFICATION_PERMISSION.nav1","Cook","navigation","","LOCAL navigate","","HOME","[]","Preserve the current draft and open the destination.","member","Validate authentication scope, feature flag, resource ownership/membership, current revision and required field constraints on the server for network operations.","401 expired session → login with safe return; 403/404 unavailable → remove restricted content; 409/412 conflict → refresh and review; 422 invalid → inline correction; 429/503 → bounded retry with input retained.","Available locally; reauthorize any destination data on access.","No durable command; provider/native-specific replay protection applies.","no"
"NOTIFICATION_PERMISSION","Stay in the loop","NOTIFICATION_PERMISSION.nav2","Cookbook","navigation","","LOCAL navigate","","COOKBOOK","[]","Preserve the current draft and open the destination.","member","Validate authentication scope, feature flag, resource ownership/membership, current revision and required field constraints on the server for network operations.","401 expired session → login with safe return; 403/404 unavailable → remove restricted content; 409/412 conflict → refresh and review; 422 invalid → inline correction; 429/503 → bounded retry with input retained.","Available locally; reauthorize any destination data on access.","No durable command; provider/native-specific replay protection applies.","no"
"NOTIFICATION_PERMISSION","Stay in the loop","NOTIFICATION_PERMISSION.nav3","Inbox","navigation","","LOCAL navigate","","INBOX","[]","Preserve the current draft and open the destination.","member","Validate authentication scope, feature flag, resource ownership/membership, current revision and required field constraints on the server for network operations.","401 expired session → login with safe return; 403/404 unavailable → remove restricted content; 409/412 conflict → refresh and review; 422 invalid → inline correction; 429/503 → bounded retry with input retained.","Available locally; reauthorize any destination data on access.","No durable command; provider/native-specific replay protection applies.","no"
"NOTIFICATION_PERMISSION","Stay in the loop","NOTIFICATION_PERMISSION.nav4","My Plate","navigation","","LOCAL navigate","","PROFILE_PLATE","[]","Preserve the current draft and open the destination.","member","Validate authentication scope, feature flag, resource ownership/membership, current revision and required field constraints on the server for network operations.","401 expired session → login with safe return; 403/404 unavailable → remove restricted content; 409/412 conflict → refresh and review; 422 invalid → inline correction; 429/503 → bounded retry with input retained.","Available locally; reauthorize any destination data on access.","No durable command; provider/native-specific replay protection applies.","no"
"INVITE_ACCEPT","Join a kitchen circle","INVITE_ACCEPT.back","Back","back","","LOCAL navigate","","HOME","[]","Return to previous allowed screen; retain draft/session state. Unsaved destructive exits ask before discarding.","member","Validate authentication scope, feature flag, resource ownership/membership, current revision and required field constraints on the server for network operations.","401 expired session → login with safe return; 403/404 unavailable → remove restricted content; 409/412 conflict → refresh and review; 422 invalid → inline correction; 429/503 → bounded retry with input retained.","Available locally; reauthorize any destination data on access.","No durable command; provider/native-specific replay protection applies.","no"
"INVITE_ACCEPT","Join a kitchen circle","INVITE_ACCEPT.01","Accept invitation","screen","","POST /v1/invitations/accept","acceptInvitation","CIRCLE","[[""AUTH_WELCOME"",""guest; preserve invite return""],[""UNAVAILABLE"",""expired/revoked/full""]]","Atomically validate token expiry, account, block rules and membership cap; consume single-use invite if applicable.","member","Validate authentication scope, feature flag, resource ownership/membership, current revision and required field constraints on the server for network operations.","401 expired session → login with safe return; 403/404 unavailable → remove restricted content; 409/412 conflict → refresh and review; 422 invalid → inline correction; 429/503 → bounded retry with input retained.","Retain input and retry online; do not show a durable success before server receipt.","Stable client operation ID for durable command; server idempotency record and transaction receipt. If-Match where versioned.","no"
"INVITE_ACCEPT","Join a kitchen circle","INVITE_ACCEPT.02","Decline","screen","","LOCAL navigate","","HOME","[]","Discard local invite context; do not notify sender by default.","member","Validate authentication scope, feature flag, resource ownership/membership, current revision and required field constraints on the server for network operations.","401 expired session → login with safe return; 403/404 unavailable → remove restricted content; 409/412 conflict → refresh and review; 422 invalid → inline correction; 429/503 → bounded retry with input retained.","Available locally; reauthorize any destination data on access.","No durable command; provider/native-specific replay protection applies.","no"
"HOME","What can we make easy?","HOME.01","Help me make something","screen","","LOCAL navigate","","REQUEST","[]","Preserve the current draft and open the destination.","guest-or-member","Validate authentication scope, feature flag, resource ownership/membership, current revision and required field constraints on the server for network operations.","401 expired session → login with safe return; 403/404 unavailable → remove restricted content; 409/412 conflict → refresh and review; 422 invalid → inline correction; 429/503 → bounded retry with input retained.","Available locally; reauthorize any destination data on access.","No durable command; provider/native-specific replay protection applies.","no"
"HOME","What can we make easy?","HOME.02","Use what I have","screen","","LOCAL navigate","","PANTRY","[]","Preserve the current draft and open the destination.","guest-or-member","Validate authentication scope, feature flag, resource ownership/membership, current revision and required field constraints on the server for network operations.","401 expired session → login with safe return; 403/404 unavailable → remove restricted content; 409/412 conflict → refresh and review; 422 invalid → inline correction; 429/503 → bounded retry with input retained.","Available locally; reauthorize any destination data on access.","No durable command; provider/native-specific replay protection applies.","no"
"HOME","What can we make easy?","HOME.03","Improve my meal","screen","","LOCAL navigate","","REQUEST","[]","Preselect addition mode; preserve existing ingredient and effort defaults.","guest-or-member","Validate authentication scope, feature flag, resource ownership/membership, current revision and required field constraints on the server for network operations.","401 expired session → login with safe return; 403/404 unavailable → remove restricted content; 409/412 conflict → refresh and review; 422 invalid → inline correction; 429/503 → bounded retry with input retained.","Available locally; reauthorize any destination data on access.","No durable command; provider/native-specific replay protection applies.","no"
"HOME","What can we make easy?","HOME.04","See today’s plates","screen","","LOCAL navigate","","TODAY","[]","Preserve the current draft and open the destination.","guest-or-member","Validate authentication scope, feature flag, resource ownership/membership, current revision and required field constraints on the server for network operations.","401 expired session → login with safe return; 403/404 unavailable → remove restricted content; 409/412 conflict → refresh and review; 422 invalid → inline correction; 429/503 → bounded retry with input retained.","Available locally; reauthorize any destination data on access.","No durable command; provider/native-specific replay protection applies.","no"
"HOME","What can we make easy?","HOME.05","My reliable meals","screen","","LOCAL navigate","","COOKBOOK","[]","Preserve the current draft and open the destination.","guest-or-member","Validate authentication scope, feature flag, resource ownership/membership, current revision and required field constraints on the server for network operations.","401 expired session → login with safe return; 403/404 unavailable → remove restricted content; 409/412 conflict → refresh and review; 422 invalid → inline correction; 429/503 → bounded retry with input retained.","Available locally; reauthorize any destination data on access.","No durable command; provider/native-specific replay protection applies.","no"
"HOME","What can we make easy?","HOME.06","Fridge SOS","screen","","LOCAL navigate","","SOS_CREATE","[]","Open optional P2 feature only when flag and user eligibility allow it.","guest-or-member","Validate authentication scope, feature flag, resource ownership/membership, current revision and required field constraints on the server for network operations.","401 expired session → login with safe return; 403/404 unavailable → remove restricted content; 409/412 conflict → refresh and review; 422 invalid → inline correction; 429/503 → bounded retry with input retained.","Available locally; reauthorize any destination data on access.","No durable command; provider/native-specific replay protection applies.","no"
"HOME","What can we make easy?","HOME.07","Resume my cooking session","screen","","LOCAL navigate","","COOK","[]","Resolve the pinned session. Online, check current recall status; offline, show last sync and unknown-current-recall limitation and never promise a valid safety lease. Show queued progress.","guest-or-member","Validate authentication scope, feature flag, resource ownership/membership, current revision and required field constraints on the server for network operations.","401 expired session → login with safe return; 403/404 unavailable → remove restricted content; 409/412 conflict → refresh and review; 422 invalid → inline correction; 429/503 → bounded retry with input retained.","Available locally; reauthorize any destination data on access.","No durable command; provider/native-specific replay protection applies.","no"
"HOME","What can we make easy?","HOME.08","Connection and saved access","screen","offline banner only","LOCAL navigate","","OFFLINE","[]","Open the offline banner to inspect locally cached private meals and retry connection; preserve the active draft.","guest-or-member","Validate authentication scope, feature flag, resource ownership/membership, current revision and required field constraints on the server for network operations.","401 expired session → login with safe return; 403/404 unavailable → remove restricted content; 409/412 conflict → refresh and review; 422 invalid → inline correction; 429/503 → bounded retry with input retained.","Available locally; reauthorize any destination data on access.","No durable command; provider/native-specific replay protection applies.","no"
"HOME","What can we make easy?","HOME.nav0","Today","navigation","","LOCAL navigate","","TODAY","[]","Preserve the current draft and open the destination.","guest-or-member","Validate authentication scope, feature flag, resource ownership/membership, current revision and required field constraints on the server for network operations.","401 expired session → login with safe return; 403/404 unavailable → remove restricted content; 409/412 conflict → refresh and review; 422 invalid → inline correction; 429/503 → bounded retry with input retained.","Available locally; reauthorize any destination data on access.","No durable command; provider/native-specific replay protection applies.","no"
"HOME","What can we make easy?","HOME.nav1","Cook","navigation","","LOCAL navigate","","HOME","[]","Preserve the current draft and open the destination.","guest-or-member","Validate authentication scope, feature flag, resource ownership/membership, current revision and required field constraints on the server for network operations.","401 expired session → login with safe return; 403/404 unavailable → remove restricted content; 409/412 conflict → refresh and review; 422 invalid → inline correction; 429/503 → bounded retry with input retained.","Available locally; reauthorize any destination data on access.","No durable command; provider/native-specific replay protection applies.","no"
"HOME","What can we make easy?","HOME.nav2","Cookbook","navigation","","LOCAL navigate","","COOKBOOK","[]","Preserve the current draft and open the destination.","guest-or-member","Validate authentication scope, feature flag, resource ownership/membership, current revision and required field constraints on the server for network operations.","401 expired session → login with safe return; 403/404 unavailable → remove restricted content; 409/412 conflict → refresh and review; 422 invalid → inline correction; 429/503 → bounded retry with input retained.","Available locally; reauthorize any destination data on access.","No durable command; provider/native-specific replay protection applies.","no"
"HOME","What can we make easy?","HOME.nav3","Inbox","navigation","","LOCAL navigate","","INBOX","[]","Preserve the current draft and open the destination.","guest-or-member","Validate authentication scope, feature flag, resource ownership/membership, current revision and required field constraints on the server for network operations.","401 expired session → login with safe return; 403/404 unavailable → remove restricted content; 409/412 conflict → refresh and review; 422 invalid → inline correction; 429/503 → bounded retry with input retained.","Available locally; reauthorize any destination data on access.","No durable command; provider/native-specific replay protection applies.","no"
"HOME","What can we make easy?","HOME.nav4","My Plate","navigation","","LOCAL navigate","","PROFILE_PLATE","[]","Preserve the current draft and open the destination.","guest-or-member","Validate authentication scope, feature flag, resource ownership/membership, current revision and required field constraints on the server for network operations.","401 expired session → login with safe return; 403/404 unavailable → remove restricted content; 409/412 conflict → refresh and review; 422 invalid → inline correction; 429/503 → bounded retry with input retained.","Available locally; reauthorize any destination data on access.","No durable command; provider/native-specific replay protection applies.","no"
"REQUEST","Tell us what you have","REQUEST.back","Back","back","","LOCAL navigate","","HOME","[]","Return to previous allowed screen; retain draft/session state. Unsaved destructive exits ask before discarding.","guest-or-member","Validate authentication scope, feature flag, resource ownership/membership, current revision and required field constraints on the server for network operations.","401 expired session → login with safe return; 403/404 unavailable → remove restricted content; 409/412 conflict → refresh and review; 422 invalid → inline correction; 429/503 → bounded retry with input retained.","Available locally; reauthorize any destination data on access.","No durable command; provider/native-specific replay protection applies.","no"
"REQUEST","Tell us what you have","REQUEST.01","Check ingredients","screen","","LOCAL navigate","","PANTRY","[]","Parse draft into candidate ingredient IDs for user confirmation; unknown terms remain unresolved.","guest-or-member","Validate authentication scope, feature flag, resource ownership/membership, current revision and required field constraints on the server for network operations.","401 expired session → login with safe return; 403/404 unavailable → remove restricted content; 409/412 conflict → refresh and review; 422 invalid → inline correction; 429/503 → bounded retry with input retained.","Available locally; reauthorize any destination data on access.","No durable command; provider/native-specific replay protection applies.","no"
"REQUEST","Tell us what you have","REQUEST.02","Set time and effort","screen","","LOCAL navigate","","EFFORT","[]","Preserve the current draft and open the destination.","guest-or-member","Validate authentication scope, feature flag, resource ownership/membership, current revision and required field constraints on the server for network operations.","401 expired session → login with safe return; 403/404 unavailable → remove restricted content; 409/412 conflict → refresh and review; 422 invalid → inline correction; 429/503 → bounded retry with input retained.","Available locally; reauthorize any destination data on access.","No durable command; provider/native-specific replay protection applies.","no"
"REQUEST","Tell us what you have","REQUEST.03","Find a meal","screen","","POST /v1/plans","createPlan","RECOMMENDATIONS","[[""PANTRY"",""unknown ingredients need confirmation""],[""EFFORT"",""incompatible/unclear budget""],[""UNAVAILABLE"",""no supported match""]]","Interpret text server-side into a strict constraint schema, confirm ambiguity, filter reviewed revisions then rank. Save an immutable plan receipt.","guest-or-member","Validate authentication scope, feature flag, resource ownership/membership, current revision and required field constraints on the server for network operations.","401 expired session → login with safe return; 403/404 unavailable → remove restricted content; 409/412 conflict → refresh and review; 422 invalid → inline correction; 429/503 → bounded retry with input retained.","Retain input and retry online; do not show a durable success before server receipt.","Stable client operation ID for durable command; server idempotency record and transaction receipt. If-Match where versioned.","no"
"REQUEST","Tell us what you have","REQUEST.04","Choose a taste","screen","","LOCAL navigate","","TASTE","[]","Preserve the current draft and open the destination.","guest-or-member","Validate authentication scope, feature flag, resource ownership/membership, current revision and required field constraints on the server for network operations.","401 expired session → login with safe return; 403/404 unavailable → remove restricted content; 409/412 conflict → refresh and review; 422 invalid → inline correction; 429/503 → bounded retry with input retained.","Available locally; reauthorize any destination data on access.","No durable command; provider/native-specific replay protection applies.","no"
"REQUEST","Tell us what you have","REQUEST.nav0","Today","navigation","","LOCAL navigate","","TODAY","[]","Preserve the current draft and open the destination.","guest-or-member","Validate authentication scope, feature flag, resource ownership/membership, current revision and required field constraints on the server for network operations.","401 expired session → login with safe return; 403/404 unavailable → remove restricted content; 409/412 conflict → refresh and review; 422 invalid → inline correction; 429/503 → bounded retry with input retained.","Available locally; reauthorize any destination data on access.","No durable command; provider/native-specific replay protection applies.","no"
"REQUEST","Tell us what you have","REQUEST.nav1","Cook","navigation","","LOCAL navigate","","HOME","[]","Preserve the current draft and open the destination.","guest-or-member","Validate authentication scope, feature flag, resource ownership/membership, current revision and required field constraints on the server for network operations.","401 expired session → login with safe return; 403/404 unavailable → remove restricted content; 409/412 conflict → refresh and review; 422 invalid → inline correction; 429/503 → bounded retry with input retained.","Available locally; reauthorize any destination data on access.","No durable command; provider/native-specific replay protection applies.","no"
"REQUEST","Tell us what you have","REQUEST.nav2","Cookbook","navigation","","LOCAL navigate","","COOKBOOK","[]","Preserve the current draft and open the destination.","guest-or-member","Validate authentication scope, feature flag, resource ownership/membership, current revision and required field constraints on the server for network operations.","401 expired session → login with safe return; 403/404 unavailable → remove restricted content; 409/412 conflict → refresh and review; 422 invalid → inline correction; 429/503 → bounded retry with input retained.","Available locally; reauthorize any destination data on access.","No durable command; provider/native-specific replay protection applies.","no"
"REQUEST","Tell us what you have","REQUEST.nav3","Inbox","navigation","","LOCAL navigate","","INBOX","[]","Preserve the current draft and open the destination.","guest-or-member","Validate authentication scope, feature flag, resource ownership/membership, current revision and required field constraints on the server for network operations.","401 expired session → login with safe return; 403/404 unavailable → remove restricted content; 409/412 conflict → refresh and review; 422 invalid → inline correction; 429/503 → bounded retry with input retained.","Available locally; reauthorize any destination data on access.","No durable command; provider/native-specific replay protection applies.","no"
"REQUEST","Tell us what you have","REQUEST.nav4","My Plate","navigation","","LOCAL navigate","","PROFILE_PLATE","[]","Preserve the current draft and open the destination.","guest-or-member","Validate authentication scope, feature flag, resource ownership/membership, current revision and required field constraints on the server for network operations.","401 expired session → login with safe return; 403/404 unavailable → remove restricted content; 409/412 conflict → refresh and review; 422 invalid → inline correction; 429/503 → bounded retry with input retained.","Available locally; reauthorize any destination data on access.","No durable command; provider/native-specific replay protection applies.","no"
"PANTRY","What’s available?","PANTRY.back","Back","back","","LOCAL navigate","","REQUEST","[]","Return to previous allowed screen; retain draft/session state. Unsaved destructive exits ask before discarding.","guest-or-member","Validate authentication scope, feature flag, resource ownership/membership, current revision and required field constraints on the server for network operations.","401 expired session → login with safe return; 403/404 unavailable → remove restricted content; 409/412 conflict → refresh and review; 422 invalid → inline correction; 429/503 → bounded retry with input retained.","Available locally; reauthorize any destination data on access.","No durable command; provider/native-specific replay protection applies.","no"
"PANTRY","What’s available?","PANTRY.01","Add or update ingredient","screen","","POST /v1/pantry/items","upsertPantryItem","","[]","Resolve canonical ingredient, upsert owner-scoped availability with confirmation time and revision.","guest-or-member","Validate authentication scope, feature flag, resource ownership/membership, current revision and required field constraints on the server for network operations.","401 expired session → login with safe return; 403/404 unavailable → remove restricted content; 409/412 conflict → refresh and review; 422 invalid → inline correction; 429/503 → bounded retry with input retained.","Retain input and retry online; do not show a durable success before server receipt.","Stable client operation ID for durable command; server idempotency record and transaction receipt. If-Match where versioned.","no"
"PANTRY","What’s available?","PANTRY.02","Remove selected ingredient","screen","","DELETE /v1/pantry/items/{ingredientId}","removePantryItem","","[]","Delete only selected item; invalidate dependent draft availability, not the underlying recipe.","guest-or-member","Validate authentication scope, feature flag, resource ownership/membership, current revision and required field constraints on the server for network operations.","401 expired session → login with safe return; 403/404 unavailable → remove restricted content; 409/412 conflict → refresh and review; 422 invalid → inline correction; 429/503 → bounded retry with input retained.","Retain input and retry online; do not show a durable success before server receipt.","Stable client operation ID for durable command; server idempotency record and transaction receipt. If-Match where versioned.","no"
"PANTRY","What’s available?","PANTRY.03","Use these ingredients","screen","","LOCAL navigate","","REQUEST","[]","Copy confirmed snapshot and uncertain IDs into the pending request; do not change meal modes.","guest-or-member","Validate authentication scope, feature flag, resource ownership/membership, current revision and required field constraints on the server for network operations.","401 expired session → login with safe return; 403/404 unavailable → remove restricted content; 409/412 conflict → refresh and review; 422 invalid → inline correction; 429/503 → bounded retry with input retained.","Available locally; reauthorize any destination data on access.","No durable command; provider/native-specific replay protection applies.","no"
"PANTRY","What’s available?","PANTRY.04","Time and effort","screen","","LOCAL navigate","","EFFORT","[]","Preserve the current draft and open the destination.","guest-or-member","Validate authentication scope, feature flag, resource ownership/membership, current revision and required field constraints on the server for network operations.","401 expired session → login with safe return; 403/404 unavailable → remove restricted content; 409/412 conflict → refresh and review; 422 invalid → inline correction; 429/503 → bounded retry with input retained.","Available locally; reauthorize any destination data on access.","No durable command; provider/native-specific replay protection applies.","no"
"PANTRY","What’s available?","PANTRY.nav0","Today","navigation","","LOCAL navigate","","TODAY","[]","Preserve the current draft and open the destination.","guest-or-member","Validate authentication scope, feature flag, resource ownership/membership, current revision and required field constraints on the server for network operations.","401 expired session → login with safe return; 403/404 unavailable → remove restricted content; 409/412 conflict → refresh and review; 422 invalid → inline correction; 429/503 → bounded retry with input retained.","Available locally; reauthorize any destination data on access.","No durable command; provider/native-specific replay protection applies.","no"
"PANTRY","What’s available?","PANTRY.nav1","Cook","navigation","","LOCAL navigate","","HOME","[]","Preserve the current draft and open the destination.","guest-or-member","Validate authentication scope, feature flag, resource ownership/membership, current revision and required field constraints on the server for network operations.","401 expired session → login with safe return; 403/404 unavailable → remove restricted content; 409/412 conflict → refresh and review; 422 invalid → inline correction; 429/503 → bounded retry with input retained.","Available locally; reauthorize any destination data on access.","No durable command; provider/native-specific replay protection applies.","no"
"PANTRY","What’s available?","PANTRY.nav2","Cookbook","navigation","","LOCAL navigate","","COOKBOOK","[]","Preserve the current draft and open the destination.","guest-or-member","Validate authentication scope, feature flag, resource ownership/membership, current revision and required field constraints on the server for network operations.","401 expired session → login with safe return; 403/404 unavailable → remove restricted content; 409/412 conflict → refresh and review; 422 invalid → inline correction; 429/503 → bounded retry with input retained.","Available locally; reauthorize any destination data on access.","No durable command; provider/native-specific replay protection applies.","no"
"PANTRY","What’s available?","PANTRY.nav3","Inbox","navigation","","LOCAL navigate","","INBOX","[]","Preserve the current draft and open the destination.","guest-or-member","Validate authentication scope, feature flag, resource ownership/membership, current revision and required field constraints on the server for network operations.","401 expired session → login with safe return; 403/404 unavailable → remove restricted content; 409/412 conflict → refresh and review; 422 invalid → inline correction; 429/503 → bounded retry with input retained.","Available locally; reauthorize any destination data on access.","No durable command; provider/native-specific replay protection applies.","no"
"PANTRY","What’s available?","PANTRY.nav4","My Plate","navigation","","LOCAL navigate","","PROFILE_PLATE","[]","Preserve the current draft and open the destination.","guest-or-member","Validate authentication scope, feature flag, resource ownership/membership, current revision and required field constraints on the server for network operations.","401 expired session → login with safe return; 403/404 unavailable → remove restricted content; 409/412 conflict → refresh and review; 422 invalid → inline correction; 429/503 → bounded retry with input retained.","Available locally; reauthorize any destination data on access.","No durable command; provider/native-specific replay protection applies.","no"
"EFFORT","What fits today?","EFFORT.back","Back","back","","LOCAL navigate","","REQUEST","[]","Return to previous allowed screen; retain draft/session state. Unsaved destructive exits ask before discarding.","guest-or-member","Validate authentication scope, feature flag, resource ownership/membership, current revision and required field constraints on the server for network operations.","401 expired session → login with safe return; 403/404 unavailable → remove restricted content; 409/412 conflict → refresh and review; 422 invalid → inline correction; 429/503 → bounded retry with input retained.","Available locally; reauthorize any destination data on access.","No durable command; provider/native-specific replay protection applies.","no"
"EFFORT","What fits today?","EFFORT.01","Apply to this meal","screen","","LOCAL update","","","[]","Validate positive time and compatible mode; update only the request draft, not permanent preferences.","guest-or-member","Validate authentication scope, feature flag, resource ownership/membership, current revision and required field constraints on the server for network operations.","401 expired session → login with safe return; 403/404 unavailable → remove restricted content; 409/412 conflict → refresh and review; 422 invalid → inline correction; 429/503 → bounded retry with input retained.","Available locally; reauthorize any destination data on access.","No durable command; provider/native-specific replay protection applies.","no"
"EFFORT","What fits today?","EFFORT.02","Find my meal","screen","","LOCAL navigate","","REQUEST","[]","Return with the explicit budget and revision; request must be submitted to get a plan.","guest-or-member","Validate authentication scope, feature flag, resource ownership/membership, current revision and required field constraints on the server for network operations.","401 expired session → login with safe return; 403/404 unavailable → remove restricted content; 409/412 conflict → refresh and review; 422 invalid → inline correction; 429/503 → bounded retry with input retained.","Available locally; reauthorize any destination data on access.","No durable command; provider/native-specific replay protection applies.","no"
"EFFORT","What fits today?","EFFORT.03","Change equipment","screen","","LOCAL navigate","","EQUIPMENT","[]","Preserve the current draft and open the destination.","guest-or-member","Validate authentication scope, feature flag, resource ownership/membership, current revision and required field constraints on the server for network operations.","401 expired session → login with safe return; 403/404 unavailable → remove restricted content; 409/412 conflict → refresh and review; 422 invalid → inline correction; 429/503 → bounded retry with input retained.","Available locally; reauthorize any destination data on access.","No durable command; provider/native-specific replay protection applies.","no"
"EFFORT","What fits today?","EFFORT.nav0","Today","navigation","","LOCAL navigate","","TODAY","[]","Preserve the current draft and open the destination.","guest-or-member","Validate authentication scope, feature flag, resource ownership/membership, current revision and required field constraints on the server for network operations.","401 expired session → login with safe return; 403/404 unavailable → remove restricted content; 409/412 conflict → refresh and review; 422 invalid → inline correction; 429/503 → bounded retry with input retained.","Available locally; reauthorize any destination data on access.","No durable command; provider/native-specific replay protection applies.","no"
"EFFORT","What fits today?","EFFORT.nav1","Cook","navigation","","LOCAL navigate","","HOME","[]","Preserve the current draft and open the destination.","guest-or-member","Validate authentication scope, feature flag, resource ownership/membership, current revision and required field constraints on the server for network operations.","401 expired session → login with safe return; 403/404 unavailable → remove restricted content; 409/412 conflict → refresh and review; 422 invalid → inline correction; 429/503 → bounded retry with input retained.","Available locally; reauthorize any destination data on access.","No durable command; provider/native-specific replay protection applies.","no"
"EFFORT","What fits today?","EFFORT.nav2","Cookbook","navigation","","LOCAL navigate","","COOKBOOK","[]","Preserve the current draft and open the destination.","guest-or-member","Validate authentication scope, feature flag, resource ownership/membership, current revision and required field constraints on the server for network operations.","401 expired session → login with safe return; 403/404 unavailable → remove restricted content; 409/412 conflict → refresh and review; 422 invalid → inline correction; 429/503 → bounded retry with input retained.","Available locally; reauthorize any destination data on access.","No durable command; provider/native-specific replay protection applies.","no"
"EFFORT","What fits today?","EFFORT.nav3","Inbox","navigation","","LOCAL navigate","","INBOX","[]","Preserve the current draft and open the destination.","guest-or-member","Validate authentication scope, feature flag, resource ownership/membership, current revision and required field constraints on the server for network operations.","401 expired session → login with safe return; 403/404 unavailable → remove restricted content; 409/412 conflict → refresh and review; 422 invalid → inline correction; 429/503 → bounded retry with input retained.","Available locally; reauthorize any destination data on access.","No durable command; provider/native-specific replay protection applies.","no"
"EFFORT","What fits today?","EFFORT.nav4","My Plate","navigation","","LOCAL navigate","","PROFILE_PLATE","[]","Preserve the current draft and open the destination.","guest-or-member","Validate authentication scope, feature flag, resource ownership/membership, current revision and required field constraints on the server for network operations.","401 expired session → login with safe return; 403/404 unavailable → remove restricted content; 409/412 conflict → refresh and review; 422 invalid → inline correction; 429/503 → bounded retry with input retained.","Available locally; reauthorize any destination data on access.","No durable command; provider/native-specific replay protection applies.","no"
"TASTE","What would hit right?","TASTE.back","Back","back","","LOCAL navigate","","REQUEST","[]","Return to previous allowed screen; retain draft/session state. Unsaved destructive exits ask before discarding.","guest-or-member","Validate authentication scope, feature flag, resource ownership/membership, current revision and required field constraints on the server for network operations.","401 expired session → login with safe return; 403/404 unavailable → remove restricted content; 409/412 conflict → refresh and review; 422 invalid → inline correction; 429/503 → bounded retry with input retained.","Available locally; reauthorize any destination data on access.","No durable command; provider/native-specific replay protection applies.","no"
"TASTE","What would hit right?","TASTE.01","Apply choice","screen","","LOCAL update","","","[]","Update optional desired-sensation tags on request draft; no compliance or nutrition score.","guest-or-member","Validate authentication scope, feature flag, resource ownership/membership, current revision and required field constraints on the server for network operations.","401 expired session → login with safe return; 403/404 unavailable → remove restricted content; 409/412 conflict → refresh and review; 422 invalid → inline correction; 429/503 → bounded retry with input retained.","Available locally; reauthorize any destination data on access.","No durable command; provider/native-specific replay protection applies.","no"
"TASTE","What would hit right?","TASTE.02","Back to meal request","screen","","LOCAL navigate","","REQUEST","[]","Preserve the current draft and open the destination.","guest-or-member","Validate authentication scope, feature flag, resource ownership/membership, current revision and required field constraints on the server for network operations.","401 expired session → login with safe return; 403/404 unavailable → remove restricted content; 409/412 conflict → refresh and review; 422 invalid → inline correction; 429/503 → bounded retry with input retained.","Available locally; reauthorize any destination data on access.","No durable command; provider/native-specific replay protection applies.","no"
"TASTE","What would hit right?","TASTE.nav0","Today","navigation","","LOCAL navigate","","TODAY","[]","Preserve the current draft and open the destination.","guest-or-member","Validate authentication scope, feature flag, resource ownership/membership, current revision and required field constraints on the server for network operations.","401 expired session → login with safe return; 403/404 unavailable → remove restricted content; 409/412 conflict → refresh and review; 422 invalid → inline correction; 429/503 → bounded retry with input retained.","Available locally; reauthorize any destination data on access.","No durable command; provider/native-specific replay protection applies.","no"
"TASTE","What would hit right?","TASTE.nav1","Cook","navigation","","LOCAL navigate","","HOME","[]","Preserve the current draft and open the destination.","guest-or-member","Validate authentication scope, feature flag, resource ownership/membership, current revision and required field constraints on the server for network operations.","401 expired session → login with safe return; 403/404 unavailable → remove restricted content; 409/412 conflict → refresh and review; 422 invalid → inline correction; 429/503 → bounded retry with input retained.","Available locally; reauthorize any destination data on access.","No durable command; provider/native-specific replay protection applies.","no"
"TASTE","What would hit right?","TASTE.nav2","Cookbook","navigation","","LOCAL navigate","","COOKBOOK","[]","Preserve the current draft and open the destination.","guest-or-member","Validate authentication scope, feature flag, resource ownership/membership, current revision and required field constraints on the server for network operations.","401 expired session → login with safe return; 403/404 unavailable → remove restricted content; 409/412 conflict → refresh and review; 422 invalid → inline correction; 429/503 → bounded retry with input retained.","Available locally; reauthorize any destination data on access.","No durable command; provider/native-specific replay protection applies.","no"
"TASTE","What would hit right?","TASTE.nav3","Inbox","navigation","","LOCAL navigate","","INBOX","[]","Preserve the current draft and open the destination.","guest-or-member","Validate authentication scope, feature flag, resource ownership/membership, current revision and required field constraints on the server for network operations.","401 expired session → login with safe return; 403/404 unavailable → remove restricted content; 409/412 conflict → refresh and review; 422 invalid → inline correction; 429/503 → bounded retry with input retained.","Available locally; reauthorize any destination data on access.","No durable command; provider/native-specific replay protection applies.","no"
"TASTE","What would hit right?","TASTE.nav4","My Plate","navigation","","LOCAL navigate","","PROFILE_PLATE","[]","Preserve the current draft and open the destination.","guest-or-member","Validate authentication scope, feature flag, resource ownership/membership, current revision and required field constraints on the server for network operations.","401 expired session → login with safe return; 403/404 unavailable → remove restricted content; 409/412 conflict → refresh and review; 422 invalid → inline correction; 429/503 → bounded retry with input retained.","Available locally; reauthorize any destination data on access.","No durable command; provider/native-specific replay protection applies.","no"
"RECOMMENDATIONS","A meal that fits","RECOMMENDATIONS.back","Back","back","","LOCAL navigate","","REQUEST","[]","Return to previous allowed screen; retain draft/session state. Unsaved destructive exits ask before discarding.","guest-or-member","Validate authentication scope, feature flag, resource ownership/membership, current revision and required field constraints on the server for network operations.","401 expired session → login with safe return; 403/404 unavailable → remove restricted content; 409/412 conflict → refresh and review; 422 invalid → inline correction; 429/503 → bounded retry with input retained.","Available locally; reauthorize any destination data on access.","No durable command; provider/native-specific replay protection applies.","no"
"RECOMMENDATIONS","A meal that fits","RECOMMENDATIONS.01","View recipe","screen","","LOCAL navigate","","RECIPE","[]","Preserve the current draft and open the destination.","guest-or-member","Validate authentication scope, feature flag, resource ownership/membership, current revision and required field constraints on the server for network operations.","401 expired session → login with safe return; 403/404 unavailable → remove restricted content; 409/412 conflict → refresh and review; 422 invalid → inline correction; 429/503 → bounded retry with input retained.","Available locally; reauthorize any destination data on access.","No durable command; provider/native-specific replay protection applies.","no"
"RECOMMENDATIONS","A meal that fits","RECOMMENDATIONS.02","Make it mine","screen","","LOCAL navigate","","ADAPT","[]","Preserve the current draft and open the destination.","guest-or-member","Validate authentication scope, feature flag, resource ownership/membership, current revision and required field constraints on the server for network operations.","401 expired session → login with safe return; 403/404 unavailable → remove restricted content; 409/412 conflict → refresh and review; 422 invalid → inline correction; 429/503 → bounded retry with input retained.","Available locally; reauthorize any destination data on access.","No durable command; provider/native-specific replay protection applies.","no"
"RECOMMENDATIONS","A meal that fits","RECOMMENDATIONS.03","Make it easier","screen","","POST /v1/plans/{planId}/simplifications","simplifyPlan","VARIANT","[]","Recheck current hard constraints and source revisions; select a truly simpler reviewed variant, show differences.","guest-or-member","Validate authentication scope, feature flag, resource ownership/membership, current revision and required field constraints on the server for network operations.","401 expired session → login with safe return; 403/404 unavailable → remove restricted content; 409/412 conflict → refresh and review; 422 invalid → inline correction; 429/503 → bounded retry with input retained.","Retain input and retry online; do not show a durable success before server receipt.","Stable client operation ID for durable command; server idempotency record and transaction receipt. If-Match where versioned.","no"
"RECOMMENDATIONS","A meal that fits","RECOMMENDATIONS.04","Something else","screen","","POST /v1/plans/{planId}/alternatives","nextPlan","","[]","Return a different eligible candidate with a bounded exclusion cursor; explain exhausted candidate set.","guest-or-member","Validate authentication scope, feature flag, resource ownership/membership, current revision and required field constraints on the server for network operations.","401 expired session → login with safe return; 403/404 unavailable → remove restricted content; 409/412 conflict → refresh and review; 422 invalid → inline correction; 429/503 → bounded retry with input retained.","Retain input and retry online; do not show a durable success before server receipt.","Stable client operation ID for durable command; server idempotency record and transaction receipt. If-Match where versioned.","no"
"RECOMMENDATIONS","A meal that fits","RECOMMENDATIONS.05","Why this meal?","screen","","LOCAL navigate","","VARIANT","[]","Open explanation-only mode with current plan receipt and source revision.","guest-or-member","Validate authentication scope, feature flag, resource ownership/membership, current revision and required field constraints on the server for network operations.","401 expired session → login with safe return; 403/404 unavailable → remove restricted content; 409/412 conflict → refresh and review; 422 invalid → inline correction; 429/503 → bounded retry with input retained.","Available locally; reauthorize any destination data on access.","No durable command; provider/native-specific replay protection applies.","no"
"RECOMMENDATIONS","A meal that fits","RECOMMENDATIONS.06","Edit constraints","screen","","LOCAL navigate","","REQUEST","[]","Preserve the current draft and open the destination.","guest-or-member","Validate authentication scope, feature flag, resource ownership/membership, current revision and required field constraints on the server for network operations.","401 expired session → login with safe return; 403/404 unavailable → remove restricted content; 409/412 conflict → refresh and review; 422 invalid → inline correction; 429/503 → bounded retry with input retained.","Available locally; reauthorize any destination data on access.","No durable command; provider/native-specific replay protection applies.","no"
"RECOMMENDATIONS","A meal that fits","RECOMMENDATIONS.nav0","Today","navigation","","LOCAL navigate","","TODAY","[]","Preserve the current draft and open the destination.","guest-or-member","Validate authentication scope, feature flag, resource ownership/membership, current revision and required field constraints on the server for network operations.","401 expired session → login with safe return; 403/404 unavailable → remove restricted content; 409/412 conflict → refresh and review; 422 invalid → inline correction; 429/503 → bounded retry with input retained.","Available locally; reauthorize any destination data on access.","No durable command; provider/native-specific replay protection applies.","no"
"RECOMMENDATIONS","A meal that fits","RECOMMENDATIONS.nav1","Cook","navigation","","LOCAL navigate","","HOME","[]","Preserve the current draft and open the destination.","guest-or-member","Validate authentication scope, feature flag, resource ownership/membership, current revision and required field constraints on the server for network operations.","401 expired session → login with safe return; 403/404 unavailable → remove restricted content; 409/412 conflict → refresh and review; 422 invalid → inline correction; 429/503 → bounded retry with input retained.","Available locally; reauthorize any destination data on access.","No durable command; provider/native-specific replay protection applies.","no"
"RECOMMENDATIONS","A meal that fits","RECOMMENDATIONS.nav2","Cookbook","navigation","","LOCAL navigate","","COOKBOOK","[]","Preserve the current draft and open the destination.","guest-or-member","Validate authentication scope, feature flag, resource ownership/membership, current revision and required field constraints on the server for network operations.","401 expired session → login with safe return; 403/404 unavailable → remove restricted content; 409/412 conflict → refresh and review; 422 invalid → inline correction; 429/503 → bounded retry with input retained.","Available locally; reauthorize any destination data on access.","No durable command; provider/native-specific replay protection applies.","no"
"RECOMMENDATIONS","A meal that fits","RECOMMENDATIONS.nav3","Inbox","navigation","","LOCAL navigate","","INBOX","[]","Preserve the current draft and open the destination.","guest-or-member","Validate authentication scope, feature flag, resource ownership/membership, current revision and required field constraints on the server for network operations.","401 expired session → login with safe return; 403/404 unavailable → remove restricted content; 409/412 conflict → refresh and review; 422 invalid → inline correction; 429/503 → bounded retry with input retained.","Available locally; reauthorize any destination data on access.","No durable command; provider/native-specific replay protection applies.","no"
"RECOMMENDATIONS","A meal that fits","RECOMMENDATIONS.nav4","My Plate","navigation","","LOCAL navigate","","PROFILE_PLATE","[]","Preserve the current draft and open the destination.","guest-or-member","Validate authentication scope, feature flag, resource ownership/membership, current revision and required field constraints on the server for network operations.","401 expired session → login with safe return; 403/404 unavailable → remove restricted content; 409/412 conflict → refresh and review; 422 invalid → inline correction; 429/503 → bounded retry with input retained.","Available locally; reauthorize any destination data on access.","No durable command; provider/native-specific replay protection applies.","no"
"RECIPE","Recipe and practical details","RECIPE.back","Back","back","","LOCAL navigate","","RECOMMENDATIONS","[]","Return to previous allowed screen; retain draft/session state. Unsaved destructive exits ask before discarding.","guest-or-member","Validate authentication scope, feature flag, resource ownership/membership, current revision and required field constraints on the server for network operations.","401 expired session → login with safe return; 403/404 unavailable → remove restricted content; 409/412 conflict → refresh and review; 422 invalid → inline correction; 429/503 → bounded retry with input retained.","Available locally; reauthorize any destination data on access.","No durable command; provider/native-specific replay protection applies.","no"
"RECIPE","Recipe and practical details","RECIPE.01","Start cooking","screen","","POST /v1/cook-sessions","createCookSession","COOK","[]","Pin recipe revision and chosen servings; ensure no active recall. Create idempotent session.","guest-or-member","Validate authentication scope, feature flag, resource ownership/membership, current revision and required field constraints on the server for network operations.","401 expired session → login with safe return; 403/404 unavailable → remove restricted content; 409/412 conflict → refresh and review; 422 invalid → inline correction; 429/503 → bounded retry with input retained.","Allowed for previously cached, unrevoked pinned revision; private step events queue with revision.","Stable client operation ID for durable command; server idempotency record and transaction receipt. If-Match where versioned.","no"
"RECIPE","Recipe and practical details","RECIPE.02","Make Mine","screen","","LOCAL navigate","","ADAPT","[]","Preserve the current draft and open the destination.","guest-or-member","Validate authentication scope, feature flag, resource ownership/membership, current revision and required field constraints on the server for network operations.","401 expired session → login with safe return; 403/404 unavailable → remove restricted content; 409/412 conflict → refresh and review; 422 invalid → inline correction; 429/503 → bounded retry with input retained.","Available locally; reauthorize any destination data on access.","No durable command; provider/native-specific replay protection applies.","no"
"RECIPE","Recipe and practical details","RECIPE.03","Save recipe","screen","","POST /v1/saved-recipes","saveRecipe","COOKBOOK","[]","Create or return a private save from an authorized plan or reviewed recipeVersionId. Adding to a named collection is a separate command; a save alone is not positive taste feedback.","guest-or-member","Validate authentication scope, feature flag, resource ownership/membership, current revision and required field constraints on the server for network operations.","401 expired session → login with safe return; 403/404 unavailable → remove restricted content; 409/412 conflict → refresh and review; 422 invalid → inline correction; 429/503 → bounded retry with input retained.","Retain input and retry online; do not show a durable success before server receipt.","Stable client operation ID for durable command; server idempotency record and transaction receipt. If-Match where versioned.","no"
"RECIPE","Recipe and practical details","RECIPE.04","Share this meal","screen","","LOCAL navigate","","CAPTURE","[]","Start unpublished draft with known recipe revision; no automatic post.","guest-or-member","Validate authentication scope, feature flag, resource ownership/membership, current revision and required field constraints on the server for network operations.","401 expired session → login with safe return; 403/404 unavailable → remove restricted content; 409/412 conflict → refresh and review; 422 invalid → inline correction; 429/503 → bounded retry with input retained.","Available locally; reauthorize any destination data on access.","No durable command; provider/native-specific replay protection applies.","no"
"RECIPE","Recipe and practical details","RECIPE.05","View inspiration","screen","","LOCAL navigate","","POST","[]","Open source only if it remains authorized; otherwise show attribution text without media.","guest-or-member","Validate authentication scope, feature flag, resource ownership/membership, current revision and required field constraints on the server for network operations.","401 expired session → login with safe return; 403/404 unavailable → remove restricted content; 409/412 conflict → refresh and review; 422 invalid → inline correction; 429/503 → bounded retry with input retained.","Available locally; reauthorize any destination data on access.","No durable command; provider/native-specific replay protection applies.","no"
"RECIPE","Recipe and practical details","RECIPE.06","An ingredient is unavailable","screen","","LOCAL navigate","","ADAPT","[]","Preselect Keep the Vibe swap intent for the selected unavailable ingredient; never mutate already completed cooking steps.","guest-or-member","Validate authentication scope, feature flag, resource ownership/membership, current revision and required field constraints on the server for network operations.","401 expired session → login with safe return; 403/404 unavailable → remove restricted content; 409/412 conflict → refresh and review; 422 invalid → inline correction; 429/503 → bounded retry with input retained.","Available locally; reauthorize any destination data on access.","No durable command; provider/native-specific replay protection applies.","no"
"RECIPE","Recipe and practical details","RECIPE.07","Select this recipe","screen","picker mode only","LOCAL pickerResult","","","[[""REVIEW_ATTACHMENT"",""attachment or request response""],[""SOS_DETAIL"",""SOS suggestion""],[""PACT_CREATE"",""pact source""],[""POLL_CREATE"",""poll choice""]]","Picker-only selection validates applicable source rights and returns the chosen reference to the requesting draft.","guest-or-member","Validate authentication scope, feature flag, resource ownership/membership, current revision and required field constraints on the server for network operations.","401 expired session → login with safe return; 403/404 unavailable → remove restricted content; 409/412 conflict → refresh and review; 422 invalid → inline correction; 429/503 → bounded retry with input retained.","Available locally; reauthorize any destination data on access.","No durable command; provider/native-specific replay protection applies.","no"
"RECIPE","Recipe and practical details","RECIPE.08","Cancel selection","screen","picker mode only","LOCAL pickerCancel","","","[[""ATTACH_RECIPE"",""attachment or response""],[""SOS_DETAIL"",""SOS suggestion""],[""PACT_CREATE"",""pact source""],[""POLL_CREATE"",""poll choice""]]","Return to picker.cancelTo with the original source selection unchanged.","guest-or-member","Validate authentication scope, feature flag, resource ownership/membership, current revision and required field constraints on the server for network operations.","401 expired session → login with safe return; 403/404 unavailable → remove restricted content; 409/412 conflict → refresh and review; 422 invalid → inline correction; 429/503 → bounded retry with input retained.","Available locally; reauthorize any destination data on access.","No durable command; provider/native-specific replay protection applies.","no"
"RECIPE","Recipe and practical details","RECIPE.09","Share a shortcut","screen","","LOCAL navigate","","SHORTCUT_CREATE","[]","Retain the authorized recipeVersionId and begin a separate original-text tip draft; unreviewed tips never alter reviewed steps.","guest-or-member","Validate authentication scope, feature flag, resource ownership/membership, current revision and required field constraints on the server for network operations.","401 expired session → login with safe return; 403/404 unavailable → remove restricted content; 409/412 conflict → refresh and review; 422 invalid → inline correction; 429/503 → bounded retry with input retained.","Available locally; reauthorize any destination data on access.","No durable command; provider/native-specific replay protection applies.","no"
"RECIPE","Recipe and practical details","RECIPE.10","View a shared shortcut","screen","","LOCAL navigate","","SHORTCUT_DETAIL","[]","Open an explicitly selected accessible shortcut reference for this recipe. If no tip is available, show the detail empty state rather than inventing a shortcut ID.","guest-or-member","Validate authentication scope, feature flag, resource ownership/membership, current revision and required field constraints on the server for network operations.","401 expired session → login with safe return; 403/404 unavailable → remove restricted content; 409/412 conflict → refresh and review; 422 invalid → inline correction; 429/503 → bounded retry with input retained.","Available locally; reauthorize any destination data on access.","No durable command; provider/native-specific replay protection applies.","no"
"RECIPE","Recipe and practical details","RECIPE.nav0","Today","navigation","","LOCAL navigate","","TODAY","[]","Preserve the current draft and open the destination.","guest-or-member","Validate authentication scope, feature flag, resource ownership/membership, current revision and required field constraints on the server for network operations.","401 expired session → login with safe return; 403/404 unavailable → remove restricted content; 409/412 conflict → refresh and review; 422 invalid → inline correction; 429/503 → bounded retry with input retained.","Available locally; reauthorize any destination data on access.","No durable command; provider/native-specific replay protection applies.","no"
"RECIPE","Recipe and practical details","RECIPE.nav1","Cook","navigation","","LOCAL navigate","","HOME","[]","Preserve the current draft and open the destination.","guest-or-member","Validate authentication scope, feature flag, resource ownership/membership, current revision and required field constraints on the server for network operations.","401 expired session → login with safe return; 403/404 unavailable → remove restricted content; 409/412 conflict → refresh and review; 422 invalid → inline correction; 429/503 → bounded retry with input retained.","Available locally; reauthorize any destination data on access.","No durable command; provider/native-specific replay protection applies.","no"
"RECIPE","Recipe and practical details","RECIPE.nav2","Cookbook","navigation","","LOCAL navigate","","COOKBOOK","[]","Preserve the current draft and open the destination.","guest-or-member","Validate authentication scope, feature flag, resource ownership/membership, current revision and required field constraints on the server for network operations.","401 expired session → login with safe return; 403/404 unavailable → remove restricted content; 409/412 conflict → refresh and review; 422 invalid → inline correction; 429/503 → bounded retry with input retained.","Available locally; reauthorize any destination data on access.","No durable command; provider/native-specific replay protection applies.","no"
"RECIPE","Recipe and practical details","RECIPE.nav3","Inbox","navigation","","LOCAL navigate","","INBOX","[]","Preserve the current draft and open the destination.","guest-or-member","Validate authentication scope, feature flag, resource ownership/membership, current revision and required field constraints on the server for network operations.","401 expired session → login with safe return; 403/404 unavailable → remove restricted content; 409/412 conflict → refresh and review; 422 invalid → inline correction; 429/503 → bounded retry with input retained.","Available locally; reauthorize any destination data on access.","No durable command; provider/native-specific replay protection applies.","no"
"RECIPE","Recipe and practical details","RECIPE.nav4","My Plate","navigation","","LOCAL navigate","","PROFILE_PLATE","[]","Preserve the current draft and open the destination.","guest-or-member","Validate authentication scope, feature flag, resource ownership/membership, current revision and required field constraints on the server for network operations.","401 expired session → login with safe return; 403/404 unavailable → remove restricted content; 409/412 conflict → refresh and review; 422 invalid → inline correction; 429/503 → bounded retry with input retained.","Available locally; reauthorize any destination data on access.","No durable command; provider/native-specific replay protection applies.","no"
"ADAPT","Make Mine","ADAPT.back","Back","back","","LOCAL navigate","","RECIPE","[]","Return to previous allowed screen; retain draft/session state. Unsaved destructive exits ask before discarding.","guest-or-member","Validate authentication scope, feature flag, resource ownership/membership, current revision and required field constraints on the server for network operations.","401 expired session → login with safe return; 403/404 unavailable → remove restricted content; 409/412 conflict → refresh and review; 422 invalid → inline correction; 429/503 → bounded retry with input retained.","Available locally; reauthorize any destination data on access.","No durable command; provider/native-specific replay protection applies.","no"
"ADAPT","Make Mine","ADAPT.01","Make my version","screen","","POST /v1/plans/{planId}/adaptations","adaptPlan","VARIANT","[[""UNAVAILABLE"",""no reviewed compatible variant""]]","Validate source access and revision, run deterministic eligibility and substitutions; return change list and reasons.","guest-or-member","Validate authentication scope, feature flag, resource ownership/membership, current revision and required field constraints on the server for network operations.","401 expired session → login with safe return; 403/404 unavailable → remove restricted content; 409/412 conflict → refresh and review; 422 invalid → inline correction; 429/503 → bounded retry with input retained.","Retain input and retry online; do not show a durable success before server receipt.","Stable client operation ID for durable command; server idempotency record and transaction receipt. If-Match where versioned.","no"
"ADAPT","Make Mine","ADAPT.02","Edit ingredients","screen","","LOCAL navigate","","PANTRY","[]","Preserve the current draft and open the destination.","guest-or-member","Validate authentication scope, feature flag, resource ownership/membership, current revision and required field constraints on the server for network operations.","401 expired session → login with safe return; 403/404 unavailable → remove restricted content; 409/412 conflict → refresh and review; 422 invalid → inline correction; 429/503 → bounded retry with input retained.","Available locally; reauthorize any destination data on access.","No durable command; provider/native-specific replay protection applies.","no"
"ADAPT","Make Mine","ADAPT.03","Edit preferences","screen","","LOCAL navigate","","FOOD_PREFS","[]","Preserve the current draft and open the destination.","guest-or-member","Validate authentication scope, feature flag, resource ownership/membership, current revision and required field constraints on the server for network operations.","401 expired session → login with safe return; 403/404 unavailable → remove restricted content; 409/412 conflict → refresh and review; 422 invalid → inline correction; 429/503 → bounded retry with input retained.","Available locally; reauthorize any destination data on access.","No durable command; provider/native-specific replay protection applies.","no"
"ADAPT","Make Mine","ADAPT.04","Keep original","screen","","LOCAL navigate","","RECIPE","[]","Preserve the current draft and open the destination.","guest-or-member","Validate authentication scope, feature flag, resource ownership/membership, current revision and required field constraints on the server for network operations.","401 expired session → login with safe return; 403/404 unavailable → remove restricted content; 409/412 conflict → refresh and review; 422 invalid → inline correction; 429/503 → bounded retry with input retained.","Available locally; reauthorize any destination data on access.","No durable command; provider/native-specific replay protection applies.","no"
"ADAPT","Make Mine","ADAPT.05","Change effort","screen","","LOCAL navigate","","EFFORT","[]","Edit the adaptation draft and return to ADAPT with constraints preserved.","guest-or-member","Validate authentication scope, feature flag, resource ownership/membership, current revision and required field constraints on the server for network operations.","401 expired session → login with safe return; 403/404 unavailable → remove restricted content; 409/412 conflict → refresh and review; 422 invalid → inline correction; 429/503 → bounded retry with input retained.","Available locally; reauthorize any destination data on access.","No durable command; provider/native-specific replay protection applies.","no"
"ADAPT","Make Mine","ADAPT.06","Change equipment","screen","","LOCAL navigate","","EQUIPMENT","[]","Edit current equipment/defaults explicitly; return to ADAPT and recompute affected eligibility.","guest-or-member","Validate authentication scope, feature flag, resource ownership/membership, current revision and required field constraints on the server for network operations.","401 expired session → login with safe return; 403/404 unavailable → remove restricted content; 409/412 conflict → refresh and review; 422 invalid → inline correction; 429/503 → bounded retry with input retained.","Available locally; reauthorize any destination data on access.","No durable command; provider/native-specific replay protection applies.","no"
"ADAPT","Make Mine","ADAPT.07","Change taste","screen","","LOCAL navigate","","TASTE","[]","Edit optional sensory intent; maintain all hard constraints.","guest-or-member","Validate authentication scope, feature flag, resource ownership/membership, current revision and required field constraints on the server for network operations.","401 expired session → login with safe return; 403/404 unavailable → remove restricted content; 409/412 conflict → refresh and review; 422 invalid → inline correction; 429/503 → bounded retry with input retained.","Available locally; reauthorize any destination data on access.","No durable command; provider/native-specific replay protection applies.","no"
"ADAPT","Make Mine","ADAPT.nav0","Today","navigation","","LOCAL navigate","","TODAY","[]","Preserve the current draft and open the destination.","guest-or-member","Validate authentication scope, feature flag, resource ownership/membership, current revision and required field constraints on the server for network operations.","401 expired session → login with safe return; 403/404 unavailable → remove restricted content; 409/412 conflict → refresh and review; 422 invalid → inline correction; 429/503 → bounded retry with input retained.","Available locally; reauthorize any destination data on access.","No durable command; provider/native-specific replay protection applies.","no"
"ADAPT","Make Mine","ADAPT.nav1","Cook","navigation","","LOCAL navigate","","HOME","[]","Preserve the current draft and open the destination.","guest-or-member","Validate authentication scope, feature flag, resource ownership/membership, current revision and required field constraints on the server for network operations.","401 expired session → login with safe return; 403/404 unavailable → remove restricted content; 409/412 conflict → refresh and review; 422 invalid → inline correction; 429/503 → bounded retry with input retained.","Available locally; reauthorize any destination data on access.","No durable command; provider/native-specific replay protection applies.","no"
"ADAPT","Make Mine","ADAPT.nav2","Cookbook","navigation","","LOCAL navigate","","COOKBOOK","[]","Preserve the current draft and open the destination.","guest-or-member","Validate authentication scope, feature flag, resource ownership/membership, current revision and required field constraints on the server for network operations.","401 expired session → login with safe return; 403/404 unavailable → remove restricted content; 409/412 conflict → refresh and review; 422 invalid → inline correction; 429/503 → bounded retry with input retained.","Available locally; reauthorize any destination data on access.","No durable command; provider/native-specific replay protection applies.","no"
"ADAPT","Make Mine","ADAPT.nav3","Inbox","navigation","","LOCAL navigate","","INBOX","[]","Preserve the current draft and open the destination.","guest-or-member","Validate authentication scope, feature flag, resource ownership/membership, current revision and required field constraints on the server for network operations.","401 expired session → login with safe return; 403/404 unavailable → remove restricted content; 409/412 conflict → refresh and review; 422 invalid → inline correction; 429/503 → bounded retry with input retained.","Available locally; reauthorize any destination data on access.","No durable command; provider/native-specific replay protection applies.","no"
"ADAPT","Make Mine","ADAPT.nav4","My Plate","navigation","","LOCAL navigate","","PROFILE_PLATE","[]","Preserve the current draft and open the destination.","guest-or-member","Validate authentication scope, feature flag, resource ownership/membership, current revision and required field constraints on the server for network operations.","401 expired session → login with safe return; 403/404 unavailable → remove restricted content; 409/412 conflict → refresh and review; 422 invalid → inline correction; 429/503 → bounded retry with input retained.","Available locally; reauthorize any destination data on access.","No durable command; provider/native-specific replay protection applies.","no"
"VARIANT","Your version, explained","VARIANT.back","Back","back","","LOCAL navigate","","ADAPT","[]","Return to previous allowed screen; retain draft/session state. Unsaved destructive exits ask before discarding.","guest-or-member","Validate authentication scope, feature flag, resource ownership/membership, current revision and required field constraints on the server for network operations.","401 expired session → login with safe return; 403/404 unavailable → remove restricted content; 409/412 conflict → refresh and review; 422 invalid → inline correction; 429/503 → bounded retry with input retained.","Available locally; reauthorize any destination data on access.","No durable command; provider/native-specific replay protection applies.","no"
"VARIANT","Your version, explained","VARIANT.01","Use this version","screen","","LOCAL navigate","","RECIPE","[]","Select immutable returned variant; do not rewrite source recipe.","guest-or-member","Validate authentication scope, feature flag, resource ownership/membership, current revision and required field constraints on the server for network operations.","401 expired session → login with safe return; 403/404 unavailable → remove restricted content; 409/412 conflict → refresh and review; 422 invalid → inline correction; 429/503 → bounded retry with input retained.","Available locally; reauthorize any destination data on access.","No durable command; provider/native-specific replay protection applies.","no"
"VARIANT","Your version, explained","VARIANT.02","Try another swap","screen","","POST /v1/plans/{planId}/adaptations","adaptPlan","","[]","Exclude rejected candidate while preserving constraints; stop honestly when no alternatives remain.","guest-or-member","Validate authentication scope, feature flag, resource ownership/membership, current revision and required field constraints on the server for network operations.","401 expired session → login with safe return; 403/404 unavailable → remove restricted content; 409/412 conflict → refresh and review; 422 invalid → inline correction; 429/503 → bounded retry with input retained.","Retain input and retry online; do not show a durable success before server receipt.","Stable client operation ID for durable command; server idempotency record and transaction receipt. If-Match where versioned.","no"
"VARIANT","Your version, explained","VARIANT.03","Change my request","screen","","LOCAL navigate","","ADAPT","[]","Preserve the current draft and open the destination.","guest-or-member","Validate authentication scope, feature flag, resource ownership/membership, current revision and required field constraints on the server for network operations.","401 expired session → login with safe return; 403/404 unavailable → remove restricted content; 409/412 conflict → refresh and review; 422 invalid → inline correction; 429/503 → bounded retry with input retained.","Available locally; reauthorize any destination data on access.","No durable command; provider/native-specific replay protection applies.","no"
"VARIANT","Your version, explained","VARIANT.04","View original","screen","","LOCAL navigate","","RECIPE","[]","Restore source selection if access/revision remains valid.","guest-or-member","Validate authentication scope, feature flag, resource ownership/membership, current revision and required field constraints on the server for network operations.","401 expired session → login with safe return; 403/404 unavailable → remove restricted content; 409/412 conflict → refresh and review; 422 invalid → inline correction; 429/503 → bounded retry with input retained.","Available locally; reauthorize any destination data on access.","No durable command; provider/native-specific replay protection applies.","no"
"VARIANT","Your version, explained","VARIANT.nav0","Today","navigation","","LOCAL navigate","","TODAY","[]","Preserve the current draft and open the destination.","guest-or-member","Validate authentication scope, feature flag, resource ownership/membership, current revision and required field constraints on the server for network operations.","401 expired session → login with safe return; 403/404 unavailable → remove restricted content; 409/412 conflict → refresh and review; 422 invalid → inline correction; 429/503 → bounded retry with input retained.","Available locally; reauthorize any destination data on access.","No durable command; provider/native-specific replay protection applies.","no"
"VARIANT","Your version, explained","VARIANT.nav1","Cook","navigation","","LOCAL navigate","","HOME","[]","Preserve the current draft and open the destination.","guest-or-member","Validate authentication scope, feature flag, resource ownership/membership, current revision and required field constraints on the server for network operations.","401 expired session → login with safe return; 403/404 unavailable → remove restricted content; 409/412 conflict → refresh and review; 422 invalid → inline correction; 429/503 → bounded retry with input retained.","Available locally; reauthorize any destination data on access.","No durable command; provider/native-specific replay protection applies.","no"
"VARIANT","Your version, explained","VARIANT.nav2","Cookbook","navigation","","LOCAL navigate","","COOKBOOK","[]","Preserve the current draft and open the destination.","guest-or-member","Validate authentication scope, feature flag, resource ownership/membership, current revision and required field constraints on the server for network operations.","401 expired session → login with safe return; 403/404 unavailable → remove restricted content; 409/412 conflict → refresh and review; 422 invalid → inline correction; 429/503 → bounded retry with input retained.","Available locally; reauthorize any destination data on access.","No durable command; provider/native-specific replay protection applies.","no"
"VARIANT","Your version, explained","VARIANT.nav3","Inbox","navigation","","LOCAL navigate","","INBOX","[]","Preserve the current draft and open the destination.","guest-or-member","Validate authentication scope, feature flag, resource ownership/membership, current revision and required field constraints on the server for network operations.","401 expired session → login with safe return; 403/404 unavailable → remove restricted content; 409/412 conflict → refresh and review; 422 invalid → inline correction; 429/503 → bounded retry with input retained.","Available locally; reauthorize any destination data on access.","No durable command; provider/native-specific replay protection applies.","no"
"VARIANT","Your version, explained","VARIANT.nav4","My Plate","navigation","","LOCAL navigate","","PROFILE_PLATE","[]","Preserve the current draft and open the destination.","guest-or-member","Validate authentication scope, feature flag, resource ownership/membership, current revision and required field constraints on the server for network operations.","401 expired session → login with safe return; 403/404 unavailable → remove restricted content; 409/412 conflict → refresh and review; 422 invalid → inline correction; 429/503 → bounded retry with input retained.","Available locally; reauthorize any destination data on access.","No durable command; provider/native-specific replay protection applies.","no"
"COOK","Cooking, one step at a time","COOK.back","Back","back","","LOCAL navigate","","HOME","[]","Return to previous allowed screen; retain draft/session state. Unsaved destructive exits ask before discarding.","guest-or-member","Validate authentication scope, feature flag, resource ownership/membership, current revision and required field constraints on the server for network operations.","401 expired session → login with safe return; 403/404 unavailable → remove restricted content; 409/412 conflict → refresh and review; 422 invalid → inline correction; 429/503 → bounded retry with input retained.","Available locally; reauthorize any destination data on access.","No durable command; provider/native-specific replay protection applies.","no"
"COOK","Cooking, one step at a time","COOK.01","Next step","screen","","PATCH /v1/cook-sessions/{sessionId}","updateCookSession","","[]","Advance within revision bounds using a monotonic local event counter; sync idempotently.","guest-or-member","Validate authentication scope, feature flag, resource ownership/membership, current revision and required field constraints on the server for network operations.","401 expired session → login with safe return; 403/404 unavailable → remove restricted content; 409/412 conflict → refresh and review; 422 invalid → inline correction; 429/503 → bounded retry with input retained.","Queue private progress locally; show sync state.","Stable client operation ID for durable command; server idempotency record and transaction receipt. If-Match where versioned.","no"
"COOK","Cooking, one step at a time","COOK.02","Previous step","screen","","LOCAL update","","","[]","Move local view backward without undoing completed work; synchronize view cursor when online.","guest-or-member","Validate authentication scope, feature flag, resource ownership/membership, current revision and required field constraints on the server for network operations.","401 expired session → login with safe return; 403/404 unavailable → remove restricted content; 409/412 conflict → refresh and review; 422 invalid → inline correction; 429/503 → bounded retry with input retained.","Available locally; reauthorize any destination data on access.","No durable command; provider/native-specific replay protection applies.","no"
"COOK","Cooking, one step at a time","COOK.03","Start step timer","screen","","LOCAL navigate","","TIMER","[]","Preserve the current draft and open the destination.","guest-or-member","Validate authentication scope, feature flag, resource ownership/membership, current revision and required field constraints on the server for network operations.","401 expired session → login with safe return; 403/404 unavailable → remove restricted content; 409/412 conflict → refresh and review; 422 invalid → inline correction; 429/503 → bounded retry with input retained.","Available locally; reauthorize any destination data on access.","No durable command; provider/native-specific replay protection applies.","no"
"COOK","Cooking, one step at a time","COOK.04","See ingredients","screen","","LOCAL navigate","","RECIPE","[]","Open pinned read-only recipe overlay; retain cooking cursor.","guest-or-member","Validate authentication scope, feature flag, resource ownership/membership, current revision and required field constraints on the server for network operations.","401 expired session → login with safe return; 403/404 unavailable → remove restricted content; 409/412 conflict → refresh and review; 422 invalid → inline correction; 429/503 → bounded retry with input retained.","Available locally; reauthorize any destination data on access.","No durable command; provider/native-specific replay protection applies.","no"
"COOK","Cooking, one step at a time","COOK.05","Finish meal","screen","","POST /v1/cook-sessions/{sessionId}/complete","completeCookSession","MEAL_DONE","[]","Mark completion once using idempotency key; do not create feedback or social post.","guest-or-member","Validate authentication scope, feature flag, resource ownership/membership, current revision and required field constraints on the server for network operations.","401 expired session → login with safe return; 403/404 unavailable → remove restricted content; 409/412 conflict → refresh and review; 422 invalid → inline correction; 429/503 → bounded retry with input retained.","Queue private completion and preserve acknowledgement state.","Stable client operation ID for durable command; server idempotency record and transaction receipt. If-Match where versioned.","no"
"COOK","Cooking, one step at a time","COOK.06","Pause and leave","screen","","LOCAL navigate","","HOME","[]","Persist progress and active timer deadline; resumption chip appears on Home.","guest-or-member","Validate authentication scope, feature flag, resource ownership/membership, current revision and required field constraints on the server for network operations.","401 expired session → login with safe return; 403/404 unavailable → remove restricted content; 409/412 conflict → refresh and review; 422 invalid → inline correction; 429/503 → bounded retry with input retained.","Available locally; reauthorize any destination data on access.","No durable command; provider/native-specific replay protection applies.","no"
"TIMER","Step timer","TIMER.back","Back","back","","LOCAL navigate","","COOK","[]","Return to previous allowed screen; retain draft/session state. Unsaved destructive exits ask before discarding.","guest-or-member","Validate authentication scope, feature flag, resource ownership/membership, current revision and required field constraints on the server for network operations.","401 expired session → login with safe return; 403/404 unavailable → remove restricted content; 409/412 conflict → refresh and review; 422 invalid → inline correction; 429/503 → bounded retry with input retained.","Available locally; reauthorize any destination data on access.","No durable command; provider/native-specific replay protection applies.","no"
"TIMER","Step timer","TIMER.01","Start timer","screen","","EXTERNAL OS.scheduleLocalTimer","","","[]","Persist timer ID and deadline, request context-specific local notification permission if needed; no server alarm dependency.","guest-or-member","Validate authentication scope, feature flag, resource ownership/membership, current revision and required field constraints on the server for network operations.","401 expired session → login with safe return; 403/404 unavailable → remove restricted content; 409/412 conflict → refresh and review; 422 invalid → inline correction; 429/503 → bounded retry with input retained.","Available locally.","No durable command; provider/native-specific replay protection applies.","no"
"TIMER","Step timer","TIMER.02","Pause timer","screen","","LOCAL update","","","[]","Persist remaining duration and cancel pending OS notification.","guest-or-member","Validate authentication scope, feature flag, resource ownership/membership, current revision and required field constraints on the server for network operations.","401 expired session → login with safe return; 403/404 unavailable → remove restricted content; 409/412 conflict → refresh and review; 422 invalid → inline correction; 429/503 → bounded retry with input retained.","Available locally; reauthorize any destination data on access.","No durable command; provider/native-specific replay protection applies.","no"
"TIMER","Step timer","TIMER.03","Reset timer","screen","","LOCAL update","","","[]","Cancel current notification and restore chosen duration; no cook-step advancement.","guest-or-member","Validate authentication scope, feature flag, resource ownership/membership, current revision and required field constraints on the server for network operations.","401 expired session → login with safe return; 403/404 unavailable → remove restricted content; 409/412 conflict → refresh and review; 422 invalid → inline correction; 429/503 → bounded retry with input retained.","Available locally; reauthorize any destination data on access.","No durable command; provider/native-specific replay protection applies.","no"
"TIMER","Step timer","TIMER.04","Back to cooking","screen","","LOCAL navigate","","COOK","[]","Preserve the current draft and open the destination.","guest-or-member","Validate authentication scope, feature flag, resource ownership/membership, current revision and required field constraints on the server for network operations.","401 expired session → login with safe return; 403/404 unavailable → remove restricted content; 409/412 conflict → refresh and review; 422 invalid → inline correction; 429/503 → bounded retry with input retained.","Available locally; reauthorize any destination data on access.","No durable command; provider/native-specific replay protection applies.","no"
"TIMER","Step timer","TIMER.05","Resume timer","screen","","EXTERNAL OS.scheduleLocalTimer","","","[]","Use persisted remaining duration to create a fresh deadline and best-effort OS alert; never restart full duration silently.","guest-or-member","Validate authentication scope, feature flag, resource ownership/membership, current revision and required field constraints on the server for network operations.","401 expired session → login with safe return; 403/404 unavailable → remove restricted content; 409/412 conflict → refresh and review; 422 invalid → inline correction; 429/503 → bounded retry with input retained.","Available locally.","No durable command; provider/native-specific replay protection applies.","no"
"TIMER","Step timer","TIMER.06","Cancel timer","screen","","EXTERNAL OS.cancelLocalTimer","","COOK","[]","Cancel the selected timer/notification and retain other active timers and cooking progress.","guest-or-member","Validate authentication scope, feature flag, resource ownership/membership, current revision and required field constraints on the server for network operations.","401 expired session → login with safe return; 403/404 unavailable → remove restricted content; 409/412 conflict → refresh and review; 422 invalid → inline correction; 429/503 → bounded retry with input retained.","Available locally.","No durable command; provider/native-specific replay protection applies.","no"
"MEAL_DONE","Dinner, handled","MEAL_DONE.back","Back","back","","LOCAL navigate","","HOME","[]","Return to previous allowed screen; retain draft/session state. Unsaved destructive exits ask before discarding.","guest-or-member","Validate authentication scope, feature flag, resource ownership/membership, current revision and required field constraints on the server for network operations.","401 expired session → login with safe return; 403/404 unavailable → remove restricted content; 409/412 conflict → refresh and review; 422 invalid → inline correction; 429/503 → bounded retry with input retained.","Available locally; reauthorize any destination data on access.","No durable command; provider/native-specific replay protection applies.","no"
"MEAL_DONE","Dinner, handled","MEAL_DONE.01","Make again","screen","","POST /v1/saved-recipes","saveRecipe","COOKBOOK","[]","Create/return the immutable private save and record explicit makeAgain intent using one idempotent command receipt; no public post or implicit sharing.","guest-or-member","Validate authentication scope, feature flag, resource ownership/membership, current revision and required field constraints on the server for network operations.","401 expired session → login with safe return; 403/404 unavailable → remove restricted content; 409/412 conflict → refresh and review; 422 invalid → inline correction; 429/503 → bounded retry with input retained.","Retain input and retry online; do not show a durable success before server receipt.","Stable client operation ID for durable command; server idempotency record and transaction receipt. If-Match where versioned.","no"
"MEAL_DONE","Dinner, handled","MEAL_DONE.02","Leave a quick thought","screen","","LOCAL navigate","","FEEDBACK","[]","Preserve the current draft and open the destination.","guest-or-member","Validate authentication scope, feature flag, resource ownership/membership, current revision and required field constraints on the server for network operations.","401 expired session → login with safe return; 403/404 unavailable → remove restricted content; 409/412 conflict → refresh and review; 422 invalid → inline correction; 429/503 → bounded retry with input retained.","Available locally; reauthorize any destination data on access.","No durable command; provider/native-specific replay protection applies.","no"
"MEAL_DONE","Dinner, handled","MEAL_DONE.03","Share Your Take","screen","","LOCAL navigate","","CAPTURE","[]","Preserve the current draft and open the destination.","guest-or-member","Validate authentication scope, feature flag, resource ownership/membership, current revision and required field constraints on the server for network operations.","401 expired session → login with safe return; 403/404 unavailable → remove restricted content; 409/412 conflict → refresh and review; 422 invalid → inline correction; 429/503 → bounded retry with input retained.","Available locally; reauthorize any destination data on access.","No durable command; provider/native-specific replay protection applies.","no"
"MEAL_DONE","Dinner, handled","MEAL_DONE.04","Use an ingredient again","screen","","LOCAL navigate","","REUSE","[]","Preserve the current draft and open the destination.","guest-or-member","Validate authentication scope, feature flag, resource ownership/membership, current revision and required field constraints on the server for network operations.","401 expired session → login with safe return; 403/404 unavailable → remove restricted content; 409/412 conflict → refresh and review; 422 invalid → inline correction; 429/503 → bounded retry with input retained.","Available locally; reauthorize any destination data on access.","No durable command; provider/native-specific replay protection applies.","no"
"MEAL_DONE","Dinner, handled","MEAL_DONE.05","Done for now","screen","","LOCAL navigate","","HOME","[]","Preserve the current draft and open the destination.","guest-or-member","Validate authentication scope, feature flag, resource ownership/membership, current revision and required field constraints on the server for network operations.","401 expired session → login with safe return; 403/404 unavailable → remove restricted content; 409/412 conflict → refresh and review; 422 invalid → inline correction; 429/503 → bounded retry with input retained.","Available locally; reauthorize any destination data on access.","No durable command; provider/native-specific replay protection applies.","no"
"MEAL_DONE","Dinner, handled","MEAL_DONE.nav0","Today","navigation","","LOCAL navigate","","TODAY","[]","Preserve the current draft and open the destination.","guest-or-member","Validate authentication scope, feature flag, resource ownership/membership, current revision and required field constraints on the server for network operations.","401 expired session → login with safe return; 403/404 unavailable → remove restricted content; 409/412 conflict → refresh and review; 422 invalid → inline correction; 429/503 → bounded retry with input retained.","Available locally; reauthorize any destination data on access.","No durable command; provider/native-specific replay protection applies.","no"
"MEAL_DONE","Dinner, handled","MEAL_DONE.nav1","Cook","navigation","","LOCAL navigate","","HOME","[]","Preserve the current draft and open the destination.","guest-or-member","Validate authentication scope, feature flag, resource ownership/membership, current revision and required field constraints on the server for network operations.","401 expired session → login with safe return; 403/404 unavailable → remove restricted content; 409/412 conflict → refresh and review; 422 invalid → inline correction; 429/503 → bounded retry with input retained.","Available locally; reauthorize any destination data on access.","No durable command; provider/native-specific replay protection applies.","no"
"MEAL_DONE","Dinner, handled","MEAL_DONE.nav2","Cookbook","navigation","","LOCAL navigate","","COOKBOOK","[]","Preserve the current draft and open the destination.","guest-or-member","Validate authentication scope, feature flag, resource ownership/membership, current revision and required field constraints on the server for network operations.","401 expired session → login with safe return; 403/404 unavailable → remove restricted content; 409/412 conflict → refresh and review; 422 invalid → inline correction; 429/503 → bounded retry with input retained.","Available locally; reauthorize any destination data on access.","No durable command; provider/native-specific replay protection applies.","no"
"MEAL_DONE","Dinner, handled","MEAL_DONE.nav3","Inbox","navigation","","LOCAL navigate","","INBOX","[]","Preserve the current draft and open the destination.","guest-or-member","Validate authentication scope, feature flag, resource ownership/membership, current revision and required field constraints on the server for network operations.","401 expired session → login with safe return; 403/404 unavailable → remove restricted content; 409/412 conflict → refresh and review; 422 invalid → inline correction; 429/503 → bounded retry with input retained.","Available locally; reauthorize any destination data on access.","No durable command; provider/native-specific replay protection applies.","no"
"MEAL_DONE","Dinner, handled","MEAL_DONE.nav4","My Plate","navigation","","LOCAL navigate","","PROFILE_PLATE","[]","Preserve the current draft and open the destination.","guest-or-member","Validate authentication scope, feature flag, resource ownership/membership, current revision and required field constraints on the server for network operations.","401 expired session → login with safe return; 403/404 unavailable → remove restricted content; 409/412 conflict → refresh and review; 422 invalid → inline correction; 429/503 → bounded retry with input retained.","Available locally; reauthorize any destination data on access.","No durable command; provider/native-specific replay protection applies.","no"
"FEEDBACK","Worth an encore?","FEEDBACK.back","Back","back","","LOCAL navigate","","MEAL_DONE","[]","Return to previous allowed screen; retain draft/session state. Unsaved destructive exits ask before discarding.","guest-or-member","Validate authentication scope, feature flag, resource ownership/membership, current revision and required field constraints on the server for network operations.","401 expired session → login with safe return; 403/404 unavailable → remove restricted content; 409/412 conflict → refresh and review; 422 invalid → inline correction; 429/503 → bounded retry with input retained.","Available locally; reauthorize any destination data on access.","No durable command; provider/native-specific replay protection applies.","no"
"FEEDBACK","Worth an encore?","FEEDBACK.01","Save feedback","screen","","POST /v1/feedback","createFeedback","MEAL_DONE","[]","Upsert explicit feedback for the user and session; create reviewable memory candidates with provenance.","guest-or-member","Validate authentication scope, feature flag, resource ownership/membership, current revision and required field constraints on the server for network operations.","401 expired session → login with safe return; 403/404 unavailable → remove restricted content; 409/412 conflict → refresh and review; 422 invalid → inline correction; 429/503 → bounded retry with input retained.","Queue private feedback with client operation ID.","Stable client operation ID for durable command; server idempotency record and transaction receipt. If-Match where versioned.","no"
"FEEDBACK","Worth an encore?","FEEDBACK.02","Skip","screen","","LOCAL navigate","","MEAL_DONE","[]","Create no feedback record or negative preference.","guest-or-member","Validate authentication scope, feature flag, resource ownership/membership, current revision and required field constraints on the server for network operations.","401 expired session → login with safe return; 403/404 unavailable → remove restricted content; 409/412 conflict → refresh and review; 422 invalid → inline correction; 429/503 → bounded retry with input retained.","Available locally; reauthorize any destination data on access.","No durable command; provider/native-specific replay protection applies.","no"
"FEEDBACK","Worth an encore?","FEEDBACK.03","Edit previous feedback","screen","","PATCH /v1/feedback/{feedbackId}","updateFeedback","","[]","Revise owned explicit feedback; update derived memory provenance and ranking revision.","guest-or-member","Validate authentication scope, feature flag, resource ownership/membership, current revision and required field constraints on the server for network operations.","401 expired session → login with safe return; 403/404 unavailable → remove restricted content; 409/412 conflict → refresh and review; 422 invalid → inline correction; 429/503 → bounded retry with input retained.","Retain input and retry online; do not show a durable success before server receipt.","Stable client operation ID for durable command; server idempotency record and transaction receipt. If-Match where versioned.","no"
"FEEDBACK","Worth an encore?","FEEDBACK.04","Remove my feedback","screen","","DELETE /v1/feedback/{feedbackId}","deleteFeedback","MEAL_DONE","[]","Retract source feedback and resulting unsupported memory influences; retain only legally required audit metadata.","guest-or-member","Validate authentication scope, feature flag, resource ownership/membership, current revision and required field constraints on the server for network operations.","401 expired session → login with safe return; 403/404 unavailable → remove restricted content; 409/412 conflict → refresh and review; 422 invalid → inline correction; 429/503 → bounded retry with input retained.","Retain input and retry online; do not show a durable success before server receipt.","Stable client operation ID for durable command; server idempotency record and transaction receipt. If-Match where versioned.","yes"
"FEEDBACK","Worth an encore?","FEEDBACK.nav0","Today","navigation","","LOCAL navigate","","TODAY","[]","Preserve the current draft and open the destination.","guest-or-member","Validate authentication scope, feature flag, resource ownership/membership, current revision and required field constraints on the server for network operations.","401 expired session → login with safe return; 403/404 unavailable → remove restricted content; 409/412 conflict → refresh and review; 422 invalid → inline correction; 429/503 → bounded retry with input retained.","Available locally; reauthorize any destination data on access.","No durable command; provider/native-specific replay protection applies.","no"
"FEEDBACK","Worth an encore?","FEEDBACK.nav1","Cook","navigation","","LOCAL navigate","","HOME","[]","Preserve the current draft and open the destination.","guest-or-member","Validate authentication scope, feature flag, resource ownership/membership, current revision and required field constraints on the server for network operations.","401 expired session → login with safe return; 403/404 unavailable → remove restricted content; 409/412 conflict → refresh and review; 422 invalid → inline correction; 429/503 → bounded retry with input retained.","Available locally; reauthorize any destination data on access.","No durable command; provider/native-specific replay protection applies.","no"
"FEEDBACK","Worth an encore?","FEEDBACK.nav2","Cookbook","navigation","","LOCAL navigate","","COOKBOOK","[]","Preserve the current draft and open the destination.","guest-or-member","Validate authentication scope, feature flag, resource ownership/membership, current revision and required field constraints on the server for network operations.","401 expired session → login with safe return; 403/404 unavailable → remove restricted content; 409/412 conflict → refresh and review; 422 invalid → inline correction; 429/503 → bounded retry with input retained.","Available locally; reauthorize any destination data on access.","No durable command; provider/native-specific replay protection applies.","no"
"FEEDBACK","Worth an encore?","FEEDBACK.nav3","Inbox","navigation","","LOCAL navigate","","INBOX","[]","Preserve the current draft and open the destination.","guest-or-member","Validate authentication scope, feature flag, resource ownership/membership, current revision and required field constraints on the server for network operations.","401 expired session → login with safe return; 403/404 unavailable → remove restricted content; 409/412 conflict → refresh and review; 422 invalid → inline correction; 429/503 → bounded retry with input retained.","Available locally; reauthorize any destination data on access.","No durable command; provider/native-specific replay protection applies.","no"
"FEEDBACK","Worth an encore?","FEEDBACK.nav4","My Plate","navigation","","LOCAL navigate","","PROFILE_PLATE","[]","Preserve the current draft and open the destination.","guest-or-member","Validate authentication scope, feature flag, resource ownership/membership, current revision and required field constraints on the server for network operations.","401 expired session → login with safe return; 403/404 unavailable → remove restricted content; 409/412 conflict → refresh and review; 422 invalid → inline correction; 429/503 → bounded retry with input retained.","Available locally; reauthorize any destination data on access.","No durable command; provider/native-specific replay protection applies.","no"
"REUSE","One useful next meal","REUSE.back","Back","back","","LOCAL navigate","","MEAL_DONE","[]","Return to previous allowed screen; retain draft/session state. Unsaved destructive exits ask before discarding.","guest-or-member","Validate authentication scope, feature flag, resource ownership/membership, current revision and required field constraints on the server for network operations.","401 expired session → login with safe return; 403/404 unavailable → remove restricted content; 409/412 conflict → refresh and review; 422 invalid → inline correction; 429/503 → bounded retry with input retained.","Available locally; reauthorize any destination data on access.","No durable command; provider/native-specific replay protection applies.","no"
"REUSE","One useful next meal","REUSE.01","Find a next use","screen","","POST /v1/reuse-options","createReuseOptions","RECOMMENDATIONS","[]","Submit explicit reuse intent and current constraints; do not infer safe storage or expiry.","guest-or-member","Validate authentication scope, feature flag, resource ownership/membership, current revision and required field constraints on the server for network operations.","401 expired session → login with safe return; 403/404 unavailable → remove restricted content; 409/412 conflict → refresh and review; 422 invalid → inline correction; 429/503 → bounded retry with input retained.","Retain input and retry online; do not show a durable success before server receipt.","Stable client operation ID for durable command; server idempotency record and transaction receipt. If-Match where versioned.","no"
"REUSE","One useful next meal","REUSE.02","Not now","screen","","LOCAL navigate","","MEAL_DONE","[]","Preserve the current draft and open the destination.","guest-or-member","Validate authentication scope, feature flag, resource ownership/membership, current revision and required field constraints on the server for network operations.","401 expired session → login with safe return; 403/404 unavailable → remove restricted content; 409/412 conflict → refresh and review; 422 invalid → inline correction; 429/503 → bounded retry with input retained.","Available locally; reauthorize any destination data on access.","No durable command; provider/native-specific replay protection applies.","no"
"REUSE","One useful next meal","REUSE.nav0","Today","navigation","","LOCAL navigate","","TODAY","[]","Preserve the current draft and open the destination.","guest-or-member","Validate authentication scope, feature flag, resource ownership/membership, current revision and required field constraints on the server for network operations.","401 expired session → login with safe return; 403/404 unavailable → remove restricted content; 409/412 conflict → refresh and review; 422 invalid → inline correction; 429/503 → bounded retry with input retained.","Available locally; reauthorize any destination data on access.","No durable command; provider/native-specific replay protection applies.","no"
"REUSE","One useful next meal","REUSE.nav1","Cook","navigation","","LOCAL navigate","","HOME","[]","Preserve the current draft and open the destination.","guest-or-member","Validate authentication scope, feature flag, resource ownership/membership, current revision and required field constraints on the server for network operations.","401 expired session → login with safe return; 403/404 unavailable → remove restricted content; 409/412 conflict → refresh and review; 422 invalid → inline correction; 429/503 → bounded retry with input retained.","Available locally; reauthorize any destination data on access.","No durable command; provider/native-specific replay protection applies.","no"
"REUSE","One useful next meal","REUSE.nav2","Cookbook","navigation","","LOCAL navigate","","COOKBOOK","[]","Preserve the current draft and open the destination.","guest-or-member","Validate authentication scope, feature flag, resource ownership/membership, current revision and required field constraints on the server for network operations.","401 expired session → login with safe return; 403/404 unavailable → remove restricted content; 409/412 conflict → refresh and review; 422 invalid → inline correction; 429/503 → bounded retry with input retained.","Available locally; reauthorize any destination data on access.","No durable command; provider/native-specific replay protection applies.","no"
"REUSE","One useful next meal","REUSE.nav3","Inbox","navigation","","LOCAL navigate","","INBOX","[]","Preserve the current draft and open the destination.","guest-or-member","Validate authentication scope, feature flag, resource ownership/membership, current revision and required field constraints on the server for network operations.","401 expired session → login with safe return; 403/404 unavailable → remove restricted content; 409/412 conflict → refresh and review; 422 invalid → inline correction; 429/503 → bounded retry with input retained.","Available locally; reauthorize any destination data on access.","No durable command; provider/native-specific replay protection applies.","no"
"REUSE","One useful next meal","REUSE.nav4","My Plate","navigation","","LOCAL navigate","","PROFILE_PLATE","[]","Preserve the current draft and open the destination.","guest-or-member","Validate authentication scope, feature flag, resource ownership/membership, current revision and required field constraints on the server for network operations.","401 expired session → login with safe return; 403/404 unavailable → remove restricted content; 409/412 conflict → refresh and review; 422 invalid → inline correction; 429/503 → bounded retry with input retained.","Available locally; reauthorize any destination data on access.","No durable command; provider/native-specific replay protection applies.","no"
"COOKBOOK","Your reliable meals","COOKBOOK.back","Back","back","","LOCAL navigate","","HOME","[]","Return to previous allowed screen; retain draft/session state. Unsaved destructive exits ask before discarding.","guest-or-member","Validate authentication scope, feature flag, resource ownership/membership, current revision and required field constraints on the server for network operations.","401 expired session → login with safe return; 403/404 unavailable → remove restricted content; 409/412 conflict → refresh and review; 422 invalid → inline correction; 429/503 → bounded retry with input retained.","Available locally; reauthorize any destination data on access.","No durable command; provider/native-specific replay protection applies.","no"
"COOKBOOK","Your reliable meals","COOKBOOK.01","Open saved meal","screen","","LOCAL navigate","","RECIPE","[]","Preserve the current draft and open the destination.","guest-or-member","Validate authentication scope, feature flag, resource ownership/membership, current revision and required field constraints on the server for network operations.","401 expired session → login with safe return; 403/404 unavailable → remove restricted content; 409/412 conflict → refresh and review; 422 invalid → inline correction; 429/503 → bounded retry with input retained.","Available locally; reauthorize any destination data on access.","No durable command; provider/native-specific replay protection applies.","no"
"COOKBOOK","Your reliable meals","COOKBOOK.02","Tonight?","screen","","LOCAL navigate","","TONIGHT","[]","Preserve the current draft and open the destination.","guest-or-member","Validate authentication scope, feature flag, resource ownership/membership, current revision and required field constraints on the server for network operations.","401 expired session → login with safe return; 403/404 unavailable → remove restricted content; 409/412 conflict → refresh and review; 422 invalid → inline correction; 429/503 → bounded retry with input retained.","Available locally; reauthorize any destination data on access.","No durable command; provider/native-specific replay protection applies.","no"
"COOKBOOK","Your reliable meals","COOKBOOK.03","Open collection","screen","","LOCAL navigate","","COLLECTION","[]","Preserve the current draft and open the destination.","guest-or-member","Validate authentication scope, feature flag, resource ownership/membership, current revision and required field constraints on the server for network operations.","401 expired session → login with safe return; 403/404 unavailable → remove restricted content; 409/412 conflict → refresh and review; 422 invalid → inline correction; 429/503 → bounded retry with input retained.","Available locally; reauthorize any destination data on access.","No durable command; provider/native-specific replay protection applies.","no"
"COOKBOOK","Your reliable meals","COOKBOOK.04","Create collection","screen","","LOCAL navigate","","COLLECTION_EDIT","[]","Preserve the current draft and open the destination.","guest-or-member","Validate authentication scope, feature flag, resource ownership/membership, current revision and required field constraints on the server for network operations.","401 expired session → login with safe return; 403/404 unavailable → remove restricted content; 409/412 conflict → refresh and review; 422 invalid → inline correction; 429/503 → bounded retry with input retained.","Available locally; reauthorize any destination data on access.","No durable command; provider/native-specific replay protection applies.","no"
"COOKBOOK","Your reliable meals","COOKBOOK.05","Manage taste memory","screen","","LOCAL navigate","","MEMORY","[]","Preserve the current draft and open the destination.","guest-or-member","Validate authentication scope, feature flag, resource ownership/membership, current revision and required field constraints on the server for network operations.","401 expired session → login with safe return; 403/404 unavailable → remove restricted content; 409/412 conflict → refresh and review; 422 invalid → inline correction; 429/503 → bounded retry with input retained.","Available locally; reauthorize any destination data on access.","No durable command; provider/native-specific replay protection applies.","no"
"COOKBOOK","Your reliable meals","COOKBOOK.06","Explore library tools","screen","","LOCAL navigate","","PAYWALL","[]","Preserve the current draft and open the destination.","guest-or-member","Validate authentication scope, feature flag, resource ownership/membership, current revision and required field constraints on the server for network operations.","401 expired session → login with safe return; 403/404 unavailable → remove restricted content; 409/412 conflict → refresh and review; 422 invalid → inline correction; 429/503 → bounded retry with input retained.","Available locally; reauthorize any destination data on access.","No durable command; provider/native-specific replay protection applies.","no"
"COOKBOOK","Your reliable meals","COOKBOOK.07","Select this recipe","screen","picker mode only","LOCAL pickerResult","","","[[""REVIEW_ATTACHMENT"",""attachment picker""],[""SOS_DETAIL"",""SOS reply""],[""PACT_CREATE"",""pact picker""],[""POLL_CREATE"",""poll option picker""]]","Visible only in picker context: validate the chosen recipe’s applicable rights, return a typed result to the origin and clear picker context.","guest-or-member","Validate authentication scope, feature flag, resource ownership/membership, current revision and required field constraints on the server for network operations.","401 expired session → login with safe return; 403/404 unavailable → remove restricted content; 409/412 conflict → refresh and review; 422 invalid → inline correction; 429/503 → bounded retry with input retained.","Available locally; reauthorize any destination data on access.","No durable command; provider/native-specific replay protection applies.","no"
"COOKBOOK","Your reliable meals","COOKBOOK.08","Cancel selection","screen","picker mode only","LOCAL pickerCancel","","","[[""ATTACH_RECIPE"",""attachment picker""],[""SOS_DETAIL"",""SOS reply""],[""PACT_CREATE"",""pact picker""],[""POLL_CREATE"",""poll option picker""]]","Visible only in picker context: restore originating draft unchanged.","guest-or-member","Validate authentication scope, feature flag, resource ownership/membership, current revision and required field constraints on the server for network operations.","401 expired session → login with safe return; 403/404 unavailable → remove restricted content; 409/412 conflict → refresh and review; 422 invalid → inline correction; 429/503 → bounded retry with input retained.","Available locally; reauthorize any destination data on access.","No durable command; provider/native-specific replay protection applies.","no"
"COOKBOOK","Your reliable meals","COOKBOOK.09","Delete selected saved recipe","screen","","DELETE /v1/saved-recipes/{savedRecipeId}","deleteSavedRecipe","","[]","Delete this user’s private copy and collection memberships, not the original author’s content.","guest-or-member","Validate authentication scope, feature flag, resource ownership/membership, current revision and required field constraints on the server for network operations.","401 expired session → login with safe return; 403/404 unavailable → remove restricted content; 409/412 conflict → refresh and review; 422 invalid → inline correction; 429/503 → bounded retry with input retained.","Retain input and retry online; do not show a durable success before server receipt.","Stable client operation ID for durable command; server idempotency record and transaction receipt. If-Match where versioned.","yes"
"COOKBOOK","Your reliable meals","COOKBOOK.nav0","Today","navigation","","LOCAL navigate","","TODAY","[]","Preserve the current draft and open the destination.","guest-or-member","Validate authentication scope, feature flag, resource ownership/membership, current revision and required field constraints on the server for network operations.","401 expired session → login with safe return; 403/404 unavailable → remove restricted content; 409/412 conflict → refresh and review; 422 invalid → inline correction; 429/503 → bounded retry with input retained.","Available locally; reauthorize any destination data on access.","No durable command; provider/native-specific replay protection applies.","no"
"COOKBOOK","Your reliable meals","COOKBOOK.nav1","Cook","navigation","","LOCAL navigate","","HOME","[]","Preserve the current draft and open the destination.","guest-or-member","Validate authentication scope, feature flag, resource ownership/membership, current revision and required field constraints on the server for network operations.","401 expired session → login with safe return; 403/404 unavailable → remove restricted content; 409/412 conflict → refresh and review; 422 invalid → inline correction; 429/503 → bounded retry with input retained.","Available locally; reauthorize any destination data on access.","No durable command; provider/native-specific replay protection applies.","no"
"COOKBOOK","Your reliable meals","COOKBOOK.nav2","Cookbook","navigation","","LOCAL navigate","","COOKBOOK","[]","Preserve the current draft and open the destination.","guest-or-member","Validate authentication scope, feature flag, resource ownership/membership, current revision and required field constraints on the server for network operations.","401 expired session → login with safe return; 403/404 unavailable → remove restricted content; 409/412 conflict → refresh and review; 422 invalid → inline correction; 429/503 → bounded retry with input retained.","Available locally; reauthorize any destination data on access.","No durable command; provider/native-specific replay protection applies.","no"
"COOKBOOK","Your reliable meals","COOKBOOK.nav3","Inbox","navigation","","LOCAL navigate","","INBOX","[]","Preserve the current draft and open the destination.","guest-or-member","Validate authentication scope, feature flag, resource ownership/membership, current revision and required field constraints on the server for network operations.","401 expired session → login with safe return; 403/404 unavailable → remove restricted content; 409/412 conflict → refresh and review; 422 invalid → inline correction; 429/503 → bounded retry with input retained.","Available locally; reauthorize any destination data on access.","No durable command; provider/native-specific replay protection applies.","no"
"COOKBOOK","Your reliable meals","COOKBOOK.nav4","My Plate","navigation","","LOCAL navigate","","PROFILE_PLATE","[]","Preserve the current draft and open the destination.","guest-or-member","Validate authentication scope, feature flag, resource ownership/membership, current revision and required field constraints on the server for network operations.","401 expired session → login with safe return; 403/404 unavailable → remove restricted content; 409/412 conflict → refresh and review; 422 invalid → inline correction; 429/503 → bounded retry with input retained.","Available locally; reauthorize any destination data on access.","No durable command; provider/native-specific replay protection applies.","no"
"COLLECTION","Saved collection","COLLECTION.back","Back","back","","LOCAL navigate","","COOKBOOK","[]","Return to previous allowed screen; retain draft/session state. Unsaved destructive exits ask before discarding.","guest-or-member","Validate authentication scope, feature flag, resource ownership/membership, current revision and required field constraints on the server for network operations.","401 expired session → login with safe return; 403/404 unavailable → remove restricted content; 409/412 conflict → refresh and review; 422 invalid → inline correction; 429/503 → bounded retry with input retained.","Available locally; reauthorize any destination data on access.","No durable command; provider/native-specific replay protection applies.","no"
"COLLECTION","Saved collection","COLLECTION.01","Open recipe","screen","","LOCAL navigate","","RECIPE","[]","Preserve the current draft and open the destination.","guest-or-member","Validate authentication scope, feature flag, resource ownership/membership, current revision and required field constraints on the server for network operations.","401 expired session → login with safe return; 403/404 unavailable → remove restricted content; 409/412 conflict → refresh and review; 422 invalid → inline correction; 429/503 → bounded retry with input retained.","Available locally; reauthorize any destination data on access.","No durable command; provider/native-specific replay protection applies.","no"
"COLLECTION","Saved collection","COLLECTION.02","Edit collection","screen","","LOCAL navigate","","COLLECTION_EDIT","[]","Preserve the current draft and open the destination.","guest-or-member","Validate authentication scope, feature flag, resource ownership/membership, current revision and required field constraints on the server for network operations.","401 expired session → login with safe return; 403/404 unavailable → remove restricted content; 409/412 conflict → refresh and review; 422 invalid → inline correction; 429/503 → bounded retry with input retained.","Available locally; reauthorize any destination data on access.","No durable command; provider/native-specific replay protection applies.","no"
"COLLECTION","Saved collection","COLLECTION.03","Remove selected save","screen","","DELETE /v1/collections/{collectionId}/items/{savedRecipeId}","removeCollectionItem","","[]","Remove only this private save; no deletion of source post or other users’ copies.","guest-or-member","Validate authentication scope, feature flag, resource ownership/membership, current revision and required field constraints on the server for network operations.","401 expired session → login with safe return; 403/404 unavailable → remove restricted content; 409/412 conflict → refresh and review; 422 invalid → inline correction; 429/503 → bounded retry with input retained.","Retain input and retry online; do not show a durable success before server receipt.","Stable client operation ID for durable command; server idempotency record and transaction receipt. If-Match where versioned.","no"
"COLLECTION","Saved collection","COLLECTION.04","Make this tonight","screen","","LOCAL navigate","","TONIGHT","[]","Preserve the current draft and open the destination.","guest-or-member","Validate authentication scope, feature flag, resource ownership/membership, current revision and required field constraints on the server for network operations.","401 expired session → login with safe return; 403/404 unavailable → remove restricted content; 409/412 conflict → refresh and review; 422 invalid → inline correction; 429/503 → bounded retry with input retained.","Available locally; reauthorize any destination data on access.","No durable command; provider/native-specific replay protection applies.","no"
"COLLECTION","Saved collection","COLLECTION.05","Add existing save","screen","","POST /v1/collections/{collectionId}/items","addCollectionItem","","[]","Attach an existing owner-scoped savedRecipeId; unique collection/item relation prevents duplicates.","guest-or-member","Validate authentication scope, feature flag, resource ownership/membership, current revision and required field constraints on the server for network operations.","401 expired session → login with safe return; 403/404 unavailable → remove restricted content; 409/412 conflict → refresh and review; 422 invalid → inline correction; 429/503 → bounded retry with input retained.","Retain input and retry online; do not show a durable success before server receipt.","Stable client operation ID for durable command; server idempotency record and transaction receipt. If-Match where versioned.","no"
"COLLECTION","Saved collection","COLLECTION.06","Delete collection","screen","","DELETE /v1/collections/{collectionId}","deleteCollection","COOKBOOK","[]","Remove organization only; recipe saves persist. Require owner, version and explicit confirmation.","guest-or-member","Validate authentication scope, feature flag, resource ownership/membership, current revision and required field constraints on the server for network operations.","401 expired session → login with safe return; 403/404 unavailable → remove restricted content; 409/412 conflict → refresh and review; 422 invalid → inline correction; 429/503 → bounded retry with input retained.","Retain input and retry online; do not show a durable success before server receipt.","Stable client operation ID for durable command; server idempotency record and transaction receipt. If-Match where versioned.","yes"
"COLLECTION","Saved collection","COLLECTION.nav0","Today","navigation","","LOCAL navigate","","TODAY","[]","Preserve the current draft and open the destination.","guest-or-member","Validate authentication scope, feature flag, resource ownership/membership, current revision and required field constraints on the server for network operations.","401 expired session → login with safe return; 403/404 unavailable → remove restricted content; 409/412 conflict → refresh and review; 422 invalid → inline correction; 429/503 → bounded retry with input retained.","Available locally; reauthorize any destination data on access.","No durable command; provider/native-specific replay protection applies.","no"
"COLLECTION","Saved collection","COLLECTION.nav1","Cook","navigation","","LOCAL navigate","","HOME","[]","Preserve the current draft and open the destination.","guest-or-member","Validate authentication scope, feature flag, resource ownership/membership, current revision and required field constraints on the server for network operations.","401 expired session → login with safe return; 403/404 unavailable → remove restricted content; 409/412 conflict → refresh and review; 422 invalid → inline correction; 429/503 → bounded retry with input retained.","Available locally; reauthorize any destination data on access.","No durable command; provider/native-specific replay protection applies.","no"
"COLLECTION","Saved collection","COLLECTION.nav2","Cookbook","navigation","","LOCAL navigate","","COOKBOOK","[]","Preserve the current draft and open the destination.","guest-or-member","Validate authentication scope, feature flag, resource ownership/membership, current revision and required field constraints on the server for network operations.","401 expired session → login with safe return; 403/404 unavailable → remove restricted content; 409/412 conflict → refresh and review; 422 invalid → inline correction; 429/503 → bounded retry with input retained.","Available locally; reauthorize any destination data on access.","No durable command; provider/native-specific replay protection applies.","no"
"COLLECTION","Saved collection","COLLECTION.nav3","Inbox","navigation","","LOCAL navigate","","INBOX","[]","Preserve the current draft and open the destination.","guest-or-member","Validate authentication scope, feature flag, resource ownership/membership, current revision and required field constraints on the server for network operations.","401 expired session → login with safe return; 403/404 unavailable → remove restricted content; 409/412 conflict → refresh and review; 422 invalid → inline correction; 429/503 → bounded retry with input retained.","Available locally; reauthorize any destination data on access.","No durable command; provider/native-specific replay protection applies.","no"
"COLLECTION","Saved collection","COLLECTION.nav4","My Plate","navigation","","LOCAL navigate","","PROFILE_PLATE","[]","Preserve the current draft and open the destination.","guest-or-member","Validate authentication scope, feature flag, resource ownership/membership, current revision and required field constraints on the server for network operations.","401 expired session → login with safe return; 403/404 unavailable → remove restricted content; 409/412 conflict → refresh and review; 422 invalid → inline correction; 429/503 → bounded retry with input retained.","Available locally; reauthorize any destination data on access.","No durable command; provider/native-specific replay protection applies.","no"
"COLLECTION_EDIT","Organize your cookbook","COLLECTION_EDIT.back","Back","back","","LOCAL navigate","","COOKBOOK","[]","Return to previous allowed screen; retain draft/session state. Unsaved destructive exits ask before discarding.","guest-or-member","Validate authentication scope, feature flag, resource ownership/membership, current revision and required field constraints on the server for network operations.","401 expired session → login with safe return; 403/404 unavailable → remove restricted content; 409/412 conflict → refresh and review; 422 invalid → inline correction; 429/503 → bounded retry with input retained.","Available locally; reauthorize any destination data on access.","No durable command; provider/native-specific replay protection applies.","no"
"COLLECTION_EDIT","Organize your cookbook","COLLECTION_EDIT.01","Save collection","screen","","POST /v1/collections","createCollection","COLLECTION","[[""PAYWALL"",""premium-only organization requested without entitlement""]]","Create once with owner and requested organization features; enforce server entitlement.","guest-or-member","Validate authentication scope, feature flag, resource ownership/membership, current revision and required field constraints on the server for network operations.","401 expired session → login with safe return; 403/404 unavailable → remove restricted content; 409/412 conflict → refresh and review; 422 invalid → inline correction; 429/503 → bounded retry with input retained.","Retain input and retry online; do not show a durable success before server receipt.","Stable client operation ID for durable command; server idempotency record and transaction receipt. If-Match where versioned.","no"
"COLLECTION_EDIT","Organize your cookbook","COLLECTION_EDIT.02","Rename collection","screen","","PATCH /v1/collections/{collectionId}","updateCollection","COLLECTION","[]","Update owned collection name with If-Match revision; no recipe-content mutation.","guest-or-member","Validate authentication scope, feature flag, resource ownership/membership, current revision and required field constraints on the server for network operations.","401 expired session → login with safe return; 403/404 unavailable → remove restricted content; 409/412 conflict → refresh and review; 422 invalid → inline correction; 429/503 → bounded retry with input retained.","Retain input and retry online; do not show a durable success before server receipt.","Stable client operation ID for durable command; server idempotency record and transaction receipt. If-Match where versioned.","no"
"COLLECTION_EDIT","Organize your cookbook","COLLECTION_EDIT.03","Cancel","screen","","LOCAL navigate","","COOKBOOK","[]","Preserve the current draft and open the destination.","guest-or-member","Validate authentication scope, feature flag, resource ownership/membership, current revision and required field constraints on the server for network operations.","401 expired session → login with safe return; 403/404 unavailable → remove restricted content; 409/412 conflict → refresh and review; 422 invalid → inline correction; 429/503 → bounded retry with input retained.","Available locally; reauthorize any destination data on access.","No durable command; provider/native-specific replay protection applies.","no"
"COLLECTION_EDIT","Organize your cookbook","COLLECTION_EDIT.04","Move selected recipe up","screen","","LOCAL update","","","[]","Adjust draft item order without a server write; Save order commits allowed advanced organization.","guest-or-member","Validate authentication scope, feature flag, resource ownership/membership, current revision and required field constraints on the server for network operations.","401 expired session → login with safe return; 403/404 unavailable → remove restricted content; 409/412 conflict → refresh and review; 422 invalid → inline correction; 429/503 → bounded retry with input retained.","Available locally; reauthorize any destination data on access.","No durable command; provider/native-specific replay protection applies.","no"
"COLLECTION_EDIT","Organize your cookbook","COLLECTION_EDIT.05","Move selected recipe down","screen","","LOCAL update","","","[]","Adjust draft item order with bounds; preserve recipe identity and rights.","guest-or-member","Validate authentication scope, feature flag, resource ownership/membership, current revision and required field constraints on the server for network operations.","401 expired session → login with safe return; 403/404 unavailable → remove restricted content; 409/412 conflict → refresh and review; 422 invalid → inline correction; 429/503 → bounded retry with input retained.","Available locally; reauthorize any destination data on access.","No durable command; provider/native-specific replay protection applies.","no"
"COLLECTION_EDIT","Organize your cookbook","COLLECTION_EDIT.06","Save order","screen","","POST /v1/collections/{collectionId}/order","reorderCollection","COLLECTION","[]","Commit exact unique ordered existing savedRecipeIds with collection revision and server capability check.","guest-or-member","Validate authentication scope, feature flag, resource ownership/membership, current revision and required field constraints on the server for network operations.","401 expired session → login with safe return; 403/404 unavailable → remove restricted content; 409/412 conflict → refresh and review; 422 invalid → inline correction; 429/503 → bounded retry with input retained.","Retain input and retry online; do not show a durable success before server receipt.","Stable client operation ID for durable command; server idempotency record and transaction receipt. If-Match where versioned.","no"
"COLLECTION_EDIT","Organize your cookbook","COLLECTION_EDIT.nav0","Today","navigation","","LOCAL navigate","","TODAY","[]","Preserve the current draft and open the destination.","guest-or-member","Validate authentication scope, feature flag, resource ownership/membership, current revision and required field constraints on the server for network operations.","401 expired session → login with safe return; 403/404 unavailable → remove restricted content; 409/412 conflict → refresh and review; 422 invalid → inline correction; 429/503 → bounded retry with input retained.","Available locally; reauthorize any destination data on access.","No durable command; provider/native-specific replay protection applies.","no"
"COLLECTION_EDIT","Organize your cookbook","COLLECTION_EDIT.nav1","Cook","navigation","","LOCAL navigate","","HOME","[]","Preserve the current draft and open the destination.","guest-or-member","Validate authentication scope, feature flag, resource ownership/membership, current revision and required field constraints on the server for network operations.","401 expired session → login with safe return; 403/404 unavailable → remove restricted content; 409/412 conflict → refresh and review; 422 invalid → inline correction; 429/503 → bounded retry with input retained.","Available locally; reauthorize any destination data on access.","No durable command; provider/native-specific replay protection applies.","no"
"COLLECTION_EDIT","Organize your cookbook","COLLECTION_EDIT.nav2","Cookbook","navigation","","LOCAL navigate","","COOKBOOK","[]","Preserve the current draft and open the destination.","guest-or-member","Validate authentication scope, feature flag, resource ownership/membership, current revision and required field constraints on the server for network operations.","401 expired session → login with safe return; 403/404 unavailable → remove restricted content; 409/412 conflict → refresh and review; 422 invalid → inline correction; 429/503 → bounded retry with input retained.","Available locally; reauthorize any destination data on access.","No durable command; provider/native-specific replay protection applies.","no"
"COLLECTION_EDIT","Organize your cookbook","COLLECTION_EDIT.nav3","Inbox","navigation","","LOCAL navigate","","INBOX","[]","Preserve the current draft and open the destination.","guest-or-member","Validate authentication scope, feature flag, resource ownership/membership, current revision and required field constraints on the server for network operations.","401 expired session → login with safe return; 403/404 unavailable → remove restricted content; 409/412 conflict → refresh and review; 422 invalid → inline correction; 429/503 → bounded retry with input retained.","Available locally; reauthorize any destination data on access.","No durable command; provider/native-specific replay protection applies.","no"
"COLLECTION_EDIT","Organize your cookbook","COLLECTION_EDIT.nav4","My Plate","navigation","","LOCAL navigate","","PROFILE_PLATE","[]","Preserve the current draft and open the destination.","guest-or-member","Validate authentication scope, feature flag, resource ownership/membership, current revision and required field constraints on the server for network operations.","401 expired session → login with safe return; 403/404 unavailable → remove restricted content; 409/412 conflict → refresh and review; 422 invalid → inline correction; 429/503 → bounded retry with input retained.","Available locally; reauthorize any destination data on access.","No durable command; provider/native-specific replay protection applies.","no"
"MEMORY","What works for you","MEMORY.back","Back","back","","LOCAL navigate","","SETTINGS","[]","Return to previous allowed screen; retain draft/session state. Unsaved destructive exits ask before discarding.","guest-or-member","Validate authentication scope, feature flag, resource ownership/membership, current revision and required field constraints on the server for network operations.","401 expired session → login with safe return; 403/404 unavailable → remove restricted content; 409/412 conflict → refresh and review; 422 invalid → inline correction; 429/503 → bounded retry with input retained.","Available locally; reauthorize any destination data on access.","No durable command; provider/native-specific replay protection applies.","no"
"MEMORY","What works for you","MEMORY.01","Inspect a memory","screen","","LOCAL navigate","","MEMORY_DETAIL","[]","Preserve the current draft and open the destination.","guest-or-member","Validate authentication scope, feature flag, resource ownership/membership, current revision and required field constraints on the server for network operations.","401 expired session → login with safe return; 403/404 unavailable → remove restricted content; 409/412 conflict → refresh and review; 422 invalid → inline correction; 429/503 → bounded retry with input retained.","Available locally; reauthorize any destination data on access.","No durable command; provider/native-specific replay protection applies.","no"
"MEMORY","What works for you","MEMORY.02","Edit food preferences","screen","","LOCAL navigate","","FOOD_PREFS","[]","Preserve the current draft and open the destination.","guest-or-member","Validate authentication scope, feature flag, resource ownership/membership, current revision and required field constraints on the server for network operations.","401 expired session → login with safe return; 403/404 unavailable → remove restricted content; 409/412 conflict → refresh and review; 422 invalid → inline correction; 429/503 → bounded retry with input retained.","Available locally; reauthorize any destination data on access.","No durable command; provider/native-specific replay protection applies.","no"
"MEMORY","What works for you","MEMORY.03","Pause personalization","screen","","PATCH /v1/preferences","updatePreferences","","[]","Disable learned ranking while keeping explicit exclusions active; explain retained records.","guest-or-member","Validate authentication scope, feature flag, resource ownership/membership, current revision and required field constraints on the server for network operations.","401 expired session → login with safe return; 403/404 unavailable → remove restricted content; 409/412 conflict → refresh and review; 422 invalid → inline correction; 429/503 → bounded retry with input retained.","Retain input and retry online; do not show a durable success before server receipt.","Stable client operation ID for durable command; server idempotency record and transaction receipt. If-Match where versioned.","no"
"MEMORY","What works for you","MEMORY.04","Return to saved meals","screen","","LOCAL navigate","","COOKBOOK","[]","Preserve the current draft and open the destination.","guest-or-member","Validate authentication scope, feature flag, resource ownership/membership, current revision and required field constraints on the server for network operations.","401 expired session → login with safe return; 403/404 unavailable → remove restricted content; 409/412 conflict → refresh and review; 422 invalid → inline correction; 429/503 → bounded retry with input retained.","Available locally; reauthorize any destination data on access.","No durable command; provider/native-specific replay protection applies.","no"
"MEMORY","What works for you","MEMORY.nav0","Today","navigation","","LOCAL navigate","","TODAY","[]","Preserve the current draft and open the destination.","guest-or-member","Validate authentication scope, feature flag, resource ownership/membership, current revision and required field constraints on the server for network operations.","401 expired session → login with safe return; 403/404 unavailable → remove restricted content; 409/412 conflict → refresh and review; 422 invalid → inline correction; 429/503 → bounded retry with input retained.","Available locally; reauthorize any destination data on access.","No durable command; provider/native-specific replay protection applies.","no"
"MEMORY","What works for you","MEMORY.nav1","Cook","navigation","","LOCAL navigate","","HOME","[]","Preserve the current draft and open the destination.","guest-or-member","Validate authentication scope, feature flag, resource ownership/membership, current revision and required field constraints on the server for network operations.","401 expired session → login with safe return; 403/404 unavailable → remove restricted content; 409/412 conflict → refresh and review; 422 invalid → inline correction; 429/503 → bounded retry with input retained.","Available locally; reauthorize any destination data on access.","No durable command; provider/native-specific replay protection applies.","no"
"MEMORY","What works for you","MEMORY.nav2","Cookbook","navigation","","LOCAL navigate","","COOKBOOK","[]","Preserve the current draft and open the destination.","guest-or-member","Validate authentication scope, feature flag, resource ownership/membership, current revision and required field constraints on the server for network operations.","401 expired session → login with safe return; 403/404 unavailable → remove restricted content; 409/412 conflict → refresh and review; 422 invalid → inline correction; 429/503 → bounded retry with input retained.","Available locally; reauthorize any destination data on access.","No durable command; provider/native-specific replay protection applies.","no"
"MEMORY","What works for you","MEMORY.nav3","Inbox","navigation","","LOCAL navigate","","INBOX","[]","Preserve the current draft and open the destination.","guest-or-member","Validate authentication scope, feature flag, resource ownership/membership, current revision and required field constraints on the server for network operations.","401 expired session → login with safe return; 403/404 unavailable → remove restricted content; 409/412 conflict → refresh and review; 422 invalid → inline correction; 429/503 → bounded retry with input retained.","Available locally; reauthorize any destination data on access.","No durable command; provider/native-specific replay protection applies.","no"
"MEMORY","What works for you","MEMORY.nav4","My Plate","navigation","","LOCAL navigate","","PROFILE_PLATE","[]","Preserve the current draft and open the destination.","guest-or-member","Validate authentication scope, feature flag, resource ownership/membership, current revision and required field constraints on the server for network operations.","401 expired session → login with safe return; 403/404 unavailable → remove restricted content; 409/412 conflict → refresh and review; 422 invalid → inline correction; 429/503 → bounded retry with input retained.","Available locally; reauthorize any destination data on access.","No durable command; provider/native-specific replay protection applies.","no"
"MEMORY_DETAIL","A remembered preference","MEMORY_DETAIL.back","Back","back","","LOCAL navigate","","MEMORY","[]","Return to previous allowed screen; retain draft/session state. Unsaved destructive exits ask before discarding.","guest-or-member","Validate authentication scope, feature flag, resource ownership/membership, current revision and required field constraints on the server for network operations.","401 expired session → login with safe return; 403/404 unavailable → remove restricted content; 409/412 conflict → refresh and review; 422 invalid → inline correction; 429/503 → bounded retry with input retained.","Available locally; reauthorize any destination data on access.","No durable command; provider/native-specific replay protection applies.","no"
"MEMORY_DETAIL","A remembered preference","MEMORY_DETAIL.01","Update memory","screen","","PATCH /v1/memories/{memoryId}","updateMemory","MEMORY","[]","Revise user-owned memory with optimistic concurrency and invalidate personalized ranking cache.","guest-or-member","Validate authentication scope, feature flag, resource ownership/membership, current revision and required field constraints on the server for network operations.","401 expired session → login with safe return; 403/404 unavailable → remove restricted content; 409/412 conflict → refresh and review; 422 invalid → inline correction; 429/503 → bounded retry with input retained.","Retain input and retry online; do not show a durable success before server receipt.","Stable client operation ID for durable command; server idempotency record and transaction receipt. If-Match where versioned.","no"
"MEMORY_DETAIL","A remembered preference","MEMORY_DETAIL.02","Forget this","screen","","DELETE /v1/memories/{memoryId}","deleteMemory","MEMORY","[]","Delete memory and suppression provenance so old feedback cannot silently recreate it.","guest-or-member","Validate authentication scope, feature flag, resource ownership/membership, current revision and required field constraints on the server for network operations.","401 expired session → login with safe return; 403/404 unavailable → remove restricted content; 409/412 conflict → refresh and review; 422 invalid → inline correction; 429/503 → bounded retry with input retained.","Retain input and retry online; do not show a durable success before server receipt.","Stable client operation ID for durable command; server idempotency record and transaction receipt. If-Match where versioned.","no"
"MEMORY_DETAIL","A remembered preference","MEMORY_DETAIL.03","View source meal","screen","","LOCAL navigate","","RECIPE","[]","Preserve the current draft and open the destination.","guest-or-member","Validate authentication scope, feature flag, resource ownership/membership, current revision and required field constraints on the server for network operations.","401 expired session → login with safe return; 403/404 unavailable → remove restricted content; 409/412 conflict → refresh and review; 422 invalid → inline correction; 429/503 → bounded retry with input retained.","Available locally; reauthorize any destination data on access.","No durable command; provider/native-specific replay protection applies.","no"
"MEMORY_DETAIL","A remembered preference","MEMORY_DETAIL.nav0","Today","navigation","","LOCAL navigate","","TODAY","[]","Preserve the current draft and open the destination.","guest-or-member","Validate authentication scope, feature flag, resource ownership/membership, current revision and required field constraints on the server for network operations.","401 expired session → login with safe return; 403/404 unavailable → remove restricted content; 409/412 conflict → refresh and review; 422 invalid → inline correction; 429/503 → bounded retry with input retained.","Available locally; reauthorize any destination data on access.","No durable command; provider/native-specific replay protection applies.","no"
"MEMORY_DETAIL","A remembered preference","MEMORY_DETAIL.nav1","Cook","navigation","","LOCAL navigate","","HOME","[]","Preserve the current draft and open the destination.","guest-or-member","Validate authentication scope, feature flag, resource ownership/membership, current revision and required field constraints on the server for network operations.","401 expired session → login with safe return; 403/404 unavailable → remove restricted content; 409/412 conflict → refresh and review; 422 invalid → inline correction; 429/503 → bounded retry with input retained.","Available locally; reauthorize any destination data on access.","No durable command; provider/native-specific replay protection applies.","no"
"MEMORY_DETAIL","A remembered preference","MEMORY_DETAIL.nav2","Cookbook","navigation","","LOCAL navigate","","COOKBOOK","[]","Preserve the current draft and open the destination.","guest-or-member","Validate authentication scope, feature flag, resource ownership/membership, current revision and required field constraints on the server for network operations.","401 expired session → login with safe return; 403/404 unavailable → remove restricted content; 409/412 conflict → refresh and review; 422 invalid → inline correction; 429/503 → bounded retry with input retained.","Available locally; reauthorize any destination data on access.","No durable command; provider/native-specific replay protection applies.","no"
"MEMORY_DETAIL","A remembered preference","MEMORY_DETAIL.nav3","Inbox","navigation","","LOCAL navigate","","INBOX","[]","Preserve the current draft and open the destination.","guest-or-member","Validate authentication scope, feature flag, resource ownership/membership, current revision and required field constraints on the server for network operations.","401 expired session → login with safe return; 403/404 unavailable → remove restricted content; 409/412 conflict → refresh and review; 422 invalid → inline correction; 429/503 → bounded retry with input retained.","Available locally; reauthorize any destination data on access.","No durable command; provider/native-specific replay protection applies.","no"
"MEMORY_DETAIL","A remembered preference","MEMORY_DETAIL.nav4","My Plate","navigation","","LOCAL navigate","","PROFILE_PLATE","[]","Preserve the current draft and open the destination.","guest-or-member","Validate authentication scope, feature flag, resource ownership/membership, current revision and required field constraints on the server for network operations.","401 expired session → login with safe return; 403/404 unavailable → remove restricted content; 409/412 conflict → refresh and review; 422 invalid → inline correction; 429/503 → bounded retry with input retained.","Available locally; reauthorize any destination data on access.","No durable command; provider/native-specific replay protection applies.","no"
"TODAY","Today’s plates","TODAY.back","Back","back","","LOCAL navigate","","HOME","[]","Return to previous allowed screen; retain draft/session state. Unsaved destructive exits ask before discarding.","member","Validate authentication scope, feature flag, resource ownership/membership, current revision and required field constraints on the server for network operations.","401 expired session → login with safe return; 403/404 unavailable → remove restricted content; 409/412 conflict → refresh and review; 422 invalid → inline correction; 429/503 → bounded retry with input retained.","Available locally; reauthorize any destination data on access.","No durable command; provider/native-specific replay protection applies.","no"
"TODAY","Today’s plates","TODAY.01","Open a plate","screen","","LOCAL navigate","","STORY","[]","Preserve the current draft and open the destination.","member","Validate authentication scope, feature flag, resource ownership/membership, current revision and required field constraints on the server for network operations.","401 expired session → login with safe return; 403/404 unavailable → remove restricted content; 409/412 conflict → refresh and review; 422 invalid → inline correction; 429/503 → bounded retry with input retained.","Available locally; reauthorize any destination data on access.","No durable command; provider/native-specific replay protection applies.","no"
"TODAY","Today’s plates","TODAY.02","Share what I made","screen","","LOCAL navigate","","CAPTURE","[]","Preserve the current draft and open the destination.","member","Validate authentication scope, feature flag, resource ownership/membership, current revision and required field constraints on the server for network operations.","401 expired session → login with safe return; 403/404 unavailable → remove restricted content; 409/412 conflict → refresh and review; 422 invalid → inline correction; 429/503 → bounded retry with input retained.","Available locally; reauthorize any destination data on access.","No durable command; provider/native-specific replay protection applies.","no"
"TODAY","Today’s plates","TODAY.03","Choose a circle","screen","","LOCAL navigate","","CIRCLES","[]","Preserve the current draft and open the destination.","member","Validate authentication scope, feature flag, resource ownership/membership, current revision and required field constraints on the server for network operations.","401 expired session → login with safe return; 403/404 unavailable → remove restricted content; 409/412 conflict → refresh and review; 422 invalid → inline correction; 429/503 → bounded retry with input retained.","Available locally; reauthorize any destination data on access.","No durable command; provider/native-specific replay protection applies.","no"
"TODAY","Today’s plates","TODAY.04","Help me cook","screen","","LOCAL navigate","","HOME","[]","Preserve the current draft and open the destination.","member","Validate authentication scope, feature flag, resource ownership/membership, current revision and required field constraints on the server for network operations.","401 expired session → login with safe return; 403/404 unavailable → remove restricted content; 409/412 conflict → refresh and review; 422 invalid → inline correction; 429/503 → bounded retry with input retained.","Available locally; reauthorize any destination data on access.","No durable command; provider/native-specific replay protection applies.","no"
"TODAY","Today’s plates","TODAY.05","Refresh","screen","","GET /v1/posts/today","getToday","","[]","Fetch authorized non-expired placements with cursor and server time; reconcile deleted/blocked content.","member","Validate authentication scope, feature flag, resource ownership/membership, current revision and required field constraints on the server for network operations.","401 expired session → login with safe return; 403/404 unavailable → remove restricted content; 409/412 conflict → refresh and review; 422 invalid → inline correction; 429/503 → bounded retry with input retained.","Read only eligible cache; show staleness and do not infer current permissions.","No durable command; provider/native-specific replay protection applies.","no"
"TODAY","Today’s plates","TODAY.nav0","Today","navigation","","LOCAL navigate","","TODAY","[]","Preserve the current draft and open the destination.","member","Validate authentication scope, feature flag, resource ownership/membership, current revision and required field constraints on the server for network operations.","401 expired session → login with safe return; 403/404 unavailable → remove restricted content; 409/412 conflict → refresh and review; 422 invalid → inline correction; 429/503 → bounded retry with input retained.","Available locally; reauthorize any destination data on access.","No durable command; provider/native-specific replay protection applies.","no"
"TODAY","Today’s plates","TODAY.nav1","Cook","navigation","","LOCAL navigate","","HOME","[]","Preserve the current draft and open the destination.","member","Validate authentication scope, feature flag, resource ownership/membership, current revision and required field constraints on the server for network operations.","401 expired session → login with safe return; 403/404 unavailable → remove restricted content; 409/412 conflict → refresh and review; 422 invalid → inline correction; 429/503 → bounded retry with input retained.","Available locally; reauthorize any destination data on access.","No durable command; provider/native-specific replay protection applies.","no"
"TODAY","Today’s plates","TODAY.nav2","Cookbook","navigation","","LOCAL navigate","","COOKBOOK","[]","Preserve the current draft and open the destination.","member","Validate authentication scope, feature flag, resource ownership/membership, current revision and required field constraints on the server for network operations.","401 expired session → login with safe return; 403/404 unavailable → remove restricted content; 409/412 conflict → refresh and review; 422 invalid → inline correction; 429/503 → bounded retry with input retained.","Available locally; reauthorize any destination data on access.","No durable command; provider/native-specific replay protection applies.","no"
"TODAY","Today’s plates","TODAY.nav3","Inbox","navigation","","LOCAL navigate","","INBOX","[]","Preserve the current draft and open the destination.","member","Validate authentication scope, feature flag, resource ownership/membership, current revision and required field constraints on the server for network operations.","401 expired session → login with safe return; 403/404 unavailable → remove restricted content; 409/412 conflict → refresh and review; 422 invalid → inline correction; 429/503 → bounded retry with input retained.","Available locally; reauthorize any destination data on access.","No durable command; provider/native-specific replay protection applies.","no"
"TODAY","Today’s plates","TODAY.nav4","My Plate","navigation","","LOCAL navigate","","PROFILE_PLATE","[]","Preserve the current draft and open the destination.","member","Validate authentication scope, feature flag, resource ownership/membership, current revision and required field constraints on the server for network operations.","401 expired session → login with safe return; 403/404 unavailable → remove restricted content; 409/412 conflict → refresh and review; 422 invalid → inline correction; 429/503 → bounded retry with input retained.","Available locally; reauthorize any destination data on access.","No durable command; provider/native-specific replay protection applies.","no"
"STORY","A friend’s plate","STORY.back","Back","back","","LOCAL navigate","","TODAY","[]","Return to previous allowed screen; retain draft/session state. Unsaved destructive exits ask before discarding.","member","Validate authentication scope, feature flag, resource ownership/membership, current revision and required field constraints on the server for network operations.","401 expired session → login with safe return; 403/404 unavailable → remove restricted content; 409/412 conflict → refresh and review; 422 invalid → inline correction; 429/503 → bounded retry with input retained.","Available locally; reauthorize any destination data on access.","No durable command; provider/native-specific replay protection applies.","no"
"STORY","A friend’s plate","STORY.01","Make Mine","screen","","LOCAL navigate","","ADAPT","[[""RECIPE_REQUEST"",""missing supported recipe""]]","Use linked reviewed source; if absent, route to recipe request.","member","Validate authentication scope, feature flag, resource ownership/membership, current revision and required field constraints on the server for network operations.","401 expired session → login with safe return; 403/404 unavailable → remove restricted content; 409/412 conflict → refresh and review; 422 invalid → inline correction; 429/503 → bounded retry with input retained.","Available locally; reauthorize any destination data on access.","No durable command; provider/native-specific replay protection applies.","no"
"STORY","A friend’s plate","STORY.02","Save recipe","screen","","POST /v1/posts/{postId}/recipe-saves","savePostRecipe","COOKBOOK","[[""UNAVAILABLE"",""saving not permitted or source recalled""]]","Check current source access and save grant; copy only immutable recipe data.","member","Validate authentication scope, feature flag, resource ownership/membership, current revision and required field constraints on the server for network operations.","401 expired session → login with safe return; 403/404 unavailable → remove restricted content; 409/412 conflict → refresh and review; 422 invalid → inline correction; 429/503 → bounded retry with input retained.","Retain input and retry online; do not show a durable success before server receipt.","Stable client operation ID for durable command; server idempotency record and transaction receipt. If-Match where versioned.","no"
"STORY","A friend’s plate","STORY.03","React","screen","","POST /v1/posts/{postId}/reactions","setReaction","","[]","Upsert actor reaction after access/block check; emit notification through outbox.","member","Validate authentication scope, feature flag, resource ownership/membership, current revision and required field constraints on the server for network operations.","401 expired session → login with safe return; 403/404 unavailable → remove restricted content; 409/412 conflict → refresh and review; 422 invalid → inline correction; 429/503 → bounded retry with input retained.","Retain input and retry online; do not show a durable success before server receipt.","Stable client operation ID for durable command; server idempotency record and transaction receipt. If-Match where versioned.","no"
"STORY","A friend’s plate","STORY.04","Reply","screen","","LOCAL navigate","","THREAD","[]","Preserve the current draft and open the destination.","member","Validate authentication scope, feature flag, resource ownership/membership, current revision and required field constraints on the server for network operations.","401 expired session → login with safe return; 403/404 unavailable → remove restricted content; 409/412 conflict → refresh and review; 422 invalid → inline correction; 429/503 → bounded retry with input retained.","Available locally; reauthorize any destination data on access.","No durable command; provider/native-specific replay protection applies.","no"
"STORY","A friend’s plate","STORY.05","Ask for recipe","screen","","LOCAL navigate","","RECIPE_REQUEST","[]","Preserve the current draft and open the destination.","member","Validate authentication scope, feature flag, resource ownership/membership, current revision and required field constraints on the server for network operations.","401 expired session → login with safe return; 403/404 unavailable → remove restricted content; 409/412 conflict → refresh and review; 422 invalid → inline correction; 429/503 → bounded retry with input retained.","Available locally; reauthorize any destination data on access.","No durable command; provider/native-specific replay protection applies.","no"
"STORY","A friend’s plate","STORY.06","View profile","screen","","LOCAL navigate","","PROFILE_PLATE","[]","Preserve the current draft and open the destination.","member","Validate authentication scope, feature flag, resource ownership/membership, current revision and required field constraints on the server for network operations.","401 expired session → login with safe return; 403/404 unavailable → remove restricted content; 409/412 conflict → refresh and review; 422 invalid → inline correction; 429/503 → bounded retry with input retained.","Available locally; reauthorize any destination data on access.","No durable command; provider/native-specific replay protection applies.","no"
"STORY","A friend’s plate","STORY.07","Next plate","screen","","LOCAL navigate","","STORY","[]","Move to next still-authorized placement, or end of Today without an infinite feed.","member","Validate authentication scope, feature flag, resource ownership/membership, current revision and required field constraints on the server for network operations.","401 expired session → login with safe return; 403/404 unavailable → remove restricted content; 409/412 conflict → refresh and review; 422 invalid → inline correction; 429/503 → bounded retry with input retained.","Available locally; reauthorize any destination data on access.","No durable command; provider/native-specific replay protection applies.","no"
"STORY","A friend’s plate","STORY.08","Report","screen","","LOCAL navigate","","REPORT","[]","Preserve the current draft and open the destination.","member","Validate authentication scope, feature flag, resource ownership/membership, current revision and required field constraints on the server for network operations.","401 expired session → login with safe return; 403/404 unavailable → remove restricted content; 409/412 conflict → refresh and review; 422 invalid → inline correction; 429/503 → bounded retry with input retained.","Available locally; reauthorize any destination data on access.","No durable command; provider/native-specific replay protection applies.","no"
"STORY","A friend’s plate","STORY.09","Remove my reaction","screen","","DELETE /v1/posts/{postId}/reactions/me","removeReaction","","[]","Idempotently remove actor reaction; do not notify author of a removed reaction.","member","Validate authentication scope, feature flag, resource ownership/membership, current revision and required field constraints on the server for network operations.","401 expired session → login with safe return; 403/404 unavailable → remove restricted content; 409/412 conflict → refresh and review; 422 invalid → inline correction; 429/503 → bounded retry with input retained.","Retain input and retry online; do not show a durable success before server receipt.","Stable client operation ID for durable command; server idempotency record and transaction receipt. If-Match where versioned.","no"
"PROFILE_PLATE","My Plate","PROFILE_PLATE.back","Back","back","","LOCAL navigate","","TODAY","[]","Return to previous allowed screen; retain draft/session state. Unsaved destructive exits ask before discarding.","member","Validate authentication scope, feature flag, resource ownership/membership, current revision and required field constraints on the server for network operations.","401 expired session → login with safe return; 403/404 unavailable → remove restricted content; 409/412 conflict → refresh and review; 422 invalid → inline correction; 429/503 → bounded retry with input retained.","Available locally; reauthorize any destination data on access.","No durable command; provider/native-specific replay protection applies.","no"
"PROFILE_PLATE","My Plate","PROFILE_PLATE.01","Open post","screen","","LOCAL navigate","","POST","[]","Preserve the current draft and open the destination.","member","Validate authentication scope, feature flag, resource ownership/membership, current revision and required field constraints on the server for network operations.","401 expired session → login with safe return; 403/404 unavailable → remove restricted content; 409/412 conflict → refresh and review; 422 invalid → inline correction; 429/503 → bounded retry with input retained.","Available locally; reauthorize any destination data on access.","No durable command; provider/native-specific replay protection applies.","no"
"PROFILE_PLATE","My Plate","PROFILE_PLATE.02","Share a meal","screen","","LOCAL navigate","","CAPTURE","[]","Preserve the current draft and open the destination.","member","Validate authentication scope, feature flag, resource ownership/membership, current revision and required field constraints on the server for network operations.","401 expired session → login with safe return; 403/404 unavailable → remove restricted content; 409/412 conflict → refresh and review; 422 invalid → inline correction; 429/503 → bounded retry with input retained.","Available locally; reauthorize any destination data on access.","No durable command; provider/native-specific replay protection applies.","no"
"PROFILE_PLATE","My Plate","PROFILE_PLATE.03","Edit my profile","screen","","LOCAL navigate","","PROFILE_SETUP","[]","Owner only; another user’s profile never exposes edit control.","member","Validate authentication scope, feature flag, resource ownership/membership, current revision and required field constraints on the server for network operations.","401 expired session → login with safe return; 403/404 unavailable → remove restricted content; 409/412 conflict → refresh and review; 422 invalid → inline correction; 429/503 → bounded retry with input retained.","Available locally; reauthorize any destination data on access.","No durable command; provider/native-specific replay protection applies.","no"
"PROFILE_PLATE","My Plate","PROFILE_PLATE.04","My circles","screen","","LOCAL navigate","","CIRCLES","[]","Preserve the current draft and open the destination.","member","Validate authentication scope, feature flag, resource ownership/membership, current revision and required field constraints on the server for network operations.","401 expired session → login with safe return; 403/404 unavailable → remove restricted content; 409/412 conflict → refresh and review; 422 invalid → inline correction; 429/503 → bounded retry with input retained.","Available locally; reauthorize any destination data on access.","No durable command; provider/native-specific replay protection applies.","no"
"PROFILE_PLATE","My Plate","PROFILE_PLATE.05","Settings","screen","","LOCAL navigate","","SETTINGS","[]","Preserve the current draft and open the destination.","member","Validate authentication scope, feature flag, resource ownership/membership, current revision and required field constraints on the server for network operations.","401 expired session → login with safe return; 403/404 unavailable → remove restricted content; 409/412 conflict → refresh and review; 422 invalid → inline correction; 429/503 → bounded retry with input retained.","Available locally; reauthorize any destination data on access.","No durable command; provider/native-specific replay protection applies.","no"
"PROFILE_PLATE","My Plate","PROFILE_PLATE.nav0","Today","navigation","","LOCAL navigate","","TODAY","[]","Preserve the current draft and open the destination.","member","Validate authentication scope, feature flag, resource ownership/membership, current revision and required field constraints on the server for network operations.","401 expired session → login with safe return; 403/404 unavailable → remove restricted content; 409/412 conflict → refresh and review; 422 invalid → inline correction; 429/503 → bounded retry with input retained.","Available locally; reauthorize any destination data on access.","No durable command; provider/native-specific replay protection applies.","no"
"PROFILE_PLATE","My Plate","PROFILE_PLATE.nav1","Cook","navigation","","LOCAL navigate","","HOME","[]","Preserve the current draft and open the destination.","member","Validate authentication scope, feature flag, resource ownership/membership, current revision and required field constraints on the server for network operations.","401 expired session → login with safe return; 403/404 unavailable → remove restricted content; 409/412 conflict → refresh and review; 422 invalid → inline correction; 429/503 → bounded retry with input retained.","Available locally; reauthorize any destination data on access.","No durable command; provider/native-specific replay protection applies.","no"
"PROFILE_PLATE","My Plate","PROFILE_PLATE.nav2","Cookbook","navigation","","LOCAL navigate","","COOKBOOK","[]","Preserve the current draft and open the destination.","member","Validate authentication scope, feature flag, resource ownership/membership, current revision and required field constraints on the server for network operations.","401 expired session → login with safe return; 403/404 unavailable → remove restricted content; 409/412 conflict → refresh and review; 422 invalid → inline correction; 429/503 → bounded retry with input retained.","Available locally; reauthorize any destination data on access.","No durable command; provider/native-specific replay protection applies.","no"
"PROFILE_PLATE","My Plate","PROFILE_PLATE.nav3","Inbox","navigation","","LOCAL navigate","","INBOX","[]","Preserve the current draft and open the destination.","member","Validate authentication scope, feature flag, resource ownership/membership, current revision and required field constraints on the server for network operations.","401 expired session → login with safe return; 403/404 unavailable → remove restricted content; 409/412 conflict → refresh and review; 422 invalid → inline correction; 429/503 → bounded retry with input retained.","Available locally; reauthorize any destination data on access.","No durable command; provider/native-specific replay protection applies.","no"
"PROFILE_PLATE","My Plate","PROFILE_PLATE.nav4","My Plate","navigation","","LOCAL navigate","","PROFILE_PLATE","[]","Preserve the current draft and open the destination.","member","Validate authentication scope, feature flag, resource ownership/membership, current revision and required field constraints on the server for network operations.","401 expired session → login with safe return; 403/404 unavailable → remove restricted content; 409/412 conflict → refresh and review; 422 invalid → inline correction; 429/503 → bounded retry with input retained.","Available locally; reauthorize any destination data on access.","No durable command; provider/native-specific replay protection applies.","no"
"POST","Meal post","POST.back","Back","back","","LOCAL navigate","","PROFILE_PLATE","[]","Return to previous allowed screen; retain draft/session state. Unsaved destructive exits ask before discarding.","member","Validate authentication scope, feature flag, resource ownership/membership, current revision and required field constraints on the server for network operations.","401 expired session → login with safe return; 403/404 unavailable → remove restricted content; 409/412 conflict → refresh and review; 422 invalid → inline correction; 429/503 → bounded retry with input retained.","Available locally; reauthorize any destination data on access.","No durable command; provider/native-specific replay protection applies.","no"
"POST","Meal post","POST.01","Make Mine","screen","","LOCAL navigate","","ADAPT","[[""RECIPE_REQUEST"",""attachment lacks supported details""]]","Start from supported attached recipe revision; unavailable recipe opens Ask for recipe.","member","Validate authentication scope, feature flag, resource ownership/membership, current revision and required field constraints on the server for network operations.","401 expired session → login with safe return; 403/404 unavailable → remove restricted content; 409/412 conflict → refresh and review; 422 invalid → inline correction; 429/503 → bounded retry with input retained.","Available locally; reauthorize any destination data on access.","No durable command; provider/native-specific replay protection applies.","no"
"POST","Meal post","POST.02","Save recipe","screen","","POST /v1/posts/{postId}/recipe-saves","savePostRecipe","COOKBOOK","[]","Authorize immutable recipe-only copy at commit time.","member","Validate authentication scope, feature flag, resource ownership/membership, current revision and required field constraints on the server for network operations.","401 expired session → login with safe return; 403/404 unavailable → remove restricted content; 409/412 conflict → refresh and review; 422 invalid → inline correction; 429/503 → bounded retry with input retained.","Retain input and retry online; do not show a durable success before server receipt.","Stable client operation ID for durable command; server idempotency record and transaction receipt. If-Match where versioned.","no"
"POST","Meal post","POST.03","React","screen","","POST /v1/posts/{postId}/reactions","setReaction","","[]","Idempotent per-actor reaction update.","member","Validate authentication scope, feature flag, resource ownership/membership, current revision and required field constraints on the server for network operations.","401 expired session → login with safe return; 403/404 unavailable → remove restricted content; 409/412 conflict → refresh and review; 422 invalid → inline correction; 429/503 → bounded retry with input retained.","Retain input and retry online; do not show a durable success before server receipt.","Stable client operation ID for durable command; server idempotency record and transaction receipt. If-Match where versioned.","no"
"POST","Meal post","POST.04","Reply","screen","","LOCAL navigate","","THREAD","[]","Preserve the current draft and open the destination.","member","Validate authentication scope, feature flag, resource ownership/membership, current revision and required field constraints on the server for network operations.","401 expired session → login with safe return; 403/404 unavailable → remove restricted content; 409/412 conflict → refresh and review; 422 invalid → inline correction; 429/503 → bounded retry with input retained.","Available locally; reauthorize any destination data on access.","No durable command; provider/native-specific replay protection applies.","no"
"POST","Meal post","POST.05","View Your Takes","screen","","LOCAL navigate","","REMIX_TRAIL","[]","Preserve the current draft and open the destination.","member","Validate authentication scope, feature flag, resource ownership/membership, current revision and required field constraints on the server for network operations.","401 expired session → login with safe return; 403/404 unavailable → remove restricted content; 409/412 conflict → refresh and review; 422 invalid → inline correction; 429/503 → bounded retry with input retained.","Available locally; reauthorize any destination data on access.","No durable command; provider/native-specific replay protection applies.","no"
"POST","Meal post","POST.06","Make a Dinner Pact","screen","","LOCAL navigate","","PACT_CREATE","[]","Preserve the current draft and open the destination.","member","Validate authentication scope, feature flag, resource ownership/membership, current revision and required field constraints on the server for network operations.","401 expired session → login with safe return; 403/404 unavailable → remove restricted content; 409/412 conflict → refresh and review; 422 invalid → inline correction; 429/503 → bounded retry with input retained.","Available locally; reauthorize any destination data on access.","No durable command; provider/native-specific replay protection applies.","no"
"POST","Meal post","POST.07","Share my version","screen","","LOCAL navigate","","CAPTURE","[]","Preserve the current draft and open the destination.","member","Validate authentication scope, feature flag, resource ownership/membership, current revision and required field constraints on the server for network operations.","401 expired session → login with safe return; 403/404 unavailable → remove restricted content; 409/412 conflict → refresh and review; 422 invalid → inline correction; 429/503 → bounded retry with input retained.","Available locally; reauthorize any destination data on access.","No durable command; provider/native-specific replay protection applies.","no"
"POST","Meal post","POST.08","Keep on my Plate","screen","","PATCH /v1/posts/{postId}","updatePost","","[]","Owner-only placement update; keep flag never expands original audience.","member","Validate authentication scope, feature flag, resource ownership/membership, current revision and required field constraints on the server for network operations.","401 expired session → login with safe return; 403/404 unavailable → remove restricted content; 409/412 conflict → refresh and review; 422 invalid → inline correction; 429/503 → bounded retry with input retained.","Retain input and retry online; do not show a durable success before server receipt.","Stable client operation ID for durable command; server idempotency record and transaction receipt. If-Match where versioned.","no"
"POST","Meal post","POST.09","Delete my post","screen","","LOCAL navigate","","DELETE_POST","[]","Preserve the current draft and open the destination.","member","Validate authentication scope, feature flag, resource ownership/membership, current revision and required field constraints on the server for network operations.","401 expired session → login with safe return; 403/404 unavailable → remove restricted content; 409/412 conflict → refresh and review; 422 invalid → inline correction; 429/503 → bounded retry with input retained.","Available locally; reauthorize any destination data on access.","No durable command; provider/native-specific replay protection applies.","no"
"POST","Meal post","POST.10","Report this post","screen","","LOCAL navigate","","REPORT","[]","Preserve the current draft and open the destination.","member","Validate authentication scope, feature flag, resource ownership/membership, current revision and required field constraints on the server for network operations.","401 expired session → login with safe return; 403/404 unavailable → remove restricted content; 409/412 conflict → refresh and review; 422 invalid → inline correction; 429/503 → bounded retry with input retained.","Available locally; reauthorize any destination data on access.","No durable command; provider/native-specific replay protection applies.","no"
"POST","Meal post","POST.11","Remove my reaction","screen","","DELETE /v1/posts/{postId}/reactions/me","removeReaction","","[]","Idempotently remove actor reaction; do not notify author of a removed reaction.","member","Validate authentication scope, feature flag, resource ownership/membership, current revision and required field constraints on the server for network operations.","401 expired session → login with safe return; 403/404 unavailable → remove restricted content; 409/412 conflict → refresh and review; 422 invalid → inline correction; 429/503 → bounded retry with input retained.","Retain input and retry online; do not show a durable success before server receipt.","Stable client operation ID for durable command; server idempotency record and transaction receipt. If-Match where versioned.","no"
"POST","Meal post","POST.12","Edit audience","screen","","LOCAL navigate","","AUDIENCE","[]","Owner-only live-post edit mode: use PATCH /v1/posts/{postId} after confirmation, never change an unsent draft instead.","member","Validate authentication scope, feature flag, resource ownership/membership, current revision and required field constraints on the server for network operations.","401 expired session → login with safe return; 403/404 unavailable → remove restricted content; 409/412 conflict → refresh and review; 422 invalid → inline correction; 429/503 → bounded retry with input retained.","Available locally; reauthorize any destination data on access.","No durable command; provider/native-specific replay protection applies.","no"
"POST","Meal post","POST.13","Change recipe-save permission","screen","","LOCAL navigate","","SAVE_PERMISSION","[]","Owner-only live-post edit mode; disclose prior allowed recipe copies persist while future grants change.","member","Validate authentication scope, feature flag, resource ownership/membership, current revision and required field constraints on the server for network operations.","401 expired session → login with safe return; 403/404 unavailable → remove restricted content; 409/412 conflict → refresh and review; 422 invalid → inline correction; 429/503 → bounded retry with input retained.","Available locally; reauthorize any destination data on access.","No durable command; provider/native-specific replay protection applies.","no"
"POST","Meal post","POST.14","Remove from my Plate","screen","","PATCH /v1/posts/{postId}","updatePost","","[]","Owner sets keepOnPlate=false; still-active Today placement remains until expiry. If neither placement remains, normal source access ends.","member","Validate authentication scope, feature flag, resource ownership/membership, current revision and required field constraints on the server for network operations.","401 expired session → login with safe return; 403/404 unavailable → remove restricted content; 409/412 conflict → refresh and review; 422 invalid → inline correction; 429/503 → bounded retry with input retained.","Retain input and retry online; do not show a durable success before server receipt.","Stable client operation ID for durable command; server idempotency record and transaction receipt. If-Match where versioned.","yes"
"POST","Meal post","POST.15","Edit caption","screen","","PATCH /v1/posts/{postId}","updatePost","","[]","Owner edits bounded caption/alt text with revision; content policy applies. Recipe revisions require a new confirmed attachment workflow.","member","Validate authentication scope, feature flag, resource ownership/membership, current revision and required field constraints on the server for network operations.","401 expired session → login with safe return; 403/404 unavailable → remove restricted content; 409/412 conflict → refresh and review; 422 invalid → inline correction; 429/503 → bounded retry with input retained.","Retain input and retry online; do not show a durable success before server receipt.","Stable client operation ID for durable command; server idempotency record and transaction receipt. If-Match where versioned.","no"
"POST","Meal post","POST.16","Replace recipe attachment","screen","post owner only","LOCAL navigate","","ATTACH_RECIPE","[]","Owner-only edit: choose a permitted revision, review it, then explicitly commit to this post. Do not edit a composer draft instead.","member","Validate authentication scope, feature flag, resource ownership/membership, current revision and required field constraints on the server for network operations.","401 expired session → login with safe return; 403/404 unavailable → remove restricted content; 409/412 conflict → refresh and review; 422 invalid → inline correction; 429/503 → bounded retry with input retained.","Available locally; reauthorize any destination data on access.","No durable command; provider/native-specific replay protection applies.","no"
"POST","Meal post","POST.17","Remove recipe attachment","screen","post owner only","PATCH /v1/posts/{postId}","updatePost","","[]","Owner sends removeAttachment=true with expected version. Revoke future grants while preserving previously authorized copies under the lifecycle policy.","member","Validate authentication scope, feature flag, resource ownership/membership, current revision and required field constraints on the server for network operations.","401 expired session → login with safe return; 403/404 unavailable → remove restricted content; 409/412 conflict → refresh and review; 422 invalid → inline correction; 429/503 → bounded retry with input retained.","Retain input and retry online; do not show a durable success before server receipt.","Stable client operation ID for durable command; server idempotency record and transaction receipt. If-Match where versioned.","yes"
"POST","Meal post","POST.nav0","Today","navigation","","LOCAL navigate","","TODAY","[]","Preserve the current draft and open the destination.","member","Validate authentication scope, feature flag, resource ownership/membership, current revision and required field constraints on the server for network operations.","401 expired session → login with safe return; 403/404 unavailable → remove restricted content; 409/412 conflict → refresh and review; 422 invalid → inline correction; 429/503 → bounded retry with input retained.","Available locally; reauthorize any destination data on access.","No durable command; provider/native-specific replay protection applies.","no"
"POST","Meal post","POST.nav1","Cook","navigation","","LOCAL navigate","","HOME","[]","Preserve the current draft and open the destination.","member","Validate authentication scope, feature flag, resource ownership/membership, current revision and required field constraints on the server for network operations.","401 expired session → login with safe return; 403/404 unavailable → remove restricted content; 409/412 conflict → refresh and review; 422 invalid → inline correction; 429/503 → bounded retry with input retained.","Available locally; reauthorize any destination data on access.","No durable command; provider/native-specific replay protection applies.","no"
"POST","Meal post","POST.nav2","Cookbook","navigation","","LOCAL navigate","","COOKBOOK","[]","Preserve the current draft and open the destination.","member","Validate authentication scope, feature flag, resource ownership/membership, current revision and required field constraints on the server for network operations.","401 expired session → login with safe return; 403/404 unavailable → remove restricted content; 409/412 conflict → refresh and review; 422 invalid → inline correction; 429/503 → bounded retry with input retained.","Available locally; reauthorize any destination data on access.","No durable command; provider/native-specific replay protection applies.","no"
"POST","Meal post","POST.nav3","Inbox","navigation","","LOCAL navigate","","INBOX","[]","Preserve the current draft and open the destination.","member","Validate authentication scope, feature flag, resource ownership/membership, current revision and required field constraints on the server for network operations.","401 expired session → login with safe return; 403/404 unavailable → remove restricted content; 409/412 conflict → refresh and review; 422 invalid → inline correction; 429/503 → bounded retry with input retained.","Available locally; reauthorize any destination data on access.","No durable command; provider/native-specific replay protection applies.","no"
"POST","Meal post","POST.nav4","My Plate","navigation","","LOCAL navigate","","PROFILE_PLATE","[]","Preserve the current draft and open the destination.","member","Validate authentication scope, feature flag, resource ownership/membership, current revision and required field constraints on the server for network operations.","401 expired session → login with safe return; 403/404 unavailable → remove restricted content; 409/412 conflict → refresh and review; 422 invalid → inline correction; 429/503 → bounded retry with input retained.","Available locally; reauthorize any destination data on access.","No durable command; provider/native-specific replay protection applies.","no"
"CAPTURE","What did you make?","CAPTURE.back","Back","back","","LOCAL navigate","","HOME","[]","Return to previous allowed screen; retain draft/session state. Unsaved destructive exits ask before discarding.","member","Validate authentication scope, feature flag, resource ownership/membership, current revision and required field constraints on the server for network operations.","401 expired session → login with safe return; 403/404 unavailable → remove restricted content; 409/412 conflict → refresh and review; 422 invalid → inline correction; 429/503 → bounded retry with input retained.","Available locally; reauthorize any destination data on access.","No durable command; provider/native-specific replay protection applies.","no"
"CAPTURE","What did you make?","CAPTURE.01","Take photo","screen","","EXTERNAL OS.camera","","EDIT_MEDIA","[]","Request camera access; capture into app-private temporary storage and start a draft. Never publish automatically.","member","Validate authentication scope, feature flag, resource ownership/membership, current revision and required field constraints on the server for network operations.","401 expired session → login with safe return; 403/404 unavailable → remove restricted content; 409/412 conflict → refresh and review; 422 invalid → inline correction; 429/503 → bounded retry with input retained.","Retain input and retry online; do not show a durable success before server receipt.","No durable command; provider/native-specific replay protection applies.","no"
"CAPTURE","What did you make?","CAPTURE.02","Choose photo","screen","","EXTERNAL OS.photoPicker","","EDIT_MEDIA","[]","Open system limited photo picker; avoid broad library access.","member","Validate authentication scope, feature flag, resource ownership/membership, current revision and required field constraints on the server for network operations.","401 expired session → login with safe return; 403/404 unavailable → remove restricted content; 409/412 conflict → refresh and review; 422 invalid → inline correction; 429/503 → bounded retry with input retained.","Retain input and retry online; do not show a durable success before server receipt.","No durable command; provider/native-specific replay protection applies.","no"
"CAPTURE","What did you make?","CAPTURE.03","Add a short clip","screen","","LOCAL navigate","","VIDEO_EDIT","[]","P3 feature gate; photo path remains available.","member","Validate authentication scope, feature flag, resource ownership/membership, current revision and required field constraints on the server for network operations.","401 expired session → login with safe return; 403/404 unavailable → remove restricted content; 409/412 conflict → refresh and review; 422 invalid → inline correction; 429/503 → bounded retry with input retained.","Available locally; reauthorize any destination data on access.","No durable command; provider/native-specific replay protection applies.","no"
"CAPTURE","What did you make?","CAPTURE.04","Continue saved draft","screen","","LOCAL navigate","","EDIT_MEDIA","[]","Preserve the current draft and open the destination.","member","Validate authentication scope, feature flag, resource ownership/membership, current revision and required field constraints on the server for network operations.","401 expired session → login with safe return; 403/404 unavailable → remove restricted content; 409/412 conflict → refresh and review; 422 invalid → inline correction; 429/503 → bounded retry with input retained.","Available locally; reauthorize any destination data on access.","No durable command; provider/native-specific replay protection applies.","no"
"CAPTURE","What did you make?","CAPTURE.05","Cancel","screen","","LOCAL navigate","","HOME","[]","Keep or discard unsent draft by explicit choice; release temporary capture resources.","member","Validate authentication scope, feature flag, resource ownership/membership, current revision and required field constraints on the server for network operations.","401 expired session → login with safe return; 403/404 unavailable → remove restricted content; 409/412 conflict → refresh and review; 422 invalid → inline correction; 429/503 → bounded retry with input retained.","Available locally; reauthorize any destination data on access.","No durable command; provider/native-specific replay protection applies.","no"
"CAPTURE","What did you make?","CAPTURE.nav0","Today","navigation","","LOCAL navigate","","TODAY","[]","Preserve the current draft and open the destination.","member","Validate authentication scope, feature flag, resource ownership/membership, current revision and required field constraints on the server for network operations.","401 expired session → login with safe return; 403/404 unavailable → remove restricted content; 409/412 conflict → refresh and review; 422 invalid → inline correction; 429/503 → bounded retry with input retained.","Available locally; reauthorize any destination data on access.","No durable command; provider/native-specific replay protection applies.","no"
"CAPTURE","What did you make?","CAPTURE.nav1","Cook","navigation","","LOCAL navigate","","HOME","[]","Preserve the current draft and open the destination.","member","Validate authentication scope, feature flag, resource ownership/membership, current revision and required field constraints on the server for network operations.","401 expired session → login with safe return; 403/404 unavailable → remove restricted content; 409/412 conflict → refresh and review; 422 invalid → inline correction; 429/503 → bounded retry with input retained.","Available locally; reauthorize any destination data on access.","No durable command; provider/native-specific replay protection applies.","no"
"CAPTURE","What did you make?","CAPTURE.nav2","Cookbook","navigation","","LOCAL navigate","","COOKBOOK","[]","Preserve the current draft and open the destination.","member","Validate authentication scope, feature flag, resource ownership/membership, current revision and required field constraints on the server for network operations.","401 expired session → login with safe return; 403/404 unavailable → remove restricted content; 409/412 conflict → refresh and review; 422 invalid → inline correction; 429/503 → bounded retry with input retained.","Available locally; reauthorize any destination data on access.","No durable command; provider/native-specific replay protection applies.","no"
"CAPTURE","What did you make?","CAPTURE.nav3","Inbox","navigation","","LOCAL navigate","","INBOX","[]","Preserve the current draft and open the destination.","member","Validate authentication scope, feature flag, resource ownership/membership, current revision and required field constraints on the server for network operations.","401 expired session → login with safe return; 403/404 unavailable → remove restricted content; 409/412 conflict → refresh and review; 422 invalid → inline correction; 429/503 → bounded retry with input retained.","Available locally; reauthorize any destination data on access.","No durable command; provider/native-specific replay protection applies.","no"
"CAPTURE","What did you make?","CAPTURE.nav4","My Plate","navigation","","LOCAL navigate","","PROFILE_PLATE","[]","Preserve the current draft and open the destination.","member","Validate authentication scope, feature flag, resource ownership/membership, current revision and required field constraints on the server for network operations.","401 expired session → login with safe return; 403/404 unavailable → remove restricted content; 409/412 conflict → refresh and review; 422 invalid → inline correction; 429/503 → bounded retry with input retained.","Available locally; reauthorize any destination data on access.","No durable command; provider/native-specific replay protection applies.","no"
"EDIT_MEDIA","Prepare your post","EDIT_MEDIA.back","Back","back","","LOCAL navigate","","CAPTURE","[]","Return to previous allowed screen; retain draft/session state. Unsaved destructive exits ask before discarding.","member","Validate authentication scope, feature flag, resource ownership/membership, current revision and required field constraints on the server for network operations.","401 expired session → login with safe return; 403/404 unavailable → remove restricted content; 409/412 conflict → refresh and review; 422 invalid → inline correction; 429/503 → bounded retry with input retained.","Available locally; reauthorize any destination data on access.","No durable command; provider/native-specific replay protection applies.","no"
"EDIT_MEDIA","Prepare your post","EDIT_MEDIA.01","Crop photo","screen","","LOCAL update","","","[]","Save edit parameters to local draft; retain original until draft deletion; no network publish.","member","Validate authentication scope, feature flag, resource ownership/membership, current revision and required field constraints on the server for network operations.","401 expired session → login with safe return; 403/404 unavailable → remove restricted content; 409/412 conflict → refresh and review; 422 invalid → inline correction; 429/503 → bounded retry with input retained.","Available locally; reauthorize any destination data on access.","No durable command; provider/native-specific replay protection applies.","no"
"EDIT_MEDIA","Prepare your post","EDIT_MEDIA.02","Save draft","screen","","POST /v1/post-drafts","createPostDraft","EDIT_MEDIA","[]","Create or resume owner-bound draft using clientDraftId; accept only structured metadata.","member","Validate authentication scope, feature flag, resource ownership/membership, current revision and required field constraints on the server for network operations.","401 expired session → login with safe return; 403/404 unavailable → remove restricted content; 409/412 conflict → refresh and review; 422 invalid → inline correction; 429/503 → bounded retry with input retained.","Save local draft now; create server draft when connectivity returns.","Stable client operation ID for durable command; server idempotency record and transaction receipt. If-Match where versioned.","no"
"EDIT_MEDIA","Prepare your post","EDIT_MEDIA.03","Attach recipe","screen","","LOCAL navigate","","ATTACH_RECIPE","[]","Preserve the current draft and open the destination.","member","Validate authentication scope, feature flag, resource ownership/membership, current revision and required field constraints on the server for network operations.","401 expired session → login with safe return; 403/404 unavailable → remove restricted content; 409/412 conflict → refresh and review; 422 invalid → inline correction; 429/503 → bounded retry with input retained.","Available locally; reauthorize any destination data on access.","No durable command; provider/native-specific replay protection applies.","no"
"EDIT_MEDIA","Prepare your post","EDIT_MEDIA.04","Choose audience","screen","","LOCAL navigate","","AUDIENCE","[]","Preserve the current draft and open the destination.","member","Validate authentication scope, feature flag, resource ownership/membership, current revision and required field constraints on the server for network operations.","401 expired session → login with safe return; 403/404 unavailable → remove restricted content; 409/412 conflict → refresh and review; 422 invalid → inline correction; 429/503 → bounded retry with input retained.","Available locally; reauthorize any destination data on access.","No durable command; provider/native-specific replay protection applies.","no"
"EDIT_MEDIA","Prepare your post","EDIT_MEDIA.05","Review and publish","screen","","LOCAL navigate","","PUBLISH_STATUS","[]","Move to preflight state; publish requires an explicit final confirmation.","member","Validate authentication scope, feature flag, resource ownership/membership, current revision and required field constraints on the server for network operations.","401 expired session → login with safe return; 403/404 unavailable → remove restricted content; 409/412 conflict → refresh and review; 422 invalid → inline correction; 429/503 → bounded retry with input retained.","Available locally; reauthorize any destination data on access.","No durable command; provider/native-specific replay protection applies.","no"
"EDIT_MEDIA","Prepare your post","EDIT_MEDIA.06","Discard this draft","screen","","DELETE /v1/post-drafts/{draftId}","deletePostDraft","HOME","[]","Delete owner draft and revoke pending upload intents; purge temporary assets asynchronously.","member","Validate authentication scope, feature flag, resource ownership/membership, current revision and required field constraints on the server for network operations.","401 expired session → login with safe return; 403/404 unavailable → remove restricted content; 409/412 conflict → refresh and review; 422 invalid → inline correction; 429/503 → bounded retry with input retained.","Delete local-only draft immediately; server-backed cleanup waits for online confirmation.","Stable client operation ID for durable command; server idempotency record and transaction receipt. If-Match where versioned.","yes"
"EDIT_MEDIA","Prepare your post","EDIT_MEDIA.nav0","Today","navigation","","LOCAL navigate","","TODAY","[]","Preserve the current draft and open the destination.","member","Validate authentication scope, feature flag, resource ownership/membership, current revision and required field constraints on the server for network operations.","401 expired session → login with safe return; 403/404 unavailable → remove restricted content; 409/412 conflict → refresh and review; 422 invalid → inline correction; 429/503 → bounded retry with input retained.","Available locally; reauthorize any destination data on access.","No durable command; provider/native-specific replay protection applies.","no"
"EDIT_MEDIA","Prepare your post","EDIT_MEDIA.nav1","Cook","navigation","","LOCAL navigate","","HOME","[]","Preserve the current draft and open the destination.","member","Validate authentication scope, feature flag, resource ownership/membership, current revision and required field constraints on the server for network operations.","401 expired session → login with safe return; 403/404 unavailable → remove restricted content; 409/412 conflict → refresh and review; 422 invalid → inline correction; 429/503 → bounded retry with input retained.","Available locally; reauthorize any destination data on access.","No durable command; provider/native-specific replay protection applies.","no"
"EDIT_MEDIA","Prepare your post","EDIT_MEDIA.nav2","Cookbook","navigation","","LOCAL navigate","","COOKBOOK","[]","Preserve the current draft and open the destination.","member","Validate authentication scope, feature flag, resource ownership/membership, current revision and required field constraints on the server for network operations.","401 expired session → login with safe return; 403/404 unavailable → remove restricted content; 409/412 conflict → refresh and review; 422 invalid → inline correction; 429/503 → bounded retry with input retained.","Available locally; reauthorize any destination data on access.","No durable command; provider/native-specific replay protection applies.","no"
"EDIT_MEDIA","Prepare your post","EDIT_MEDIA.nav3","Inbox","navigation","","LOCAL navigate","","INBOX","[]","Preserve the current draft and open the destination.","member","Validate authentication scope, feature flag, resource ownership/membership, current revision and required field constraints on the server for network operations.","401 expired session → login with safe return; 403/404 unavailable → remove restricted content; 409/412 conflict → refresh and review; 422 invalid → inline correction; 429/503 → bounded retry with input retained.","Available locally; reauthorize any destination data on access.","No durable command; provider/native-specific replay protection applies.","no"
"EDIT_MEDIA","Prepare your post","EDIT_MEDIA.nav4","My Plate","navigation","","LOCAL navigate","","PROFILE_PLATE","[]","Preserve the current draft and open the destination.","member","Validate authentication scope, feature flag, resource ownership/membership, current revision and required field constraints on the server for network operations.","401 expired session → login with safe return; 403/404 unavailable → remove restricted content; 409/412 conflict → refresh and review; 422 invalid → inline correction; 429/503 → bounded retry with input retained.","Available locally; reauthorize any destination data on access.","No durable command; provider/native-specific replay protection applies.","no"
"ATTACH_RECIPE","Add the useful details","ATTACH_RECIPE.back","Back","back","","LOCAL navigate","","EDIT_MEDIA","[]","Return to previous allowed screen; retain draft/session state. Unsaved destructive exits ask before discarding.","member","Validate authentication scope, feature flag, resource ownership/membership, current revision and required field constraints on the server for network operations.","401 expired session → login with safe return; 403/404 unavailable → remove restricted content; 409/412 conflict → refresh and review; 422 invalid → inline correction; 429/503 → bounded retry with input retained.","Available locally; reauthorize any destination data on access.","No durable command; provider/native-specific replay protection applies.","no"
"ATTACH_RECIPE","Add the useful details","ATTACH_RECIPE.01","Choose from my cookbook","screen","","LOCAL navigate","","COOKBOOK","[]","Open a scoped recipe picker for recipe attachment. On selection return to REVIEW_ATTACHMENT with a permitted recipe/source reference; cancel returns to ATTACH_RECIPE with its previous draft unchanged. Preserve draft/editPost/fulfillRequest mode throughout. Private-only saved source content cannot be reattached as redistributable text.","member","Validate authentication scope, feature flag, resource ownership/membership, current revision and required field constraints on the server for network operations.","401 expired session → login with safe return; 403/404 unavailable → remove restricted content; 409/412 conflict → refresh and review; 422 invalid → inline correction; 429/503 → bounded retry with input retained.","Available locally; reauthorize any destination data on access.","No durable command; provider/native-specific replay protection applies.","no"
"ATTACH_RECIPE","Add the useful details","ATTACH_RECIPE.02","Use my recent cook","screen","","LOCAL navigate","","REVIEW_ATTACHMENT","[]","Load pinned session revision and changes for creator confirmation.","member","Validate authentication scope, feature flag, resource ownership/membership, current revision and required field constraints on the server for network operations.","401 expired session → login with safe return; 403/404 unavailable → remove restricted content; 409/412 conflict → refresh and review; 422 invalid → inline correction; 429/503 → bounded retry with input retained.","Available locally; reauthorize any destination data on access.","No durable command; provider/native-specific replay protection applies.","no"
"ATTACH_RECIPE","Add the useful details","ATTACH_RECIPE.03","Review entered details","screen","publishing mode only","LOCAL navigate","","REVIEW_ATTACHMENT","[]","Treat user-entered recipe as community content until separately reviewed.","member","Validate authentication scope, feature flag, resource ownership/membership, current revision and required field constraints on the server for network operations.","401 expired session → login with safe return; 403/404 unavailable → remove restricted content; 409/412 conflict → refresh and review; 422 invalid → inline correction; 429/503 → bounded retry with input retained.","Available locally; reauthorize any destination data on access.","No durable command; provider/native-specific replay protection applies.","no"
"ATTACH_RECIPE","Add the useful details","ATTACH_RECIPE.04","Post without a recipe","screen","draft mode only","LOCAL navigate","","AUDIENCE","[]","Attachment remains absent; viewers receive Ask for recipe rather than a fabricated Make Mine result.","member","Validate authentication scope, feature flag, resource ownership/membership, current revision and required field constraints on the server for network operations.","401 expired session → login with safe return; 403/404 unavailable → remove restricted content; 409/412 conflict → refresh and review; 422 invalid → inline correction; 429/503 → bounded retry with input retained.","Available locally; reauthorize any destination data on access.","No durable command; provider/native-specific replay protection applies.","no"
"ATTACH_RECIPE","Add the useful details","ATTACH_RECIPE.nav0","Today","navigation","","LOCAL navigate","","TODAY","[]","Preserve the current draft and open the destination.","member","Validate authentication scope, feature flag, resource ownership/membership, current revision and required field constraints on the server for network operations.","401 expired session → login with safe return; 403/404 unavailable → remove restricted content; 409/412 conflict → refresh and review; 422 invalid → inline correction; 429/503 → bounded retry with input retained.","Available locally; reauthorize any destination data on access.","No durable command; provider/native-specific replay protection applies.","no"
"ATTACH_RECIPE","Add the useful details","ATTACH_RECIPE.nav1","Cook","navigation","","LOCAL navigate","","HOME","[]","Preserve the current draft and open the destination.","member","Validate authentication scope, feature flag, resource ownership/membership, current revision and required field constraints on the server for network operations.","401 expired session → login with safe return; 403/404 unavailable → remove restricted content; 409/412 conflict → refresh and review; 422 invalid → inline correction; 429/503 → bounded retry with input retained.","Available locally; reauthorize any destination data on access.","No durable command; provider/native-specific replay protection applies.","no"
"ATTACH_RECIPE","Add the useful details","ATTACH_RECIPE.nav2","Cookbook","navigation","","LOCAL navigate","","COOKBOOK","[]","Preserve the current draft and open the destination.","member","Validate authentication scope, feature flag, resource ownership/membership, current revision and required field constraints on the server for network operations.","401 expired session → login with safe return; 403/404 unavailable → remove restricted content; 409/412 conflict → refresh and review; 422 invalid → inline correction; 429/503 → bounded retry with input retained.","Available locally; reauthorize any destination data on access.","No durable command; provider/native-specific replay protection applies.","no"
"ATTACH_RECIPE","Add the useful details","ATTACH_RECIPE.nav3","Inbox","navigation","","LOCAL navigate","","INBOX","[]","Preserve the current draft and open the destination.","member","Validate authentication scope, feature flag, resource ownership/membership, current revision and required field constraints on the server for network operations.","401 expired session → login with safe return; 403/404 unavailable → remove restricted content; 409/412 conflict → refresh and review; 422 invalid → inline correction; 429/503 → bounded retry with input retained.","Available locally; reauthorize any destination data on access.","No durable command; provider/native-specific replay protection applies.","no"
"ATTACH_RECIPE","Add the useful details","ATTACH_RECIPE.nav4","My Plate","navigation","","LOCAL navigate","","PROFILE_PLATE","[]","Preserve the current draft and open the destination.","member","Validate authentication scope, feature flag, resource ownership/membership, current revision and required field constraints on the server for network operations.","401 expired session → login with safe return; 403/404 unavailable → remove restricted content; 409/412 conflict → refresh and review; 422 invalid → inline correction; 429/503 → bounded retry with input retained.","Available locally; reauthorize any destination data on access.","No durable command; provider/native-specific replay protection applies.","no"
"REVIEW_ATTACHMENT","Check your recipe card","REVIEW_ATTACHMENT.back","Back","back","","LOCAL navigate","","ATTACH_RECIPE","[]","Return to previous allowed screen; retain draft/session state. Unsaved destructive exits ask before discarding.","member","Validate authentication scope, feature flag, resource ownership/membership, current revision and required field constraints on the server for network operations.","401 expired session → login with safe return; 403/404 unavailable → remove restricted content; 409/412 conflict → refresh and review; 422 invalid → inline correction; 429/503 → bounded retry with input retained.","Available locally; reauthorize any destination data on access.","No durable command; provider/native-specific replay protection applies.","no"
"REVIEW_ATTACHMENT","Check your recipe card","REVIEW_ATTACHMENT.01","Confirm attachment","screen","draft mode only","PATCH /v1/post-drafts/{draftId}","updatePostDraft","SAVE_PERMISSION","[]","Save versioned recipe attachment and source references, mark author confirmation timestamp.","member","Validate authentication scope, feature flag, resource ownership/membership, current revision and required field constraints on the server for network operations.","401 expired session → login with safe return; 403/404 unavailable → remove restricted content; 409/412 conflict → refresh and review; 422 invalid → inline correction; 429/503 → bounded retry with input retained.","Retain input and retry online; do not show a durable success before server receipt.","Stable client operation ID for durable command; server idempotency record and transaction receipt. If-Match where versioned.","no"
"REVIEW_ATTACHMENT","Check your recipe card","REVIEW_ATTACHMENT.02","Edit recipe details","screen","","LOCAL navigate","","ATTACH_RECIPE","[]","Preserve the current draft and open the destination.","member","Validate authentication scope, feature flag, resource ownership/membership, current revision and required field constraints on the server for network operations.","401 expired session → login with safe return; 403/404 unavailable → remove restricted content; 409/412 conflict → refresh and review; 422 invalid → inline correction; 429/503 → bounded retry with input retained.","Available locally; reauthorize any destination data on access.","No durable command; provider/native-specific replay protection applies.","no"
"REVIEW_ATTACHMENT","Check your recipe card","REVIEW_ATTACHMENT.03","Remove attachment","screen","draft mode only","LOCAL navigate","","AUDIENCE","[]","Clear draft attachment only; source recipe and cook session remain intact.","member","Validate authentication scope, feature flag, resource ownership/membership, current revision and required field constraints on the server for network operations.","401 expired session → login with safe return; 403/404 unavailable → remove restricted content; 409/412 conflict → refresh and review; 422 invalid → inline correction; 429/503 → bounded retry with input retained.","Available locally; reauthorize any destination data on access.","No durable command; provider/native-specific replay protection applies.","no"
"REVIEW_ATTACHMENT","Check your recipe card","REVIEW_ATTACHMENT.04","Replace on existing post","screen","editPost mode only","PATCH /v1/posts/{postId}","updatePost","POST","[]","Owner sends the confirmed attachment and expected post version. Atomically replace version-bound future save grant; existing permitted copies follow lifecycle policy.","member","Validate authentication scope, feature flag, resource ownership/membership, current revision and required field constraints on the server for network operations.","401 expired session → login with safe return; 403/404 unavailable → remove restricted content; 409/412 conflict → refresh and review; 422 invalid → inline correction; 429/503 → bounded retry with input retained.","Retain input and retry online; do not show a durable success before server receipt.","Stable client operation ID for durable command; server idempotency record and transaction receipt. If-Match where versioned.","yes"
"REVIEW_ATTACHMENT","Check your recipe card","REVIEW_ATTACHMENT.05","Back to this post","screen","editPost mode only","LOCAL navigate","","POST","[]","Leave the existing attachment unchanged; discard only the uncommitted replacement selection.","member","Validate authentication scope, feature flag, resource ownership/membership, current revision and required field constraints on the server for network operations.","401 expired session → login with safe return; 403/404 unavailable → remove restricted content; 409/412 conflict → refresh and review; 422 invalid → inline correction; 429/503 → bounded retry with input retained.","Available locally; reauthorize any destination data on access.","No durable command; provider/native-specific replay protection applies.","no"
"REVIEW_ATTACHMENT","Check your recipe card","REVIEW_ATTACHMENT.06","Use this recipe in my response","screen","fulfillRequest mode only","LOCAL update","","RECIPE_REQUEST","[]","Confirm the selected eligible recipeVersionId and its rights for this request. Return a typed response selection without saving a post draft, widening an audience, or sending a response.","member","Validate authentication scope, feature flag, resource ownership/membership, current revision and required field constraints on the server for network operations.","401 expired session → login with safe return; 403/404 unavailable → remove restricted content; 409/412 conflict → refresh and review; 422 invalid → inline correction; 429/503 → bounded retry with input retained.","Available locally; reauthorize any destination data on access.","No durable command; provider/native-specific replay protection applies.","no"
"REVIEW_ATTACHMENT","Check your recipe card","REVIEW_ATTACHMENT.07","Cancel recipe response selection","screen","fulfillRequest mode only","LOCAL navigate","","RECIPE_REQUEST","[]","Return to the request with no confirmed response and no publication changes.","member","Validate authentication scope, feature flag, resource ownership/membership, current revision and required field constraints on the server for network operations.","401 expired session → login with safe return; 403/404 unavailable → remove restricted content; 409/412 conflict → refresh and review; 422 invalid → inline correction; 429/503 → bounded retry with input retained.","Available locally; reauthorize any destination data on access.","No durable command; provider/native-specific replay protection applies.","no"
"REVIEW_ATTACHMENT","Check your recipe card","REVIEW_ATTACHMENT.nav0","Today","navigation","","LOCAL navigate","","TODAY","[]","Preserve the current draft and open the destination.","member","Validate authentication scope, feature flag, resource ownership/membership, current revision and required field constraints on the server for network operations.","401 expired session → login with safe return; 403/404 unavailable → remove restricted content; 409/412 conflict → refresh and review; 422 invalid → inline correction; 429/503 → bounded retry with input retained.","Available locally; reauthorize any destination data on access.","No durable command; provider/native-specific replay protection applies.","no"
"REVIEW_ATTACHMENT","Check your recipe card","REVIEW_ATTACHMENT.nav1","Cook","navigation","","LOCAL navigate","","HOME","[]","Preserve the current draft and open the destination.","member","Validate authentication scope, feature flag, resource ownership/membership, current revision and required field constraints on the server for network operations.","401 expired session → login with safe return; 403/404 unavailable → remove restricted content; 409/412 conflict → refresh and review; 422 invalid → inline correction; 429/503 → bounded retry with input retained.","Available locally; reauthorize any destination data on access.","No durable command; provider/native-specific replay protection applies.","no"
"REVIEW_ATTACHMENT","Check your recipe card","REVIEW_ATTACHMENT.nav2","Cookbook","navigation","","LOCAL navigate","","COOKBOOK","[]","Preserve the current draft and open the destination.","member","Validate authentication scope, feature flag, resource ownership/membership, current revision and required field constraints on the server for network operations.","401 expired session → login with safe return; 403/404 unavailable → remove restricted content; 409/412 conflict → refresh and review; 422 invalid → inline correction; 429/503 → bounded retry with input retained.","Available locally; reauthorize any destination data on access.","No durable command; provider/native-specific replay protection applies.","no"
"REVIEW_ATTACHMENT","Check your recipe card","REVIEW_ATTACHMENT.nav3","Inbox","navigation","","LOCAL navigate","","INBOX","[]","Preserve the current draft and open the destination.","member","Validate authentication scope, feature flag, resource ownership/membership, current revision and required field constraints on the server for network operations.","401 expired session → login with safe return; 403/404 unavailable → remove restricted content; 409/412 conflict → refresh and review; 422 invalid → inline correction; 429/503 → bounded retry with input retained.","Available locally; reauthorize any destination data on access.","No durable command; provider/native-specific replay protection applies.","no"
"REVIEW_ATTACHMENT","Check your recipe card","REVIEW_ATTACHMENT.nav4","My Plate","navigation","","LOCAL navigate","","PROFILE_PLATE","[]","Preserve the current draft and open the destination.","member","Validate authentication scope, feature flag, resource ownership/membership, current revision and required field constraints on the server for network operations.","401 expired session → login with safe return; 403/404 unavailable → remove restricted content; 409/412 conflict → refresh and review; 422 invalid → inline correction; 429/503 → bounded retry with input retained.","Available locally; reauthorize any destination data on access.","No durable command; provider/native-specific replay protection applies.","no"
"AUDIENCE","Who gets a seat?","AUDIENCE.back","Back","back","","LOCAL navigate","","EDIT_MEDIA","[]","Return to previous allowed screen; retain draft/session state. Unsaved destructive exits ask before discarding.","member","Validate authentication scope, feature flag, resource ownership/membership, current revision and required field constraints on the server for network operations.","401 expired session → login with safe return; 403/404 unavailable → remove restricted content; 409/412 conflict → refresh and review; 422 invalid → inline correction; 429/503 → bounded retry with input retained.","Available locally; reauthorize any destination data on access.","No durable command; provider/native-specific replay protection applies.","no"
"AUDIENCE","Who gets a seat?","AUDIENCE.01","Use this audience","screen","draft mode only","PATCH /v1/post-drafts/{draftId}","updatePostDraft","PUBLISH_STATUS","[]","Save audience IDs only after membership validation. Warn if source attribution/media cannot be exposed to selected recipients.","member","Validate authentication scope, feature flag, resource ownership/membership, current revision and required field constraints on the server for network operations.","401 expired session → login with safe return; 403/404 unavailable → remove restricted content; 409/412 conflict → refresh and review; 422 invalid → inline correction; 429/503 → bounded retry with input retained.","Retain input and retry online; do not show a durable success before server receipt.","Stable client operation ID for durable command; server idempotency record and transaction receipt. If-Match where versioned.","no"
"AUDIENCE","Who gets a seat?","AUDIENCE.02","Manage circles","screen","","LOCAL navigate","","CIRCLES","[]","Preserve the current draft and open the destination.","member","Validate authentication scope, feature flag, resource ownership/membership, current revision and required field constraints on the server for network operations.","401 expired session → login with safe return; 403/404 unavailable → remove restricted content; 409/412 conflict → refresh and review; 422 invalid → inline correction; 429/503 → bounded retry with input retained.","Available locally; reauthorize any destination data on access.","No durable command; provider/native-specific replay protection applies.","no"
"AUDIENCE","Who gets a seat?","AUDIENCE.03","Recipe save permissions","screen","publishing mode only","LOCAL navigate","","SAVE_PERMISSION","[]","Preserve the current draft and open the destination.","member","Validate authentication scope, feature flag, resource ownership/membership, current revision and required field constraints on the server for network operations.","401 expired session → login with safe return; 403/404 unavailable → remove restricted content; 409/412 conflict → refresh and review; 422 invalid → inline correction; 429/503 → bounded retry with input retained.","Available locally; reauthorize any destination data on access.","No durable command; provider/native-specific replay protection applies.","no"
"AUDIENCE","Who gets a seat?","AUDIENCE.04","Apply to existing post","screen","editPost mode only","PATCH /v1/posts/{postId}","updatePost","POST","[]","Owner-only live-post mode: atomically validate current membership, replace audience and bump access epoch; revoke future media delivery for removed recipients.","member","Validate authentication scope, feature flag, resource ownership/membership, current revision and required field constraints on the server for network operations.","401 expired session → login with safe return; 403/404 unavailable → remove restricted content; 409/412 conflict → refresh and review; 422 invalid → inline correction; 429/503 → bounded retry with input retained.","Retain input and retry online; do not show a durable success before server receipt.","Stable client operation ID for durable command; server idempotency record and transaction receipt. If-Match where versioned.","yes"
"AUDIENCE","Who gets a seat?","AUDIENCE.05","Save as my future default","screen","settings mode only","PATCH /v1/me/privacy","updatePrivacySettings","SETTINGS","[]","Settings-only mode saves future default audience IDs; does not mutate an existing draft or expand existing posts.","member","Validate authentication scope, feature flag, resource ownership/membership, current revision and required field constraints on the server for network operations.","401 expired session → login with safe return; 403/404 unavailable → remove restricted content; 409/412 conflict → refresh and review; 422 invalid → inline correction; 429/503 → bounded retry with input retained.","Retain input and retry online; do not show a durable success before server receipt.","Stable client operation ID for durable command; server idempotency record and transaction receipt. If-Match where versioned.","no"
"AUDIENCE","Who gets a seat?","AUDIENCE.06","Cancel audience edit","screen","editPost mode only","LOCAL navigate","","POST","[]","Return without changing the owned post audience.","member","Validate authentication scope, feature flag, resource ownership/membership, current revision and required field constraints on the server for network operations.","401 expired session → login with safe return; 403/404 unavailable → remove restricted content; 409/412 conflict → refresh and review; 422 invalid → inline correction; 429/503 → bounded retry with input retained.","Available locally; reauthorize any destination data on access.","No durable command; provider/native-specific replay protection applies.","no"
"AUDIENCE","Who gets a seat?","AUDIENCE.07","Cancel default change","screen","settings mode only","LOCAL navigate","","PRIVACY","[]","Return without changing the future default.","member","Validate authentication scope, feature flag, resource ownership/membership, current revision and required field constraints on the server for network operations.","401 expired session → login with safe return; 403/404 unavailable → remove restricted content; 409/412 conflict → refresh and review; 422 invalid → inline correction; 429/503 → bounded retry with input retained.","Available locally; reauthorize any destination data on access.","No durable command; provider/native-specific replay protection applies.","no"
"AUDIENCE","Who gets a seat?","AUDIENCE.nav0","Today","navigation","","LOCAL navigate","","TODAY","[]","Preserve the current draft and open the destination.","member","Validate authentication scope, feature flag, resource ownership/membership, current revision and required field constraints on the server for network operations.","401 expired session → login with safe return; 403/404 unavailable → remove restricted content; 409/412 conflict → refresh and review; 422 invalid → inline correction; 429/503 → bounded retry with input retained.","Available locally; reauthorize any destination data on access.","No durable command; provider/native-specific replay protection applies.","no"
"AUDIENCE","Who gets a seat?","AUDIENCE.nav1","Cook","navigation","","LOCAL navigate","","HOME","[]","Preserve the current draft and open the destination.","member","Validate authentication scope, feature flag, resource ownership/membership, current revision and required field constraints on the server for network operations.","401 expired session → login with safe return; 403/404 unavailable → remove restricted content; 409/412 conflict → refresh and review; 422 invalid → inline correction; 429/503 → bounded retry with input retained.","Available locally; reauthorize any destination data on access.","No durable command; provider/native-specific replay protection applies.","no"
"AUDIENCE","Who gets a seat?","AUDIENCE.nav2","Cookbook","navigation","","LOCAL navigate","","COOKBOOK","[]","Preserve the current draft and open the destination.","member","Validate authentication scope, feature flag, resource ownership/membership, current revision and required field constraints on the server for network operations.","401 expired session → login with safe return; 403/404 unavailable → remove restricted content; 409/412 conflict → refresh and review; 422 invalid → inline correction; 429/503 → bounded retry with input retained.","Available locally; reauthorize any destination data on access.","No durable command; provider/native-specific replay protection applies.","no"
"AUDIENCE","Who gets a seat?","AUDIENCE.nav3","Inbox","navigation","","LOCAL navigate","","INBOX","[]","Preserve the current draft and open the destination.","member","Validate authentication scope, feature flag, resource ownership/membership, current revision and required field constraints on the server for network operations.","401 expired session → login with safe return; 403/404 unavailable → remove restricted content; 409/412 conflict → refresh and review; 422 invalid → inline correction; 429/503 → bounded retry with input retained.","Available locally; reauthorize any destination data on access.","No durable command; provider/native-specific replay protection applies.","no"
"AUDIENCE","Who gets a seat?","AUDIENCE.nav4","My Plate","navigation","","LOCAL navigate","","PROFILE_PLATE","[]","Preserve the current draft and open the destination.","member","Validate authentication scope, feature flag, resource ownership/membership, current revision and required field constraints on the server for network operations.","401 expired session → login with safe return; 403/404 unavailable → remove restricted content; 409/412 conflict → refresh and review; 422 invalid → inline correction; 429/503 → bounded retry with input retained.","Available locally; reauthorize any destination data on access.","No durable command; provider/native-specific replay protection applies.","no"
"SAVE_PERMISSION","May friends save the recipe?","SAVE_PERMISSION.back","Back","back","","LOCAL navigate","","REVIEW_ATTACHMENT","[]","Return to previous allowed screen; retain draft/session state. Unsaved destructive exits ask before discarding.","member","Validate authentication scope, feature flag, resource ownership/membership, current revision and required field constraints on the server for network operations.","401 expired session → login with safe return; 403/404 unavailable → remove restricted content; 409/412 conflict → refresh and review; 422 invalid → inline correction; 429/503 → bounded retry with input retained.","Available locally; reauthorize any destination data on access.","No durable command; provider/native-specific replay protection applies.","no"
"SAVE_PERMISSION","May friends save the recipe?","SAVE_PERMISSION.01","Confirm permission","screen","draft mode only","PATCH /v1/post-drafts/{draftId}","updatePostDraft","AUDIENCE","[]","Bind grant policy to exact confirmed recipe revision; never grant source image/comment copying.","member","Validate authentication scope, feature flag, resource ownership/membership, current revision and required field constraints on the server for network operations.","401 expired session → login with safe return; 403/404 unavailable → remove restricted content; 409/412 conflict → refresh and review; 422 invalid → inline correction; 429/503 → bounded retry with input retained.","Retain input and retry online; do not show a durable success before server receipt.","Stable client operation ID for durable command; server idempotency record and transaction receipt. If-Match where versioned.","no"
"SAVE_PERMISSION","May friends save the recipe?","SAVE_PERMISSION.02","Back to recipe details","screen","","LOCAL navigate","","REVIEW_ATTACHMENT","[]","Preserve the current draft and open the destination.","member","Validate authentication scope, feature flag, resource ownership/membership, current revision and required field constraints on the server for network operations.","401 expired session → login with safe return; 403/404 unavailable → remove restricted content; 409/412 conflict → refresh and review; 422 invalid → inline correction; 429/503 → bounded retry with input retained.","Available locally; reauthorize any destination data on access.","No durable command; provider/native-specific replay protection applies.","no"
"SAVE_PERMISSION","May friends save the recipe?","SAVE_PERMISSION.03","Update existing post","screen","editPost mode only","PATCH /v1/posts/{postId}","updatePost","POST","[]","Change future recipe saving grant for an owned post with expected revision. Existing permitted private copies follow published retention policy.","member","Validate authentication scope, feature flag, resource ownership/membership, current revision and required field constraints on the server for network operations.","401 expired session → login with safe return; 403/404 unavailable → remove restricted content; 409/412 conflict → refresh and review; 422 invalid → inline correction; 429/503 → bounded retry with input retained.","Retain input and retry online; do not show a durable success before server receipt.","Stable client operation ID for durable command; server idempotency record and transaction receipt. If-Match where versioned.","yes"
"SAVE_PERMISSION","May friends save the recipe?","SAVE_PERMISSION.04","Cancel permission edit","screen","editPost mode only","LOCAL navigate","","POST","[]","Keep the existing source grant policy unchanged.","member","Validate authentication scope, feature flag, resource ownership/membership, current revision and required field constraints on the server for network operations.","401 expired session → login with safe return; 403/404 unavailable → remove restricted content; 409/412 conflict → refresh and review; 422 invalid → inline correction; 429/503 → bounded retry with input retained.","Available locally; reauthorize any destination data on access.","No durable command; provider/native-specific replay protection applies.","no"
"SAVE_PERMISSION","May friends save the recipe?","SAVE_PERMISSION.nav0","Today","navigation","","LOCAL navigate","","TODAY","[]","Preserve the current draft and open the destination.","member","Validate authentication scope, feature flag, resource ownership/membership, current revision and required field constraints on the server for network operations.","401 expired session → login with safe return; 403/404 unavailable → remove restricted content; 409/412 conflict → refresh and review; 422 invalid → inline correction; 429/503 → bounded retry with input retained.","Available locally; reauthorize any destination data on access.","No durable command; provider/native-specific replay protection applies.","no"
"SAVE_PERMISSION","May friends save the recipe?","SAVE_PERMISSION.nav1","Cook","navigation","","LOCAL navigate","","HOME","[]","Preserve the current draft and open the destination.","member","Validate authentication scope, feature flag, resource ownership/membership, current revision and required field constraints on the server for network operations.","401 expired session → login with safe return; 403/404 unavailable → remove restricted content; 409/412 conflict → refresh and review; 422 invalid → inline correction; 429/503 → bounded retry with input retained.","Available locally; reauthorize any destination data on access.","No durable command; provider/native-specific replay protection applies.","no"
"SAVE_PERMISSION","May friends save the recipe?","SAVE_PERMISSION.nav2","Cookbook","navigation","","LOCAL navigate","","COOKBOOK","[]","Preserve the current draft and open the destination.","member","Validate authentication scope, feature flag, resource ownership/membership, current revision and required field constraints on the server for network operations.","401 expired session → login with safe return; 403/404 unavailable → remove restricted content; 409/412 conflict → refresh and review; 422 invalid → inline correction; 429/503 → bounded retry with input retained.","Available locally; reauthorize any destination data on access.","No durable command; provider/native-specific replay protection applies.","no"
"SAVE_PERMISSION","May friends save the recipe?","SAVE_PERMISSION.nav3","Inbox","navigation","","LOCAL navigate","","INBOX","[]","Preserve the current draft and open the destination.","member","Validate authentication scope, feature flag, resource ownership/membership, current revision and required field constraints on the server for network operations.","401 expired session → login with safe return; 403/404 unavailable → remove restricted content; 409/412 conflict → refresh and review; 422 invalid → inline correction; 429/503 → bounded retry with input retained.","Available locally; reauthorize any destination data on access.","No durable command; provider/native-specific replay protection applies.","no"
"SAVE_PERMISSION","May friends save the recipe?","SAVE_PERMISSION.nav4","My Plate","navigation","","LOCAL navigate","","PROFILE_PLATE","[]","Preserve the current draft and open the destination.","member","Validate authentication scope, feature flag, resource ownership/membership, current revision and required field constraints on the server for network operations.","401 expired session → login with safe return; 403/404 unavailable → remove restricted content; 409/412 conflict → refresh and review; 422 invalid → inline correction; 429/503 → bounded retry with input retained.","Available locally; reauthorize any destination data on access.","No durable command; provider/native-specific replay protection applies.","no"
"PUBLISH_STATUS","Review and share","PUBLISH_STATUS.back","Back","back","","LOCAL navigate","","EDIT_MEDIA","[]","Return to previous allowed screen; retain draft/session state. Unsaved destructive exits ask before discarding.","member","Validate authentication scope, feature flag, resource ownership/membership, current revision and required field constraints on the server for network operations.","401 expired session → login with safe return; 403/404 unavailable → remove restricted content; 409/412 conflict → refresh and review; 422 invalid → inline correction; 429/503 → bounded retry with input retained.","Available locally; reauthorize any destination data on access.","No durable command; provider/native-specific replay protection applies.","no"
"PUBLISH_STATUS","Review and share","PUBLISH_STATUS.01","Publish to selected audience","screen","draft mode only","POST /v1/posts","publishPost","POST","[[""PUBLISH_STATUS"",""media processing or review pending""],[""UNAVAILABLE"",""source/audience permission revoked""]]","Require ready sanitized media and validated draft; publish once using stable idempotency key, create placements/grant/outbox atomically.","member","Validate authentication scope, feature flag, resource ownership/membership, current revision and required field constraints on the server for network operations.","401 expired session → login with safe return; 403/404 unavailable → remove restricted content; 409/412 conflict → refresh and review; 422 invalid → inline correction; 429/503 → bounded retry with input retained.","Retain input and retry online; do not show a durable success before server receipt.","Stable client operation ID for durable command; server idempotency record and transaction receipt. If-Match where versioned.","no"
"PUBLISH_STATUS","Review and share","PUBLISH_STATUS.02","Retry upload","screen","","POST /v1/media","prepareMediaUpload","","[]","Reuse draft asset checksum and upload intent; obtain bounded signed upload URL. Complete and poll media state before enabling publish.","member","Validate authentication scope, feature flag, resource ownership/membership, current revision and required field constraints on the server for network operations.","401 expired session → login with safe return; 403/404 unavailable → remove restricted content; 409/412 conflict → refresh and review; 422 invalid → inline correction; 429/503 → bounded retry with input retained.","Retain input and retry online; do not show a durable success before server receipt.","Stable client operation ID for durable command; server idempotency record and transaction receipt. If-Match where versioned.","no"
"PUBLISH_STATUS","Review and share","PUBLISH_STATUS.03","Check media status","screen","","GET /v1/media/{mediaId}","getMediaStatus","","[]","Refresh processing state with bounded backoff, then reveal eligible publish action.","member","Validate authentication scope, feature flag, resource ownership/membership, current revision and required field constraints on the server for network operations.","401 expired session → login with safe return; 403/404 unavailable → remove restricted content; 409/412 conflict → refresh and review; 422 invalid → inline correction; 429/503 → bounded retry with input retained.","Read only eligible cache; show staleness and do not infer current permissions.","No durable command; provider/native-specific replay protection applies.","no"
"PUBLISH_STATUS","Review and share","PUBLISH_STATUS.04","Edit before sharing","screen","","LOCAL navigate","","EDIT_MEDIA","[]","Preserve the current draft and open the destination.","member","Validate authentication scope, feature flag, resource ownership/membership, current revision and required field constraints on the server for network operations.","401 expired session → login with safe return; 403/404 unavailable → remove restricted content; 409/412 conflict → refresh and review; 422 invalid → inline correction; 429/503 → bounded retry with input retained.","Available locally; reauthorize any destination data on access.","No durable command; provider/native-specific replay protection applies.","no"
"PUBLISH_STATUS","Review and share","PUBLISH_STATUS.05","Save draft and leave","screen","","LOCAL navigate","","HOME","[]","Keep unpublished state and resume card; no background auto-publication.","member","Validate authentication scope, feature flag, resource ownership/membership, current revision and required field constraints on the server for network operations.","401 expired session → login with safe return; 403/404 unavailable → remove restricted content; 409/412 conflict → refresh and review; 422 invalid → inline correction; 429/503 → bounded retry with input retained.","Available locally; reauthorize any destination data on access.","No durable command; provider/native-specific replay protection applies.","no"
"PUBLISH_STATUS","Review and share","PUBLISH_STATUS.nav0","Today","navigation","","LOCAL navigate","","TODAY","[]","Preserve the current draft and open the destination.","member","Validate authentication scope, feature flag, resource ownership/membership, current revision and required field constraints on the server for network operations.","401 expired session → login with safe return; 403/404 unavailable → remove restricted content; 409/412 conflict → refresh and review; 422 invalid → inline correction; 429/503 → bounded retry with input retained.","Available locally; reauthorize any destination data on access.","No durable command; provider/native-specific replay protection applies.","no"
"PUBLISH_STATUS","Review and share","PUBLISH_STATUS.nav1","Cook","navigation","","LOCAL navigate","","HOME","[]","Preserve the current draft and open the destination.","member","Validate authentication scope, feature flag, resource ownership/membership, current revision and required field constraints on the server for network operations.","401 expired session → login with safe return; 403/404 unavailable → remove restricted content; 409/412 conflict → refresh and review; 422 invalid → inline correction; 429/503 → bounded retry with input retained.","Available locally; reauthorize any destination data on access.","No durable command; provider/native-specific replay protection applies.","no"
"PUBLISH_STATUS","Review and share","PUBLISH_STATUS.nav2","Cookbook","navigation","","LOCAL navigate","","COOKBOOK","[]","Preserve the current draft and open the destination.","member","Validate authentication scope, feature flag, resource ownership/membership, current revision and required field constraints on the server for network operations.","401 expired session → login with safe return; 403/404 unavailable → remove restricted content; 409/412 conflict → refresh and review; 422 invalid → inline correction; 429/503 → bounded retry with input retained.","Available locally; reauthorize any destination data on access.","No durable command; provider/native-specific replay protection applies.","no"
"PUBLISH_STATUS","Review and share","PUBLISH_STATUS.nav3","Inbox","navigation","","LOCAL navigate","","INBOX","[]","Preserve the current draft and open the destination.","member","Validate authentication scope, feature flag, resource ownership/membership, current revision and required field constraints on the server for network operations.","401 expired session → login with safe return; 403/404 unavailable → remove restricted content; 409/412 conflict → refresh and review; 422 invalid → inline correction; 429/503 → bounded retry with input retained.","Available locally; reauthorize any destination data on access.","No durable command; provider/native-specific replay protection applies.","no"
"PUBLISH_STATUS","Review and share","PUBLISH_STATUS.nav4","My Plate","navigation","","LOCAL navigate","","PROFILE_PLATE","[]","Preserve the current draft and open the destination.","member","Validate authentication scope, feature flag, resource ownership/membership, current revision and required field constraints on the server for network operations.","401 expired session → login with safe return; 403/404 unavailable → remove restricted content; 409/412 conflict → refresh and review; 422 invalid → inline correction; 429/503 → bounded retry with input retained.","Available locally; reauthorize any destination data on access.","No durable command; provider/native-specific replay protection applies.","no"
"REMIX_TRAIL","Your Takes","REMIX_TRAIL.back","Back","back","","LOCAL navigate","","POST","[]","Return to previous allowed screen; retain draft/session state. Unsaved destructive exits ask before discarding.","member","Validate authentication scope, feature flag, resource ownership/membership, current revision and required field constraints on the server for network operations.","401 expired session → login with safe return; 403/404 unavailable → remove restricted content; 409/412 conflict → refresh and review; 422 invalid → inline correction; 429/503 → bounded retry with input retained.","Available locally; reauthorize any destination data on access.","No durable command; provider/native-specific replay protection applies.","no"
"REMIX_TRAIL","Your Takes","REMIX_TRAIL.01","Open a version","screen","","LOCAL navigate","","POST","[]","Preserve the current draft and open the destination.","member","Validate authentication scope, feature flag, resource ownership/membership, current revision and required field constraints on the server for network operations.","401 expired session → login with safe return; 403/404 unavailable → remove restricted content; 409/412 conflict → refresh and review; 422 invalid → inline correction; 429/503 → bounded retry with input retained.","Available locally; reauthorize any destination data on access.","No durable command; provider/native-specific replay protection applies.","no"
"REMIX_TRAIL","Your Takes","REMIX_TRAIL.02","Make this version mine","screen","","LOCAL navigate","","ADAPT","[]","Preserve the current draft and open the destination.","member","Validate authentication scope, feature flag, resource ownership/membership, current revision and required field constraints on the server for network operations.","401 expired session → login with safe return; 403/404 unavailable → remove restricted content; 409/412 conflict → refresh and review; 422 invalid → inline correction; 429/503 → bounded retry with input retained.","Available locally; reauthorize any destination data on access.","No durable command; provider/native-specific replay protection applies.","no"
"REMIX_TRAIL","Your Takes","REMIX_TRAIL.03","Share my take","screen","","LOCAL navigate","","CAPTURE","[]","Preserve the current draft and open the destination.","member","Validate authentication scope, feature flag, resource ownership/membership, current revision and required field constraints on the server for network operations.","401 expired session → login with safe return; 403/404 unavailable → remove restricted content; 409/412 conflict → refresh and review; 422 invalid → inline correction; 429/503 → bounded retry with input retained.","Available locally; reauthorize any destination data on access.","No durable command; provider/native-specific replay protection applies.","no"
"REMIX_TRAIL","Your Takes","REMIX_TRAIL.04","Load more versions","screen","","GET /v1/posts/{postId}/remixes","getRemixTrail","","[]","Use cursor with access rechecks and cycle/depth bound; do not reveal hidden descendant counts.","member","Validate authentication scope, feature flag, resource ownership/membership, current revision and required field constraints on the server for network operations.","401 expired session → login with safe return; 403/404 unavailable → remove restricted content; 409/412 conflict → refresh and review; 422 invalid → inline correction; 429/503 → bounded retry with input retained.","Read only eligible cache; show staleness and do not infer current permissions.","No durable command; provider/native-specific replay protection applies.","no"
"REMIX_TRAIL","Your Takes","REMIX_TRAIL.nav0","Today","navigation","","LOCAL navigate","","TODAY","[]","Preserve the current draft and open the destination.","member","Validate authentication scope, feature flag, resource ownership/membership, current revision and required field constraints on the server for network operations.","401 expired session → login with safe return; 403/404 unavailable → remove restricted content; 409/412 conflict → refresh and review; 422 invalid → inline correction; 429/503 → bounded retry with input retained.","Available locally; reauthorize any destination data on access.","No durable command; provider/native-specific replay protection applies.","no"
"REMIX_TRAIL","Your Takes","REMIX_TRAIL.nav1","Cook","navigation","","LOCAL navigate","","HOME","[]","Preserve the current draft and open the destination.","member","Validate authentication scope, feature flag, resource ownership/membership, current revision and required field constraints on the server for network operations.","401 expired session → login with safe return; 403/404 unavailable → remove restricted content; 409/412 conflict → refresh and review; 422 invalid → inline correction; 429/503 → bounded retry with input retained.","Available locally; reauthorize any destination data on access.","No durable command; provider/native-specific replay protection applies.","no"
"REMIX_TRAIL","Your Takes","REMIX_TRAIL.nav2","Cookbook","navigation","","LOCAL navigate","","COOKBOOK","[]","Preserve the current draft and open the destination.","member","Validate authentication scope, feature flag, resource ownership/membership, current revision and required field constraints on the server for network operations.","401 expired session → login with safe return; 403/404 unavailable → remove restricted content; 409/412 conflict → refresh and review; 422 invalid → inline correction; 429/503 → bounded retry with input retained.","Available locally; reauthorize any destination data on access.","No durable command; provider/native-specific replay protection applies.","no"
"REMIX_TRAIL","Your Takes","REMIX_TRAIL.nav3","Inbox","navigation","","LOCAL navigate","","INBOX","[]","Preserve the current draft and open the destination.","member","Validate authentication scope, feature flag, resource ownership/membership, current revision and required field constraints on the server for network operations.","401 expired session → login with safe return; 403/404 unavailable → remove restricted content; 409/412 conflict → refresh and review; 422 invalid → inline correction; 429/503 → bounded retry with input retained.","Available locally; reauthorize any destination data on access.","No durable command; provider/native-specific replay protection applies.","no"
"REMIX_TRAIL","Your Takes","REMIX_TRAIL.nav4","My Plate","navigation","","LOCAL navigate","","PROFILE_PLATE","[]","Preserve the current draft and open the destination.","member","Validate authentication scope, feature flag, resource ownership/membership, current revision and required field constraints on the server for network operations.","401 expired session → login with safe return; 403/404 unavailable → remove restricted content; 409/412 conflict → refresh and review; 422 invalid → inline correction; 429/503 → bounded retry with input retained.","Available locally; reauthorize any destination data on access.","No durable command; provider/native-specific replay protection applies.","no"
"CIRCLES","Your kitchen circles","CIRCLES.back","Back","back","","LOCAL navigate","","HOME","[]","Return to previous allowed screen; retain draft/session state. Unsaved destructive exits ask before discarding.","member","Validate authentication scope, feature flag, resource ownership/membership, current revision and required field constraints on the server for network operations.","401 expired session → login with safe return; 403/404 unavailable → remove restricted content; 409/412 conflict → refresh and review; 422 invalid → inline correction; 429/503 → bounded retry with input retained.","Available locally; reauthorize any destination data on access.","No durable command; provider/native-specific replay protection applies.","no"
"CIRCLES","Your kitchen circles","CIRCLES.01","Open circle","screen","","LOCAL navigate","","CIRCLE","[]","Preserve the current draft and open the destination.","member","Validate authentication scope, feature flag, resource ownership/membership, current revision and required field constraints on the server for network operations.","401 expired session → login with safe return; 403/404 unavailable → remove restricted content; 409/412 conflict → refresh and review; 422 invalid → inline correction; 429/503 → bounded retry with input retained.","Available locally; reauthorize any destination data on access.","No durable command; provider/native-specific replay protection applies.","no"
"CIRCLES","Your kitchen circles","CIRCLES.02","Create a circle","screen","","LOCAL navigate","","CIRCLE_CREATE","[]","Preserve the current draft and open the destination.","member","Validate authentication scope, feature flag, resource ownership/membership, current revision and required field constraints on the server for network operations.","401 expired session → login with safe return; 403/404 unavailable → remove restricted content; 409/412 conflict → refresh and review; 422 invalid → inline correction; 429/503 → bounded retry with input retained.","Available locally; reauthorize any destination data on access.","No durable command; provider/native-specific replay protection applies.","no"
"CIRCLES","Your kitchen circles","CIRCLES.03","Join with invite","screen","","LOCAL navigate","","INVITE_ACCEPT","[]","Preserve the current draft and open the destination.","member","Validate authentication scope, feature flag, resource ownership/membership, current revision and required field constraints on the server for network operations.","401 expired session → login with safe return; 403/404 unavailable → remove restricted content; 409/412 conflict → refresh and review; 422 invalid → inline correction; 429/503 → bounded retry with input retained.","Available locally; reauthorize any destination data on access.","No durable command; provider/native-specific replay protection applies.","no"
"CIRCLES","Your kitchen circles","CIRCLES.04","Manage invitations","screen","","LOCAL navigate","","INVITE","[]","Preserve the current draft and open the destination.","member","Validate authentication scope, feature flag, resource ownership/membership, current revision and required field constraints on the server for network operations.","401 expired session → login with safe return; 403/404 unavailable → remove restricted content; 409/412 conflict → refresh and review; 422 invalid → inline correction; 429/503 → bounded retry with input retained.","Available locally; reauthorize any destination data on access.","No durable command; provider/native-specific replay protection applies.","no"
"CIRCLES","Your kitchen circles","CIRCLES.05","Use this circle","screen","picker mode only","LOCAL pickerResult","","","[[""SOS_CREATE"",""SOS audience""],[""POTLUCK_CREATE"",""shared meal audience""],[""AUDIENCE"",""post audience""]]","Visible only in circle-picker context; return selected circleId and current membership revision to the originating draft.","member","Validate authentication scope, feature flag, resource ownership/membership, current revision and required field constraints on the server for network operations.","401 expired session → login with safe return; 403/404 unavailable → remove restricted content; 409/412 conflict → refresh and review; 422 invalid → inline correction; 429/503 → bounded retry with input retained.","Available locally; reauthorize any destination data on access.","No durable command; provider/native-specific replay protection applies.","no"
"CIRCLES","Your kitchen circles","CIRCLES.06","Cancel selection","screen","picker mode only","LOCAL pickerCancel","","","[[""SOS_CREATE"",""SOS audience""],[""POTLUCK_CREATE"",""shared meal audience""],[""AUDIENCE"",""post audience""]]","Return to picker.cancelTo without changing the event circle.","member","Validate authentication scope, feature flag, resource ownership/membership, current revision and required field constraints on the server for network operations.","401 expired session → login with safe return; 403/404 unavailable → remove restricted content; 409/412 conflict → refresh and review; 422 invalid → inline correction; 429/503 → bounded retry with input retained.","Available locally; reauthorize any destination data on access.","No durable command; provider/native-specific replay protection applies.","no"
"CIRCLES","Your kitchen circles","CIRCLES.nav0","Today","navigation","","LOCAL navigate","","TODAY","[]","Preserve the current draft and open the destination.","member","Validate authentication scope, feature flag, resource ownership/membership, current revision and required field constraints on the server for network operations.","401 expired session → login with safe return; 403/404 unavailable → remove restricted content; 409/412 conflict → refresh and review; 422 invalid → inline correction; 429/503 → bounded retry with input retained.","Available locally; reauthorize any destination data on access.","No durable command; provider/native-specific replay protection applies.","no"
"CIRCLES","Your kitchen circles","CIRCLES.nav1","Cook","navigation","","LOCAL navigate","","HOME","[]","Preserve the current draft and open the destination.","member","Validate authentication scope, feature flag, resource ownership/membership, current revision and required field constraints on the server for network operations.","401 expired session → login with safe return; 403/404 unavailable → remove restricted content; 409/412 conflict → refresh and review; 422 invalid → inline correction; 429/503 → bounded retry with input retained.","Available locally; reauthorize any destination data on access.","No durable command; provider/native-specific replay protection applies.","no"
"CIRCLES","Your kitchen circles","CIRCLES.nav2","Cookbook","navigation","","LOCAL navigate","","COOKBOOK","[]","Preserve the current draft and open the destination.","member","Validate authentication scope, feature flag, resource ownership/membership, current revision and required field constraints on the server for network operations.","401 expired session → login with safe return; 403/404 unavailable → remove restricted content; 409/412 conflict → refresh and review; 422 invalid → inline correction; 429/503 → bounded retry with input retained.","Available locally; reauthorize any destination data on access.","No durable command; provider/native-specific replay protection applies.","no"
"CIRCLES","Your kitchen circles","CIRCLES.nav3","Inbox","navigation","","LOCAL navigate","","INBOX","[]","Preserve the current draft and open the destination.","member","Validate authentication scope, feature flag, resource ownership/membership, current revision and required field constraints on the server for network operations.","401 expired session → login with safe return; 403/404 unavailable → remove restricted content; 409/412 conflict → refresh and review; 422 invalid → inline correction; 429/503 → bounded retry with input retained.","Available locally; reauthorize any destination data on access.","No durable command; provider/native-specific replay protection applies.","no"
"CIRCLES","Your kitchen circles","CIRCLES.nav4","My Plate","navigation","","LOCAL navigate","","PROFILE_PLATE","[]","Preserve the current draft and open the destination.","member","Validate authentication scope, feature flag, resource ownership/membership, current revision and required field constraints on the server for network operations.","401 expired session → login with safe return; 403/404 unavailable → remove restricted content; 409/412 conflict → refresh and review; 422 invalid → inline correction; 429/503 → bounded retry with input retained.","Available locally; reauthorize any destination data on access.","No durable command; provider/native-specific replay protection applies.","no"
"CIRCLE","A kitchen circle","CIRCLE.back","Back","back","","LOCAL navigate","","CIRCLES","[]","Return to previous allowed screen; retain draft/session state. Unsaved destructive exits ask before discarding.","member","Validate authentication scope, feature flag, resource ownership/membership, current revision and required field constraints on the server for network operations.","401 expired session → login with safe return; 403/404 unavailable → remove restricted content; 409/412 conflict → refresh and review; 422 invalid → inline correction; 429/503 → bounded retry with input retained.","Available locally; reauthorize any destination data on access.","No durable command; provider/native-specific replay protection applies.","no"
"CIRCLE","A kitchen circle","CIRCLE.01","Open a meal","screen","","LOCAL navigate","","POST","[]","Preserve the current draft and open the destination.","member","Validate authentication scope, feature flag, resource ownership/membership, current revision and required field constraints on the server for network operations.","401 expired session → login with safe return; 403/404 unavailable → remove restricted content; 409/412 conflict → refresh and review; 422 invalid → inline correction; 429/503 → bounded retry with input retained.","Available locally; reauthorize any destination data on access.","No durable command; provider/native-specific replay protection applies.","no"
"CIRCLE","A kitchen circle","CIRCLE.02","Invite a friend","screen","","LOCAL navigate","","INVITE","[]","Preserve the current draft and open the destination.","member","Validate authentication scope, feature flag, resource ownership/membership, current revision and required field constraints on the server for network operations.","401 expired session → login with safe return; 403/404 unavailable → remove restricted content; 409/412 conflict → refresh and review; 422 invalid → inline correction; 429/503 → bounded retry with input retained.","Available locally; reauthorize any destination data on access.","No durable command; provider/native-specific replay protection applies.","no"
"CIRCLE","A kitchen circle","CIRCLE.03","Members","screen","","LOCAL navigate","","CIRCLE_MEMBERS","[]","Preserve the current draft and open the destination.","member","Validate authentication scope, feature flag, resource ownership/membership, current revision and required field constraints on the server for network operations.","401 expired session → login with safe return; 403/404 unavailable → remove restricted content; 409/412 conflict → refresh and review; 422 invalid → inline correction; 429/503 → bounded retry with input retained.","Available locally; reauthorize any destination data on access.","No durable command; provider/native-specific replay protection applies.","no"
"CIRCLE","A kitchen circle","CIRCLE.04","Ask Fridge SOS","screen","","LOCAL navigate","","SOS_CREATE","[]","Preserve the current draft and open the destination.","member","Validate authentication scope, feature flag, resource ownership/membership, current revision and required field constraints on the server for network operations.","401 expired session → login with safe return; 403/404 unavailable → remove restricted content; 409/412 conflict → refresh and review; 422 invalid → inline correction; 429/503 → bounded retry with input retained.","Available locally; reauthorize any destination data on access.","No durable command; provider/native-specific replay protection applies.","no"
"CIRCLE","A kitchen circle","CIRCLE.05","Start Dinner Vote","screen","","LOCAL navigate","","POLL_CREATE","[]","Preserve the current draft and open the destination.","member","Validate authentication scope, feature flag, resource ownership/membership, current revision and required field constraints on the server for network operations.","401 expired session → login with safe return; 403/404 unavailable → remove restricted content; 409/412 conflict → refresh and review; 422 invalid → inline correction; 429/503 → bounded retry with input retained.","Available locally; reauthorize any destination data on access.","No durable command; provider/native-specific replay protection applies.","no"
"CIRCLE","A kitchen circle","CIRCLE.06","Bring a Bit","screen","","LOCAL navigate","","POTLUCK_CREATE","[]","Preserve the current draft and open the destination.","member","Validate authentication scope, feature flag, resource ownership/membership, current revision and required field constraints on the server for network operations.","401 expired session → login with safe return; 403/404 unavailable → remove restricted content; 409/412 conflict → refresh and review; 422 invalid → inline correction; 429/503 → bounded retry with input retained.","Available locally; reauthorize any destination data on access.","No durable command; provider/native-specific replay protection applies.","no"
"CIRCLE","A kitchen circle","CIRCLE.07","Leave circle","screen","","POST /v1/circles/{circleId}/leave","leaveCircle","CIRCLES","[]","Revoke membership and future media issuance immediately; sole owner must transfer ownership or delete circle first.","member","Validate authentication scope, feature flag, resource ownership/membership, current revision and required field constraints on the server for network operations.","401 expired session → login with safe return; 403/404 unavailable → remove restricted content; 409/412 conflict → refresh and review; 422 invalid → inline correction; 429/503 → bounded retry with input retained.","Retain input and retry online; do not show a durable success before server receipt.","Stable client operation ID for durable command; server idempotency record and transaction receipt. If-Match where versioned.","no"
"CIRCLE","A kitchen circle","CIRCLE.08","Delete my circle","screen","","DELETE /v1/circles/{circleId}","deleteCircle","CIRCLES","[]","Owner confirms dissolution. Revoke memberships/invites and circle-only visibility; preserve owned/private data according to lifecycle.","member","Validate authentication scope, feature flag, resource ownership/membership, current revision and required field constraints on the server for network operations.","401 expired session → login with safe return; 403/404 unavailable → remove restricted content; 409/412 conflict → refresh and review; 422 invalid → inline correction; 429/503 → bounded retry with input retained.","Retain input and retry online; do not show a durable success before server receipt.","Stable client operation ID for durable command; server idempotency record and transaction receipt. If-Match where versioned.","yes"
"CIRCLE","A kitchen circle","CIRCLE.09","Edit circle details","screen","","PATCH /v1/circles/{circleId}","updateCircle","","[]","Owner/admin updates permitted name/description fields with expected revision.","member","Validate authentication scope, feature flag, resource ownership/membership, current revision and required field constraints on the server for network operations.","401 expired session → login with safe return; 403/404 unavailable → remove restricted content; 409/412 conflict → refresh and review; 422 invalid → inline correction; 429/503 → bounded retry with input retained.","Retain input and retry online; do not show a durable success before server receipt.","Stable client operation ID for durable command; server idempotency record and transaction receipt. If-Match where versioned.","no"
"CIRCLE","A kitchen circle","CIRCLE.nav0","Today","navigation","","LOCAL navigate","","TODAY","[]","Preserve the current draft and open the destination.","member","Validate authentication scope, feature flag, resource ownership/membership, current revision and required field constraints on the server for network operations.","401 expired session → login with safe return; 403/404 unavailable → remove restricted content; 409/412 conflict → refresh and review; 422 invalid → inline correction; 429/503 → bounded retry with input retained.","Available locally; reauthorize any destination data on access.","No durable command; provider/native-specific replay protection applies.","no"
"CIRCLE","A kitchen circle","CIRCLE.nav1","Cook","navigation","","LOCAL navigate","","HOME","[]","Preserve the current draft and open the destination.","member","Validate authentication scope, feature flag, resource ownership/membership, current revision and required field constraints on the server for network operations.","401 expired session → login with safe return; 403/404 unavailable → remove restricted content; 409/412 conflict → refresh and review; 422 invalid → inline correction; 429/503 → bounded retry with input retained.","Available locally; reauthorize any destination data on access.","No durable command; provider/native-specific replay protection applies.","no"
"CIRCLE","A kitchen circle","CIRCLE.nav2","Cookbook","navigation","","LOCAL navigate","","COOKBOOK","[]","Preserve the current draft and open the destination.","member","Validate authentication scope, feature flag, resource ownership/membership, current revision and required field constraints on the server for network operations.","401 expired session → login with safe return; 403/404 unavailable → remove restricted content; 409/412 conflict → refresh and review; 422 invalid → inline correction; 429/503 → bounded retry with input retained.","Available locally; reauthorize any destination data on access.","No durable command; provider/native-specific replay protection applies.","no"
"CIRCLE","A kitchen circle","CIRCLE.nav3","Inbox","navigation","","LOCAL navigate","","INBOX","[]","Preserve the current draft and open the destination.","member","Validate authentication scope, feature flag, resource ownership/membership, current revision and required field constraints on the server for network operations.","401 expired session → login with safe return; 403/404 unavailable → remove restricted content; 409/412 conflict → refresh and review; 422 invalid → inline correction; 429/503 → bounded retry with input retained.","Available locally; reauthorize any destination data on access.","No durable command; provider/native-specific replay protection applies.","no"
"CIRCLE","A kitchen circle","CIRCLE.nav4","My Plate","navigation","","LOCAL navigate","","PROFILE_PLATE","[]","Preserve the current draft and open the destination.","member","Validate authentication scope, feature flag, resource ownership/membership, current revision and required field constraints on the server for network operations.","401 expired session → login with safe return; 403/404 unavailable → remove restricted content; 409/412 conflict → refresh and review; 422 invalid → inline correction; 429/503 → bounded retry with input retained.","Available locally; reauthorize any destination data on access.","No durable command; provider/native-specific replay protection applies.","no"
"CIRCLE_CREATE","Start a circle","CIRCLE_CREATE.back","Back","back","","LOCAL navigate","","CIRCLES","[]","Return to previous allowed screen; retain draft/session state. Unsaved destructive exits ask before discarding.","member","Validate authentication scope, feature flag, resource ownership/membership, current revision and required field constraints on the server for network operations.","401 expired session → login with safe return; 403/404 unavailable → remove restricted content; 409/412 conflict → refresh and review; 422 invalid → inline correction; 429/503 → bounded retry with input retained.","Available locally; reauthorize any destination data on access.","No durable command; provider/native-specific replay protection applies.","no"
"CIRCLE_CREATE","Start a circle","CIRCLE_CREATE.01","Create circle","screen","","POST /v1/circles","createCircle","CIRCLE","[]","Create owner membership and circle in one idempotent transaction with account-level limits.","member","Validate authentication scope, feature flag, resource ownership/membership, current revision and required field constraints on the server for network operations.","401 expired session → login with safe return; 403/404 unavailable → remove restricted content; 409/412 conflict → refresh and review; 422 invalid → inline correction; 429/503 → bounded retry with input retained.","Retain input and retry online; do not show a durable success before server receipt.","Stable client operation ID for durable command; server idempotency record and transaction receipt. If-Match where versioned.","no"
"CIRCLE_CREATE","Start a circle","CIRCLE_CREATE.02","Cancel","screen","","LOCAL navigate","","CIRCLES","[]","Preserve the current draft and open the destination.","member","Validate authentication scope, feature flag, resource ownership/membership, current revision and required field constraints on the server for network operations.","401 expired session → login with safe return; 403/404 unavailable → remove restricted content; 409/412 conflict → refresh and review; 422 invalid → inline correction; 429/503 → bounded retry with input retained.","Available locally; reauthorize any destination data on access.","No durable command; provider/native-specific replay protection applies.","no"
"CIRCLE_CREATE","Start a circle","CIRCLE_CREATE.nav0","Today","navigation","","LOCAL navigate","","TODAY","[]","Preserve the current draft and open the destination.","member","Validate authentication scope, feature flag, resource ownership/membership, current revision and required field constraints on the server for network operations.","401 expired session → login with safe return; 403/404 unavailable → remove restricted content; 409/412 conflict → refresh and review; 422 invalid → inline correction; 429/503 → bounded retry with input retained.","Available locally; reauthorize any destination data on access.","No durable command; provider/native-specific replay protection applies.","no"
"CIRCLE_CREATE","Start a circle","CIRCLE_CREATE.nav1","Cook","navigation","","LOCAL navigate","","HOME","[]","Preserve the current draft and open the destination.","member","Validate authentication scope, feature flag, resource ownership/membership, current revision and required field constraints on the server for network operations.","401 expired session → login with safe return; 403/404 unavailable → remove restricted content; 409/412 conflict → refresh and review; 422 invalid → inline correction; 429/503 → bounded retry with input retained.","Available locally; reauthorize any destination data on access.","No durable command; provider/native-specific replay protection applies.","no"
"CIRCLE_CREATE","Start a circle","CIRCLE_CREATE.nav2","Cookbook","navigation","","LOCAL navigate","","COOKBOOK","[]","Preserve the current draft and open the destination.","member","Validate authentication scope, feature flag, resource ownership/membership, current revision and required field constraints on the server for network operations.","401 expired session → login with safe return; 403/404 unavailable → remove restricted content; 409/412 conflict → refresh and review; 422 invalid → inline correction; 429/503 → bounded retry with input retained.","Available locally; reauthorize any destination data on access.","No durable command; provider/native-specific replay protection applies.","no"
"CIRCLE_CREATE","Start a circle","CIRCLE_CREATE.nav3","Inbox","navigation","","LOCAL navigate","","INBOX","[]","Preserve the current draft and open the destination.","member","Validate authentication scope, feature flag, resource ownership/membership, current revision and required field constraints on the server for network operations.","401 expired session → login with safe return; 403/404 unavailable → remove restricted content; 409/412 conflict → refresh and review; 422 invalid → inline correction; 429/503 → bounded retry with input retained.","Available locally; reauthorize any destination data on access.","No durable command; provider/native-specific replay protection applies.","no"
"CIRCLE_CREATE","Start a circle","CIRCLE_CREATE.nav4","My Plate","navigation","","LOCAL navigate","","PROFILE_PLATE","[]","Preserve the current draft and open the destination.","member","Validate authentication scope, feature flag, resource ownership/membership, current revision and required field constraints on the server for network operations.","401 expired session → login with safe return; 403/404 unavailable → remove restricted content; 409/412 conflict → refresh and review; 422 invalid → inline correction; 429/503 → bounded retry with input retained.","Available locally; reauthorize any destination data on access.","No durable command; provider/native-specific replay protection applies.","no"
"CIRCLE_MEMBERS","Circle members","CIRCLE_MEMBERS.back","Back","back","","LOCAL navigate","","CIRCLE","[]","Return to previous allowed screen; retain draft/session state. Unsaved destructive exits ask before discarding.","member","Validate authentication scope, feature flag, resource ownership/membership, current revision and required field constraints on the server for network operations.","401 expired session → login with safe return; 403/404 unavailable → remove restricted content; 409/412 conflict → refresh and review; 422 invalid → inline correction; 429/503 → bounded retry with input retained.","Available locally; reauthorize any destination data on access.","No durable command; provider/native-specific replay protection applies.","no"
"CIRCLE_MEMBERS","Circle members","CIRCLE_MEMBERS.01","Remove selected member","screen","","DELETE /v1/circles/{circleId}/members/{userId}","removeCircleMember","","[]","Owner/moderator permission, If-Match membership version and last-owner invariant enforced.","member","Validate authentication scope, feature flag, resource ownership/membership, current revision and required field constraints on the server for network operations.","401 expired session → login with safe return; 403/404 unavailable → remove restricted content; 409/412 conflict → refresh and review; 422 invalid → inline correction; 429/503 → bounded retry with input retained.","Retain input and retry online; do not show a durable success before server receipt.","Stable client operation ID for durable command; server idempotency record and transaction receipt. If-Match where versioned.","no"
"CIRCLE_MEMBERS","Circle members","CIRCLE_MEMBERS.02","Transfer ownership","screen","","POST /v1/circles/{circleId}/ownership","transferCircleOwnership","","[]","Only current owner may transfer; require explicit confirmation and audit.","member","Validate authentication scope, feature flag, resource ownership/membership, current revision and required field constraints on the server for network operations.","401 expired session → login with safe return; 403/404 unavailable → remove restricted content; 409/412 conflict → refresh and review; 422 invalid → inline correction; 429/503 → bounded retry with input retained.","Retain input and retry online; do not show a durable success before server receipt.","Stable client operation ID for durable command; server idempotency record and transaction receipt. If-Match where versioned.","yes"
"CIRCLE_MEMBERS","Circle members","CIRCLE_MEMBERS.03","Invite someone","screen","","LOCAL navigate","","INVITE","[]","Preserve the current draft and open the destination.","member","Validate authentication scope, feature flag, resource ownership/membership, current revision and required field constraints on the server for network operations.","401 expired session → login with safe return; 403/404 unavailable → remove restricted content; 409/412 conflict → refresh and review; 422 invalid → inline correction; 429/503 → bounded retry with input retained.","Available locally; reauthorize any destination data on access.","No durable command; provider/native-specific replay protection applies.","no"
"CIRCLE_MEMBERS","Circle members","CIRCLE_MEMBERS.04","Report a member","screen","","LOCAL navigate","","REPORT","[]","Preserve the current draft and open the destination.","member","Validate authentication scope, feature flag, resource ownership/membership, current revision and required field constraints on the server for network operations.","401 expired session → login with safe return; 403/404 unavailable → remove restricted content; 409/412 conflict → refresh and review; 422 invalid → inline correction; 429/503 → bounded retry with input retained.","Available locally; reauthorize any destination data on access.","No durable command; provider/native-specific replay protection applies.","no"
"CIRCLE_MEMBERS","Circle members","CIRCLE_MEMBERS.nav0","Today","navigation","","LOCAL navigate","","TODAY","[]","Preserve the current draft and open the destination.","member","Validate authentication scope, feature flag, resource ownership/membership, current revision and required field constraints on the server for network operations.","401 expired session → login with safe return; 403/404 unavailable → remove restricted content; 409/412 conflict → refresh and review; 422 invalid → inline correction; 429/503 → bounded retry with input retained.","Available locally; reauthorize any destination data on access.","No durable command; provider/native-specific replay protection applies.","no"
"CIRCLE_MEMBERS","Circle members","CIRCLE_MEMBERS.nav1","Cook","navigation","","LOCAL navigate","","HOME","[]","Preserve the current draft and open the destination.","member","Validate authentication scope, feature flag, resource ownership/membership, current revision and required field constraints on the server for network operations.","401 expired session → login with safe return; 403/404 unavailable → remove restricted content; 409/412 conflict → refresh and review; 422 invalid → inline correction; 429/503 → bounded retry with input retained.","Available locally; reauthorize any destination data on access.","No durable command; provider/native-specific replay protection applies.","no"
"CIRCLE_MEMBERS","Circle members","CIRCLE_MEMBERS.nav2","Cookbook","navigation","","LOCAL navigate","","COOKBOOK","[]","Preserve the current draft and open the destination.","member","Validate authentication scope, feature flag, resource ownership/membership, current revision and required field constraints on the server for network operations.","401 expired session → login with safe return; 403/404 unavailable → remove restricted content; 409/412 conflict → refresh and review; 422 invalid → inline correction; 429/503 → bounded retry with input retained.","Available locally; reauthorize any destination data on access.","No durable command; provider/native-specific replay protection applies.","no"
"CIRCLE_MEMBERS","Circle members","CIRCLE_MEMBERS.nav3","Inbox","navigation","","LOCAL navigate","","INBOX","[]","Preserve the current draft and open the destination.","member","Validate authentication scope, feature flag, resource ownership/membership, current revision and required field constraints on the server for network operations.","401 expired session → login with safe return; 403/404 unavailable → remove restricted content; 409/412 conflict → refresh and review; 422 invalid → inline correction; 429/503 → bounded retry with input retained.","Available locally; reauthorize any destination data on access.","No durable command; provider/native-specific replay protection applies.","no"
"CIRCLE_MEMBERS","Circle members","CIRCLE_MEMBERS.nav4","My Plate","navigation","","LOCAL navigate","","PROFILE_PLATE","[]","Preserve the current draft and open the destination.","member","Validate authentication scope, feature flag, resource ownership/membership, current revision and required field constraints on the server for network operations.","401 expired session → login with safe return; 403/404 unavailable → remove restricted content; 409/412 conflict → refresh and review; 422 invalid → inline correction; 429/503 → bounded retry with input retained.","Available locally; reauthorize any destination data on access.","No durable command; provider/native-specific replay protection applies.","no"
"INVITE","Invite your people","INVITE.back","Back","back","","LOCAL navigate","","CIRCLE","[]","Return to previous allowed screen; retain draft/session state. Unsaved destructive exits ask before discarding.","member","Validate authentication scope, feature flag, resource ownership/membership, current revision and required field constraints on the server for network operations.","401 expired session → login with safe return; 403/404 unavailable → remove restricted content; 409/412 conflict → refresh and review; 422 invalid → inline correction; 429/503 → bounded retry with input retained.","Available locally; reauthorize any destination data on access.","No durable command; provider/native-specific replay protection applies.","no"
"INVITE","Invite your people","INVITE.01","Create invite link","screen","","POST /v1/invitations","createInvitation","","[]","Generate opaque token; store token hash, issuer, role, limits and expiry; display once to user.","member","Validate authentication scope, feature flag, resource ownership/membership, current revision and required field constraints on the server for network operations.","401 expired session → login with safe return; 403/404 unavailable → remove restricted content; 409/412 conflict → refresh and review; 422 invalid → inline correction; 429/503 → bounded retry with input retained.","Retain input and retry online; do not show a durable success before server receipt.","Stable client operation ID for durable command; server idempotency record and transaction receipt. If-Match where versioned.","no"
"INVITE","Invite your people","INVITE.02","Share invite link","screen","","EXTERNAL OS.shareSheet","","","[]","User chooses recipient/application; app does not send on their behalf automatically.","member","Validate authentication scope, feature flag, resource ownership/membership, current revision and required field constraints on the server for network operations.","401 expired session → login with safe return; 403/404 unavailable → remove restricted content; 409/412 conflict → refresh and review; 422 invalid → inline correction; 429/503 → bounded retry with input retained.","Retain input and retry online; do not show a durable success before server receipt.","No durable command; provider/native-specific replay protection applies.","no"
"INVITE","Invite your people","INVITE.03","Revoke selected invite","screen","","DELETE /v1/invitations/{invitationId}","revokeInvitation","","[]","Revoke token transactionally; accepted memberships require separate removal.","member","Validate authentication scope, feature flag, resource ownership/membership, current revision and required field constraints on the server for network operations.","401 expired session → login with safe return; 403/404 unavailable → remove restricted content; 409/412 conflict → refresh and review; 422 invalid → inline correction; 429/503 → bounded retry with input retained.","Retain input and retry online; do not show a durable success before server receipt.","Stable client operation ID for durable command; server idempotency record and transaction receipt. If-Match where versioned.","no"
"INVITE","Invite your people","INVITE.04","Back to circle","screen","","LOCAL navigate","","CIRCLE","[]","Preserve the current draft and open the destination.","member","Validate authentication scope, feature flag, resource ownership/membership, current revision and required field constraints on the server for network operations.","401 expired session → login with safe return; 403/404 unavailable → remove restricted content; 409/412 conflict → refresh and review; 422 invalid → inline correction; 429/503 → bounded retry with input retained.","Available locally; reauthorize any destination data on access.","No durable command; provider/native-specific replay protection applies.","no"
"INVITE","Invite your people","INVITE.nav0","Today","navigation","","LOCAL navigate","","TODAY","[]","Preserve the current draft and open the destination.","member","Validate authentication scope, feature flag, resource ownership/membership, current revision and required field constraints on the server for network operations.","401 expired session → login with safe return; 403/404 unavailable → remove restricted content; 409/412 conflict → refresh and review; 422 invalid → inline correction; 429/503 → bounded retry with input retained.","Available locally; reauthorize any destination data on access.","No durable command; provider/native-specific replay protection applies.","no"
"INVITE","Invite your people","INVITE.nav1","Cook","navigation","","LOCAL navigate","","HOME","[]","Preserve the current draft and open the destination.","member","Validate authentication scope, feature flag, resource ownership/membership, current revision and required field constraints on the server for network operations.","401 expired session → login with safe return; 403/404 unavailable → remove restricted content; 409/412 conflict → refresh and review; 422 invalid → inline correction; 429/503 → bounded retry with input retained.","Available locally; reauthorize any destination data on access.","No durable command; provider/native-specific replay protection applies.","no"
"INVITE","Invite your people","INVITE.nav2","Cookbook","navigation","","LOCAL navigate","","COOKBOOK","[]","Preserve the current draft and open the destination.","member","Validate authentication scope, feature flag, resource ownership/membership, current revision and required field constraints on the server for network operations.","401 expired session → login with safe return; 403/404 unavailable → remove restricted content; 409/412 conflict → refresh and review; 422 invalid → inline correction; 429/503 → bounded retry with input retained.","Available locally; reauthorize any destination data on access.","No durable command; provider/native-specific replay protection applies.","no"
"INVITE","Invite your people","INVITE.nav3","Inbox","navigation","","LOCAL navigate","","INBOX","[]","Preserve the current draft and open the destination.","member","Validate authentication scope, feature flag, resource ownership/membership, current revision and required field constraints on the server for network operations.","401 expired session → login with safe return; 403/404 unavailable → remove restricted content; 409/412 conflict → refresh and review; 422 invalid → inline correction; 429/503 → bounded retry with input retained.","Available locally; reauthorize any destination data on access.","No durable command; provider/native-specific replay protection applies.","no"
"INVITE","Invite your people","INVITE.nav4","My Plate","navigation","","LOCAL navigate","","PROFILE_PLATE","[]","Preserve the current draft and open the destination.","member","Validate authentication scope, feature flag, resource ownership/membership, current revision and required field constraints on the server for network operations.","401 expired session → login with safe return; 403/404 unavailable → remove restricted content; 409/412 conflict → refresh and review; 422 invalid → inline correction; 429/503 → bounded retry with input retained.","Available locally; reauthorize any destination data on access.","No durable command; provider/native-specific replay protection applies.","no"
"INBOX","Around your table","INBOX.back","Back","back","","LOCAL navigate","","HOME","[]","Return to previous allowed screen; retain draft/session state. Unsaved destructive exits ask before discarding.","member","Validate authentication scope, feature flag, resource ownership/membership, current revision and required field constraints on the server for network operations.","401 expired session → login with safe return; 403/404 unavailable → remove restricted content; 409/412 conflict → refresh and review; 422 invalid → inline correction; 429/503 → bounded retry with input retained.","Available locally; reauthorize any destination data on access.","No durable command; provider/native-specific replay protection applies.","no"
"INBOX","Around your table","INBOX.01","Open conversation","screen","","LOCAL navigate","","THREAD","[]","Preserve the current draft and open the destination.","member","Validate authentication scope, feature flag, resource ownership/membership, current revision and required field constraints on the server for network operations.","401 expired session → login with safe return; 403/404 unavailable → remove restricted content; 409/412 conflict → refresh and review; 422 invalid → inline correction; 429/503 → bounded retry with input retained.","Available locally; reauthorize any destination data on access.","No durable command; provider/native-specific replay protection applies.","no"
"INBOX","Around your table","INBOX.02","Open invitation","screen","","LOCAL navigate","","INVITE_ACCEPT","[]","Preserve the current draft and open the destination.","member","Validate authentication scope, feature flag, resource ownership/membership, current revision and required field constraints on the server for network operations.","401 expired session → login with safe return; 403/404 unavailable → remove restricted content; 409/412 conflict → refresh and review; 422 invalid → inline correction; 429/503 → bounded retry with input retained.","Available locally; reauthorize any destination data on access.","No durable command; provider/native-specific replay protection applies.","no"
"INBOX","Around your table","INBOX.03","Open activity","screen","","LOCAL navigate","","POST","[]","Reauthorize destination, showing unavailable state for expired/deleted content.","member","Validate authentication scope, feature flag, resource ownership/membership, current revision and required field constraints on the server for network operations.","401 expired session → login with safe return; 403/404 unavailable → remove restricted content; 409/412 conflict → refresh and review; 422 invalid → inline correction; 429/503 → bounded retry with input retained.","Available locally; reauthorize any destination data on access.","No durable command; provider/native-specific replay protection applies.","no"
"INBOX","Around your table","INBOX.04","Notification settings","screen","","LOCAL navigate","","NOTIFICATIONS","[]","Preserve the current draft and open the destination.","member","Validate authentication scope, feature flag, resource ownership/membership, current revision and required field constraints on the server for network operations.","401 expired session → login with safe return; 403/404 unavailable → remove restricted content; 409/412 conflict → refresh and review; 422 invalid → inline correction; 429/503 → bounded retry with input retained.","Available locally; reauthorize any destination data on access.","No durable command; provider/native-specific replay protection applies.","no"
"INBOX","Around your table","INBOX.05","Mark all read","screen","","POST /v1/notifications/read","markNotificationsRead","","[]","Advance per-user read watermark idempotently; avoid implying other parties read receipts.","member","Validate authentication scope, feature flag, resource ownership/membership, current revision and required field constraints on the server for network operations.","401 expired session → login with safe return; 403/404 unavailable → remove restricted content; 409/412 conflict → refresh and review; 422 invalid → inline correction; 429/503 → bounded retry with input retained.","Retain input and retry online; do not show a durable success before server receipt.","Stable client operation ID for durable command; server idempotency record and transaction receipt. If-Match where versioned.","no"
"INBOX","Around your table","INBOX.nav0","Today","navigation","","LOCAL navigate","","TODAY","[]","Preserve the current draft and open the destination.","member","Validate authentication scope, feature flag, resource ownership/membership, current revision and required field constraints on the server for network operations.","401 expired session → login with safe return; 403/404 unavailable → remove restricted content; 409/412 conflict → refresh and review; 422 invalid → inline correction; 429/503 → bounded retry with input retained.","Available locally; reauthorize any destination data on access.","No durable command; provider/native-specific replay protection applies.","no"
"INBOX","Around your table","INBOX.nav1","Cook","navigation","","LOCAL navigate","","HOME","[]","Preserve the current draft and open the destination.","member","Validate authentication scope, feature flag, resource ownership/membership, current revision and required field constraints on the server for network operations.","401 expired session → login with safe return; 403/404 unavailable → remove restricted content; 409/412 conflict → refresh and review; 422 invalid → inline correction; 429/503 → bounded retry with input retained.","Available locally; reauthorize any destination data on access.","No durable command; provider/native-specific replay protection applies.","no"
"INBOX","Around your table","INBOX.nav2","Cookbook","navigation","","LOCAL navigate","","COOKBOOK","[]","Preserve the current draft and open the destination.","member","Validate authentication scope, feature flag, resource ownership/membership, current revision and required field constraints on the server for network operations.","401 expired session → login with safe return; 403/404 unavailable → remove restricted content; 409/412 conflict → refresh and review; 422 invalid → inline correction; 429/503 → bounded retry with input retained.","Available locally; reauthorize any destination data on access.","No durable command; provider/native-specific replay protection applies.","no"
"INBOX","Around your table","INBOX.nav3","Inbox","navigation","","LOCAL navigate","","INBOX","[]","Preserve the current draft and open the destination.","member","Validate authentication scope, feature flag, resource ownership/membership, current revision and required field constraints on the server for network operations.","401 expired session → login with safe return; 403/404 unavailable → remove restricted content; 409/412 conflict → refresh and review; 422 invalid → inline correction; 429/503 → bounded retry with input retained.","Available locally; reauthorize any destination data on access.","No durable command; provider/native-specific replay protection applies.","no"
"INBOX","Around your table","INBOX.nav4","My Plate","navigation","","LOCAL navigate","","PROFILE_PLATE","[]","Preserve the current draft and open the destination.","member","Validate authentication scope, feature flag, resource ownership/membership, current revision and required field constraints on the server for network operations.","401 expired session → login with safe return; 403/404 unavailable → remove restricted content; 409/412 conflict → refresh and review; 422 invalid → inline correction; 429/503 → bounded retry with input retained.","Available locally; reauthorize any destination data on access.","No durable command; provider/native-specific replay protection applies.","no"
"THREAD","Meal conversation","THREAD.back","Back","back","","LOCAL navigate","","INBOX","[]","Return to previous allowed screen; retain draft/session state. Unsaved destructive exits ask before discarding.","member","Validate authentication scope, feature flag, resource ownership/membership, current revision and required field constraints on the server for network operations.","401 expired session → login with safe return; 403/404 unavailable → remove restricted content; 409/412 conflict → refresh and review; 422 invalid → inline correction; 429/503 → bounded retry with input retained.","Available locally; reauthorize any destination data on access.","No durable command; provider/native-specific replay protection applies.","no"
"THREAD","Meal conversation","THREAD.01","Send reply","screen","","POST /v1/threads/{threadId}/messages","sendMessage","","[]","Authorize membership and blocks, validate bounded text, persist message and outbox once by clientMessageId.","member","Validate authentication scope, feature flag, resource ownership/membership, current revision and required field constraints on the server for network operations.","401 expired session → login with safe return; 403/404 unavailable → remove restricted content; 409/412 conflict → refresh and review; 422 invalid → inline correction; 429/503 → bounded retry with input retained.","Retain input and retry online; do not show a durable success before server receipt.","Stable client operation ID for durable command; server idempotency record and transaction receipt. If-Match where versioned.","no"
"THREAD","Meal conversation","THREAD.02","Open shared recipe","screen","","LOCAL navigate","","RECIPE","[]","Preserve the current draft and open the destination.","member","Validate authentication scope, feature flag, resource ownership/membership, current revision and required field constraints on the server for network operations.","401 expired session → login with safe return; 403/404 unavailable → remove restricted content; 409/412 conflict → refresh and review; 422 invalid → inline correction; 429/503 → bounded retry with input retained.","Available locally; reauthorize any destination data on access.","No durable command; provider/native-specific replay protection applies.","no"
"THREAD","Meal conversation","THREAD.03","Ask for recipe","screen","","LOCAL navigate","","RECIPE_REQUEST","[]","Preserve the current draft and open the destination.","member","Validate authentication scope, feature flag, resource ownership/membership, current revision and required field constraints on the server for network operations.","401 expired session → login with safe return; 403/404 unavailable → remove restricted content; 409/412 conflict → refresh and review; 422 invalid → inline correction; 429/503 → bounded retry with input retained.","Available locally; reauthorize any destination data on access.","No durable command; provider/native-specific replay protection applies.","no"
"THREAD","Meal conversation","THREAD.04","Report message","screen","","LOCAL navigate","","REPORT","[]","Preserve the current draft and open the destination.","member","Validate authentication scope, feature flag, resource ownership/membership, current revision and required field constraints on the server for network operations.","401 expired session → login with safe return; 403/404 unavailable → remove restricted content; 409/412 conflict → refresh and review; 422 invalid → inline correction; 429/503 → bounded retry with input retained.","Available locally; reauthorize any destination data on access.","No durable command; provider/native-specific replay protection applies.","no"
"THREAD","Meal conversation","THREAD.05","Mute thread","screen","","POST /v1/mutes","muteTarget","","[]","Suppress eligible notification delivery without changing message visibility.","member","Validate authentication scope, feature flag, resource ownership/membership, current revision and required field constraints on the server for network operations.","401 expired session → login with safe return; 403/404 unavailable → remove restricted content; 409/412 conflict → refresh and review; 422 invalid → inline correction; 429/503 → bounded retry with input retained.","Retain input and retry online; do not show a durable success before server receipt.","Stable client operation ID for durable command; server idempotency record and transaction receipt. If-Match where versioned.","no"
"THREAD","Meal conversation","THREAD.06","Unmute thread","screen","","DELETE /v1/mutes/{muteId}","unmuteTarget","","[]","Remove chosen mute record; future delivery still obeys notification settings, block and audience checks.","member","Validate authentication scope, feature flag, resource ownership/membership, current revision and required field constraints on the server for network operations.","401 expired session → login with safe return; 403/404 unavailable → remove restricted content; 409/412 conflict → refresh and review; 422 invalid → inline correction; 429/503 → bounded retry with input retained.","Retain input and retry online; do not show a durable success before server receipt.","Stable client operation ID for durable command; server idempotency record and transaction receipt. If-Match where versioned.","no"
"THREAD","Meal conversation","THREAD.07","Review incoming recipe request","screen","","LOCAL navigate","","RECIPE_REQUEST","[]","Author context: resolve the authorized pending recipeRequestId and retain the thread return destination.","member","Validate authentication scope, feature flag, resource ownership/membership, current revision and required field constraints on the server for network operations.","401 expired session → login with safe return; 403/404 unavailable → remove restricted content; 409/412 conflict → refresh and review; 422 invalid → inline correction; 429/503 → bounded retry with input retained.","Available locally; reauthorize any destination data on access.","No durable command; provider/native-specific replay protection applies.","no"
"THREAD","Meal conversation","THREAD.nav0","Today","navigation","","LOCAL navigate","","TODAY","[]","Preserve the current draft and open the destination.","member","Validate authentication scope, feature flag, resource ownership/membership, current revision and required field constraints on the server for network operations.","401 expired session → login with safe return; 403/404 unavailable → remove restricted content; 409/412 conflict → refresh and review; 422 invalid → inline correction; 429/503 → bounded retry with input retained.","Available locally; reauthorize any destination data on access.","No durable command; provider/native-specific replay protection applies.","no"
"THREAD","Meal conversation","THREAD.nav1","Cook","navigation","","LOCAL navigate","","HOME","[]","Preserve the current draft and open the destination.","member","Validate authentication scope, feature flag, resource ownership/membership, current revision and required field constraints on the server for network operations.","401 expired session → login with safe return; 403/404 unavailable → remove restricted content; 409/412 conflict → refresh and review; 422 invalid → inline correction; 429/503 → bounded retry with input retained.","Available locally; reauthorize any destination data on access.","No durable command; provider/native-specific replay protection applies.","no"
"THREAD","Meal conversation","THREAD.nav2","Cookbook","navigation","","LOCAL navigate","","COOKBOOK","[]","Preserve the current draft and open the destination.","member","Validate authentication scope, feature flag, resource ownership/membership, current revision and required field constraints on the server for network operations.","401 expired session → login with safe return; 403/404 unavailable → remove restricted content; 409/412 conflict → refresh and review; 422 invalid → inline correction; 429/503 → bounded retry with input retained.","Available locally; reauthorize any destination data on access.","No durable command; provider/native-specific replay protection applies.","no"
"THREAD","Meal conversation","THREAD.nav3","Inbox","navigation","","LOCAL navigate","","INBOX","[]","Preserve the current draft and open the destination.","member","Validate authentication scope, feature flag, resource ownership/membership, current revision and required field constraints on the server for network operations.","401 expired session → login with safe return; 403/404 unavailable → remove restricted content; 409/412 conflict → refresh and review; 422 invalid → inline correction; 429/503 → bounded retry with input retained.","Available locally; reauthorize any destination data on access.","No durable command; provider/native-specific replay protection applies.","no"
"THREAD","Meal conversation","THREAD.nav4","My Plate","navigation","","LOCAL navigate","","PROFILE_PLATE","[]","Preserve the current draft and open the destination.","member","Validate authentication scope, feature flag, resource ownership/membership, current revision and required field constraints on the server for network operations.","401 expired session → login with safe return; 403/404 unavailable → remove restricted content; 409/412 conflict → refresh and review; 422 invalid → inline correction; 429/503 → bounded retry with input retained.","Available locally; reauthorize any destination data on access.","No durable command; provider/native-specific replay protection applies.","no"
"RECIPE_REQUEST","Ask for the recipe","RECIPE_REQUEST.back","Back","back","","LOCAL navigate","","POST","[]","Return to previous allowed screen; retain draft/session state. Unsaved destructive exits ask before discarding.","member","Validate authentication scope, feature flag, resource ownership/membership, current revision and required field constraints on the server for network operations.","401 expired session → login with safe return; 403/404 unavailable → remove restricted content; 409/412 conflict → refresh and review; 422 invalid → inline correction; 429/503 → bounded retry with input retained.","Available locally; reauthorize any destination data on access.","No durable command; provider/native-specific replay protection applies.","no"
"RECIPE_REQUEST","Ask for the recipe","RECIPE_REQUEST.01","Send request","screen","requester mode only","POST /v1/recipe-requests","requestRecipe","THREAD","[]","Check post access and block rules, coalesce duplicate pending request, create/find private thread.","member","Validate authentication scope, feature flag, resource ownership/membership, current revision and required field constraints on the server for network operations.","401 expired session → login with safe return; 403/404 unavailable → remove restricted content; 409/412 conflict → refresh and review; 422 invalid → inline correction; 429/503 → bounded retry with input retained.","Retain input and retry online; do not show a durable success before server receipt.","Stable client operation ID for durable command; server idempotency record and transaction receipt. If-Match where versioned.","no"
"RECIPE_REQUEST","Ask for the recipe","RECIPE_REQUEST.02","Browse related reviewed meals","screen","","LOCAL navigate","","REQUEST","[]","Use explicit dish text as inspiration; do not claim reproduction of photographed dish.","member","Validate authentication scope, feature flag, resource ownership/membership, current revision and required field constraints on the server for network operations.","401 expired session → login with safe return; 403/404 unavailable → remove restricted content; 409/412 conflict → refresh and review; 422 invalid → inline correction; 429/503 → bounded retry with input retained.","Available locally; reauthorize any destination data on access.","No durable command; provider/native-specific replay protection applies.","no"
"RECIPE_REQUEST","Ask for the recipe","RECIPE_REQUEST.03","Cancel","screen","requester mode only","LOCAL navigate","","POST","[]","Preserve the current draft and open the destination.","member","Validate authentication scope, feature flag, resource ownership/membership, current revision and required field constraints on the server for network operations.","401 expired session → login with safe return; 403/404 unavailable → remove restricted content; 409/412 conflict → refresh and review; 422 invalid → inline correction; 429/503 → bounded retry with input retained.","Available locally; reauthorize any destination data on access.","No durable command; provider/native-specific replay protection applies.","no"
"RECIPE_REQUEST","Ask for the recipe","RECIPE_REQUEST.04","Answer with a recipe","screen","fulfillRequest mode only","LOCAL navigate","","ATTACH_RECIPE","[]","Select a redistributable existing recipe for this private request. Preserve recipeRequestId and return from attachment review before an explicit response is sent.","member","Validate authentication scope, feature flag, resource ownership/membership, current revision and required field constraints on the server for network operations.","401 expired session → login with safe return; 403/404 unavailable → remove restricted content; 409/412 conflict → refresh and review; 422 invalid → inline correction; 429/503 → bounded retry with input retained.","Available locally; reauthorize any destination data on access.","No durable command; provider/native-specific replay protection applies.","no"
"RECIPE_REQUEST","Ask for the recipe","RECIPE_REQUEST.05","Send recipe response","screen","fulfillRequest confirmed mode only","POST /v1/recipe-requests/{recipeRequestId}/response","respondToRecipeRequest","THREAD","[]","Author resolves request with decision=fulfill and the explicitly reviewed eligible recipeVersionId; recheck requester eligibility and redistribution rights. Direct viewing never creates a recipe-copy grant.","member","Validate authentication scope, feature flag, resource ownership/membership, current revision and required field constraints on the server for network operations.","401 expired session → login with safe return; 403/404 unavailable → remove restricted content; 409/412 conflict → refresh and review; 422 invalid → inline correction; 429/503 → bounded retry with input retained.","Retain input and retry online; do not show a durable success before server receipt.","Stable client operation ID for durable command; server idempotency record and transaction receipt. If-Match where versioned.","no"
"RECIPE_REQUEST","Ask for the recipe","RECIPE_REQUEST.06","Decline request","screen","fulfillRequest mode only","POST /v1/recipe-requests/{recipeRequestId}/response","respondToRecipeRequest","THREAD","[]","Author sends decision=decline, closing the request privately without obligation to explain.","member","Validate authentication scope, feature flag, resource ownership/membership, current revision and required field constraints on the server for network operations.","401 expired session → login with safe return; 403/404 unavailable → remove restricted content; 409/412 conflict → refresh and review; 422 invalid → inline correction; 429/503 → bounded retry with input retained.","Retain input and retry online; do not show a durable success before server receipt.","Stable client operation ID for durable command; server idempotency record and transaction receipt. If-Match where versioned.","no"
"RECIPE_REQUEST","Ask for the recipe","RECIPE_REQUEST.07","Cancel my request","screen","requester mode only","DELETE /v1/recipe-requests/{recipeRequestId}","cancelRecipeRequest","THREAD","[]","Requester cancels only their own pending request.","member","Validate authentication scope, feature flag, resource ownership/membership, current revision and required field constraints on the server for network operations.","401 expired session → login with safe return; 403/404 unavailable → remove restricted content; 409/412 conflict → refresh and review; 422 invalid → inline correction; 429/503 → bounded retry with input retained.","Retain input and retry online; do not show a durable success before server receipt.","Stable client operation ID for durable command; server idempotency record and transaction receipt. If-Match where versioned.","no"
"RECIPE_REQUEST","Ask for the recipe","RECIPE_REQUEST.08","Back to conversation","screen","fulfillRequest mode only","LOCAL navigate","","THREAD","[]","Preserve the pending request and discard only the unsubmitted response selection; send nothing.","member","Validate authentication scope, feature flag, resource ownership/membership, current revision and required field constraints on the server for network operations.","401 expired session → login with safe return; 403/404 unavailable → remove restricted content; 409/412 conflict → refresh and review; 422 invalid → inline correction; 429/503 → bounded retry with input retained.","Available locally; reauthorize any destination data on access.","No durable command; provider/native-specific replay protection applies.","no"
"RECIPE_REQUEST","Ask for the recipe","RECIPE_REQUEST.nav0","Today","navigation","","LOCAL navigate","","TODAY","[]","Preserve the current draft and open the destination.","member","Validate authentication scope, feature flag, resource ownership/membership, current revision and required field constraints on the server for network operations.","401 expired session → login with safe return; 403/404 unavailable → remove restricted content; 409/412 conflict → refresh and review; 422 invalid → inline correction; 429/503 → bounded retry with input retained.","Available locally; reauthorize any destination data on access.","No durable command; provider/native-specific replay protection applies.","no"
"RECIPE_REQUEST","Ask for the recipe","RECIPE_REQUEST.nav1","Cook","navigation","","LOCAL navigate","","HOME","[]","Preserve the current draft and open the destination.","member","Validate authentication scope, feature flag, resource ownership/membership, current revision and required field constraints on the server for network operations.","401 expired session → login with safe return; 403/404 unavailable → remove restricted content; 409/412 conflict → refresh and review; 422 invalid → inline correction; 429/503 → bounded retry with input retained.","Available locally; reauthorize any destination data on access.","No durable command; provider/native-specific replay protection applies.","no"
"RECIPE_REQUEST","Ask for the recipe","RECIPE_REQUEST.nav2","Cookbook","navigation","","LOCAL navigate","","COOKBOOK","[]","Preserve the current draft and open the destination.","member","Validate authentication scope, feature flag, resource ownership/membership, current revision and required field constraints on the server for network operations.","401 expired session → login with safe return; 403/404 unavailable → remove restricted content; 409/412 conflict → refresh and review; 422 invalid → inline correction; 429/503 → bounded retry with input retained.","Available locally; reauthorize any destination data on access.","No durable command; provider/native-specific replay protection applies.","no"
"RECIPE_REQUEST","Ask for the recipe","RECIPE_REQUEST.nav3","Inbox","navigation","","LOCAL navigate","","INBOX","[]","Preserve the current draft and open the destination.","member","Validate authentication scope, feature flag, resource ownership/membership, current revision and required field constraints on the server for network operations.","401 expired session → login with safe return; 403/404 unavailable → remove restricted content; 409/412 conflict → refresh and review; 422 invalid → inline correction; 429/503 → bounded retry with input retained.","Available locally; reauthorize any destination data on access.","No durable command; provider/native-specific replay protection applies.","no"
"RECIPE_REQUEST","Ask for the recipe","RECIPE_REQUEST.nav4","My Plate","navigation","","LOCAL navigate","","PROFILE_PLATE","[]","Preserve the current draft and open the destination.","member","Validate authentication scope, feature flag, resource ownership/membership, current revision and required field constraints on the server for network operations.","401 expired session → login with safe return; 403/404 unavailable → remove restricted content; 409/412 conflict → refresh and review; 422 invalid → inline correction; 429/503 → bounded retry with input retained.","Available locally; reauthorize any destination data on access.","No durable command; provider/native-specific replay protection applies.","no"
"SETTINGS","Your FeedMe","SETTINGS.back","Back","back","","LOCAL navigate","","HOME","[]","Return to previous allowed screen; retain draft/session state. Unsaved destructive exits ask before discarding.","guest-or-member","Validate authentication scope, feature flag, resource ownership/membership, current revision and required field constraints on the server for network operations.","401 expired session → login with safe return; 403/404 unavailable → remove restricted content; 409/412 conflict → refresh and review; 422 invalid → inline correction; 429/503 → bounded retry with input retained.","Available locally; reauthorize any destination data on access.","No durable command; provider/native-specific replay protection applies.","no"
"SETTINGS","Your FeedMe","SETTINGS.01","Edit profile","screen","","LOCAL navigate","","PROFILE_SETUP","[]","Preserve the current draft and open the destination.","guest-or-member","Validate authentication scope, feature flag, resource ownership/membership, current revision and required field constraints on the server for network operations.","401 expired session → login with safe return; 403/404 unavailable → remove restricted content; 409/412 conflict → refresh and review; 422 invalid → inline correction; 429/503 → bounded retry with input retained.","Available locally; reauthorize any destination data on access.","No durable command; provider/native-specific replay protection applies.","no"
"SETTINGS","Your FeedMe","SETTINGS.02","Food preferences","screen","","LOCAL navigate","","FOOD_PREFS","[]","Preserve the current draft and open the destination.","guest-or-member","Validate authentication scope, feature flag, resource ownership/membership, current revision and required field constraints on the server for network operations.","401 expired session → login with safe return; 403/404 unavailable → remove restricted content; 409/412 conflict → refresh and review; 422 invalid → inline correction; 429/503 → bounded retry with input retained.","Available locally; reauthorize any destination data on access.","No durable command; provider/native-specific replay protection applies.","no"
"SETTINGS","Your FeedMe","SETTINGS.03","Kitchen equipment","screen","","LOCAL navigate","","EQUIPMENT","[]","Preserve the current draft and open the destination.","guest-or-member","Validate authentication scope, feature flag, resource ownership/membership, current revision and required field constraints on the server for network operations.","401 expired session → login with safe return; 403/404 unavailable → remove restricted content; 409/412 conflict → refresh and review; 422 invalid → inline correction; 429/503 → bounded retry with input retained.","Available locally; reauthorize any destination data on access.","No durable command; provider/native-specific replay protection applies.","no"
"SETTINGS","Your FeedMe","SETTINGS.04","Taste memory","screen","","LOCAL navigate","","MEMORY","[]","Preserve the current draft and open the destination.","guest-or-member","Validate authentication scope, feature flag, resource ownership/membership, current revision and required field constraints on the server for network operations.","401 expired session → login with safe return; 403/404 unavailable → remove restricted content; 409/412 conflict → refresh and review; 422 invalid → inline correction; 429/503 → bounded retry with input retained.","Available locally; reauthorize any destination data on access.","No durable command; provider/native-specific replay protection applies.","no"
"SETTINGS","Your FeedMe","SETTINGS.05","Privacy and safety","screen","","LOCAL navigate","","PRIVACY","[]","Preserve the current draft and open the destination.","guest-or-member","Validate authentication scope, feature flag, resource ownership/membership, current revision and required field constraints on the server for network operations.","401 expired session → login with safe return; 403/404 unavailable → remove restricted content; 409/412 conflict → refresh and review; 422 invalid → inline correction; 429/503 → bounded retry with input retained.","Available locally; reauthorize any destination data on access.","No durable command; provider/native-specific replay protection applies.","no"
"SETTINGS","Your FeedMe","SETTINGS.06","Notifications","screen","","LOCAL navigate","","NOTIFICATIONS","[]","Preserve the current draft and open the destination.","guest-or-member","Validate authentication scope, feature flag, resource ownership/membership, current revision and required field constraints on the server for network operations.","401 expired session → login with safe return; 403/404 unavailable → remove restricted content; 409/412 conflict → refresh and review; 422 invalid → inline correction; 429/503 → bounded retry with input retained.","Available locally; reauthorize any destination data on access.","No durable command; provider/native-specific replay protection applies.","no"
"SETTINGS","Your FeedMe","SETTINGS.07","Devices and sessions","screen","","LOCAL navigate","","SESSIONS","[]","Preserve the current draft and open the destination.","guest-or-member","Validate authentication scope, feature flag, resource ownership/membership, current revision and required field constraints on the server for network operations.","401 expired session → login with safe return; 403/404 unavailable → remove restricted content; 409/412 conflict → refresh and review; 422 invalid → inline correction; 429/503 → bounded retry with input retained.","Available locally; reauthorize any destination data on access.","No durable command; provider/native-specific replay protection applies.","no"
"SETTINGS","Your FeedMe","SETTINGS.08","Household","screen","","LOCAL navigate","","HOUSEHOLDS","[]","Preserve the current draft and open the destination.","guest-or-member","Validate authentication scope, feature flag, resource ownership/membership, current revision and required field constraints on the server for network operations.","401 expired session → login with safe return; 403/404 unavailable → remove restricted content; 409/412 conflict → refresh and review; 422 invalid → inline correction; 429/503 → bounded retry with input retained.","Available locally; reauthorize any destination data on access.","No durable command; provider/native-specific replay protection applies.","no"
"SETTINGS","Your FeedMe","SETTINGS.09","Purchases","screen","","LOCAL navigate","","MANAGE_PLAN","[]","Preserve the current draft and open the destination.","guest-or-member","Validate authentication scope, feature flag, resource ownership/membership, current revision and required field constraints on the server for network operations.","401 expired session → login with safe return; 403/404 unavailable → remove restricted content; 409/412 conflict → refresh and review; 422 invalid → inline correction; 429/503 → bounded retry with input retained.","Available locally; reauthorize any destination data on access.","No durable command; provider/native-specific replay protection applies.","no"
"SETTINGS","Your FeedMe","SETTINGS.10","Help","screen","","LOCAL navigate","","SUPPORT","[]","Preserve the current draft and open the destination.","guest-or-member","Validate authentication scope, feature flag, resource ownership/membership, current revision and required field constraints on the server for network operations.","401 expired session → login with safe return; 403/404 unavailable → remove restricted content; 409/412 conflict → refresh and review; 422 invalid → inline correction; 429/503 → bounded retry with input retained.","Available locally; reauthorize any destination data on access.","No durable command; provider/native-specific replay protection applies.","no"
"SETTINGS","Your FeedMe","SETTINGS.11","Terms and privacy","screen","","LOCAL navigate","","LEGAL","[]","Preserve the current draft and open the destination.","guest-or-member","Validate authentication scope, feature flag, resource ownership/membership, current revision and required field constraints on the server for network operations.","401 expired session → login with safe return; 403/404 unavailable → remove restricted content; 409/412 conflict → refresh and review; 422 invalid → inline correction; 429/503 → bounded retry with input retained.","Available locally; reauthorize any destination data on access.","No durable command; provider/native-specific replay protection applies.","no"
"SETTINGS","Your FeedMe","SETTINGS.12","Log out","screen","","EXTERNAL Cognito.signOut","","AUTH_WELCOME","[]","Revoke refresh session where supported, unregister device association, clear account-scoped caches and unsent-sensitive-data choice; guest fallback is a new identity.","guest-or-member","Validate authentication scope, feature flag, resource ownership/membership, current revision and required field constraints on the server for network operations.","401 expired session → login with safe return; 403/404 unavailable → remove restricted content; 409/412 conflict → refresh and review; 422 invalid → inline correction; 429/503 → bounded retry with input retained.","Retain input and retry online; do not show a durable success before server receipt.","No durable command; provider/native-specific replay protection applies.","no"
"SETTINGS","Your FeedMe","SETTINGS.nav0","Today","navigation","","LOCAL navigate","","TODAY","[]","Preserve the current draft and open the destination.","guest-or-member","Validate authentication scope, feature flag, resource ownership/membership, current revision and required field constraints on the server for network operations.","401 expired session → login with safe return; 403/404 unavailable → remove restricted content; 409/412 conflict → refresh and review; 422 invalid → inline correction; 429/503 → bounded retry with input retained.","Available locally; reauthorize any destination data on access.","No durable command; provider/native-specific replay protection applies.","no"
"SETTINGS","Your FeedMe","SETTINGS.nav1","Cook","navigation","","LOCAL navigate","","HOME","[]","Preserve the current draft and open the destination.","guest-or-member","Validate authentication scope, feature flag, resource ownership/membership, current revision and required field constraints on the server for network operations.","401 expired session → login with safe return; 403/404 unavailable → remove restricted content; 409/412 conflict → refresh and review; 422 invalid → inline correction; 429/503 → bounded retry with input retained.","Available locally; reauthorize any destination data on access.","No durable command; provider/native-specific replay protection applies.","no"
"SETTINGS","Your FeedMe","SETTINGS.nav2","Cookbook","navigation","","LOCAL navigate","","COOKBOOK","[]","Preserve the current draft and open the destination.","guest-or-member","Validate authentication scope, feature flag, resource ownership/membership, current revision and required field constraints on the server for network operations.","401 expired session → login with safe return; 403/404 unavailable → remove restricted content; 409/412 conflict → refresh and review; 422 invalid → inline correction; 429/503 → bounded retry with input retained.","Available locally; reauthorize any destination data on access.","No durable command; provider/native-specific replay protection applies.","no"
"SETTINGS","Your FeedMe","SETTINGS.nav3","Inbox","navigation","","LOCAL navigate","","INBOX","[]","Preserve the current draft and open the destination.","guest-or-member","Validate authentication scope, feature flag, resource ownership/membership, current revision and required field constraints on the server for network operations.","401 expired session → login with safe return; 403/404 unavailable → remove restricted content; 409/412 conflict → refresh and review; 422 invalid → inline correction; 429/503 → bounded retry with input retained.","Available locally; reauthorize any destination data on access.","No durable command; provider/native-specific replay protection applies.","no"
"SETTINGS","Your FeedMe","SETTINGS.nav4","My Plate","navigation","","LOCAL navigate","","PROFILE_PLATE","[]","Preserve the current draft and open the destination.","guest-or-member","Validate authentication scope, feature flag, resource ownership/membership, current revision and required field constraints on the server for network operations.","401 expired session → login with safe return; 403/404 unavailable → remove restricted content; 409/412 conflict → refresh and review; 422 invalid → inline correction; 429/503 → bounded retry with input retained.","Available locally; reauthorize any destination data on access.","No durable command; provider/native-specific replay protection applies.","no"
"PRIVACY","Privacy and control","PRIVACY.back","Back","back","","LOCAL navigate","","SETTINGS","[]","Return to previous allowed screen; retain draft/session state. Unsaved destructive exits ask before discarding.","member","Validate authentication scope, feature flag, resource ownership/membership, current revision and required field constraints on the server for network operations.","401 expired session → login with safe return; 403/404 unavailable → remove restricted content; 409/412 conflict → refresh and review; 422 invalid → inline correction; 429/503 → bounded retry with input retained.","Available locally; reauthorize any destination data on access.","No durable command; provider/native-specific replay protection applies.","no"
"PRIVACY","Privacy and control","PRIVACY.01","Blocked accounts","screen","","LOCAL navigate","","BLOCKED","[]","Preserve the current draft and open the destination.","member","Validate authentication scope, feature flag, resource ownership/membership, current revision and required field constraints on the server for network operations.","401 expired session → login with safe return; 403/404 unavailable → remove restricted content; 409/412 conflict → refresh and review; 422 invalid → inline correction; 429/503 → bounded retry with input retained.","Available locally; reauthorize any destination data on access.","No durable command; provider/native-specific replay protection applies.","no"
"PRIVACY","Privacy and control","PRIVACY.02","Export my data","screen","","LOCAL navigate","","EXPORT","[]","Preserve the current draft and open the destination.","member","Validate authentication scope, feature flag, resource ownership/membership, current revision and required field constraints on the server for network operations.","401 expired session → login with safe return; 403/404 unavailable → remove restricted content; 409/412 conflict → refresh and review; 422 invalid → inline correction; 429/503 → bounded retry with input retained.","Available locally; reauthorize any destination data on access.","No durable command; provider/native-specific replay protection applies.","no"
"PRIVACY","Privacy and control","PRIVACY.03","Delete my account","screen","","LOCAL navigate","","DELETE_ACCOUNT","[]","Preserve the current draft and open the destination.","member","Validate authentication scope, feature flag, resource ownership/membership, current revision and required field constraints on the server for network operations.","401 expired session → login with safe return; 403/404 unavailable → remove restricted content; 409/412 conflict → refresh and review; 422 invalid → inline correction; 429/503 → bounded retry with input retained.","Available locally; reauthorize any destination data on access.","No durable command; provider/native-specific replay protection applies.","no"
"PRIVACY","Privacy and control","PRIVACY.04","Edit default audience","screen","","LOCAL navigate","","AUDIENCE","[]","Settings mode changes future default only; existing post audiences remain explicit.","member","Validate authentication scope, feature flag, resource ownership/membership, current revision and required field constraints on the server for network operations.","401 expired session → login with safe return; 403/404 unavailable → remove restricted content; 409/412 conflict → refresh and review; 422 invalid → inline correction; 429/503 → bounded retry with input retained.","Available locally; reauthorize any destination data on access.","No durable command; provider/native-specific replay protection applies.","no"
"PRIVACY","Privacy and control","PRIVACY.05","Manage remembered preferences","screen","","LOCAL navigate","","MEMORY","[]","Preserve the current draft and open the destination.","member","Validate authentication scope, feature flag, resource ownership/membership, current revision and required field constraints on the server for network operations.","401 expired session → login with safe return; 403/404 unavailable → remove restricted content; 409/412 conflict → refresh and review; 422 invalid → inline correction; 429/503 → bounded retry with input retained.","Available locally; reauthorize any destination data on access.","No durable command; provider/native-specific replay protection applies.","no"
"PRIVACY","Privacy and control","PRIVACY.06","Privacy policy","screen","","LOCAL navigate","","LEGAL","[]","Preserve the current draft and open the destination.","member","Validate authentication scope, feature flag, resource ownership/membership, current revision and required field constraints on the server for network operations.","401 expired session → login with safe return; 403/404 unavailable → remove restricted content; 409/412 conflict → refresh and review; 422 invalid → inline correction; 429/503 → bounded retry with input retained.","Available locally; reauthorize any destination data on access.","No durable command; provider/native-specific replay protection applies.","no"
"PRIVACY","Privacy and control","PRIVACY.07","Save privacy choices","screen","","PATCH /v1/me/privacy","updatePrivacySettings","","[]","Update explicit contact permissions and future sharing defaults; existing post audiences remain unchanged.","member","Validate authentication scope, feature flag, resource ownership/membership, current revision and required field constraints on the server for network operations.","401 expired session → login with safe return; 403/404 unavailable → remove restricted content; 409/412 conflict → refresh and review; 422 invalid → inline correction; 429/503 → bounded retry with input retained.","Retain input and retry online; do not show a durable success before server receipt.","Stable client operation ID for durable command; server idempotency record and transaction receipt. If-Match where versioned.","no"
"PRIVACY","Privacy and control","PRIVACY.nav0","Today","navigation","","LOCAL navigate","","TODAY","[]","Preserve the current draft and open the destination.","member","Validate authentication scope, feature flag, resource ownership/membership, current revision and required field constraints on the server for network operations.","401 expired session → login with safe return; 403/404 unavailable → remove restricted content; 409/412 conflict → refresh and review; 422 invalid → inline correction; 429/503 → bounded retry with input retained.","Available locally; reauthorize any destination data on access.","No durable command; provider/native-specific replay protection applies.","no"
"PRIVACY","Privacy and control","PRIVACY.nav1","Cook","navigation","","LOCAL navigate","","HOME","[]","Preserve the current draft and open the destination.","member","Validate authentication scope, feature flag, resource ownership/membership, current revision and required field constraints on the server for network operations.","401 expired session → login with safe return; 403/404 unavailable → remove restricted content; 409/412 conflict → refresh and review; 422 invalid → inline correction; 429/503 → bounded retry with input retained.","Available locally; reauthorize any destination data on access.","No durable command; provider/native-specific replay protection applies.","no"
"PRIVACY","Privacy and control","PRIVACY.nav2","Cookbook","navigation","","LOCAL navigate","","COOKBOOK","[]","Preserve the current draft and open the destination.","member","Validate authentication scope, feature flag, resource ownership/membership, current revision and required field constraints on the server for network operations.","401 expired session → login with safe return; 403/404 unavailable → remove restricted content; 409/412 conflict → refresh and review; 422 invalid → inline correction; 429/503 → bounded retry with input retained.","Available locally; reauthorize any destination data on access.","No durable command; provider/native-specific replay protection applies.","no"
"PRIVACY","Privacy and control","PRIVACY.nav3","Inbox","navigation","","LOCAL navigate","","INBOX","[]","Preserve the current draft and open the destination.","member","Validate authentication scope, feature flag, resource ownership/membership, current revision and required field constraints on the server for network operations.","401 expired session → login with safe return; 403/404 unavailable → remove restricted content; 409/412 conflict → refresh and review; 422 invalid → inline correction; 429/503 → bounded retry with input retained.","Available locally; reauthorize any destination data on access.","No durable command; provider/native-specific replay protection applies.","no"
"PRIVACY","Privacy and control","PRIVACY.nav4","My Plate","navigation","","LOCAL navigate","","PROFILE_PLATE","[]","Preserve the current draft and open the destination.","member","Validate authentication scope, feature flag, resource ownership/membership, current revision and required field constraints on the server for network operations.","401 expired session → login with safe return; 403/404 unavailable → remove restricted content; 409/412 conflict → refresh and review; 422 invalid → inline correction; 429/503 → bounded retry with input retained.","Available locally; reauthorize any destination data on access.","No durable command; provider/native-specific replay protection applies.","no"
"BLOCKED","Blocked accounts","BLOCKED.back","Back","back","","LOCAL navigate","","PRIVACY","[]","Return to previous allowed screen; retain draft/session state. Unsaved destructive exits ask before discarding.","member","Validate authentication scope, feature flag, resource ownership/membership, current revision and required field constraints on the server for network operations.","401 expired session → login with safe return; 403/404 unavailable → remove restricted content; 409/412 conflict → refresh and review; 422 invalid → inline correction; 429/503 → bounded retry with input retained.","Available locally; reauthorize any destination data on access.","No durable command; provider/native-specific replay protection applies.","no"
"BLOCKED","Blocked accounts","BLOCKED.01","Unblock selected account","screen","","DELETE /v1/blocks/{userId}","unblockUser","","[]","Remove block without rejoining circles, restoring old messages, or sending invitations automatically.","member","Validate authentication scope, feature flag, resource ownership/membership, current revision and required field constraints on the server for network operations.","401 expired session → login with safe return; 403/404 unavailable → remove restricted content; 409/412 conflict → refresh and review; 422 invalid → inline correction; 429/503 → bounded retry with input retained.","Retain input and retry online; do not show a durable success before server receipt.","Stable client operation ID for durable command; server idempotency record and transaction receipt. If-Match where versioned.","no"
"BLOCKED","Blocked accounts","BLOCKED.02","Block selected account","screen","","POST /v1/blocks","blockUser","","[]","Block interactions and future authorized media issuance; omit notifications to target, update dependent read visibility.","member","Validate authentication scope, feature flag, resource ownership/membership, current revision and required field constraints on the server for network operations.","401 expired session → login with safe return; 403/404 unavailable → remove restricted content; 409/412 conflict → refresh and review; 422 invalid → inline correction; 429/503 → bounded retry with input retained.","Retain input and retry online; do not show a durable success before server receipt.","Stable client operation ID for durable command; server idempotency record and transaction receipt. If-Match where versioned.","no"
"BLOCKED","Blocked accounts","BLOCKED.nav0","Today","navigation","","LOCAL navigate","","TODAY","[]","Preserve the current draft and open the destination.","member","Validate authentication scope, feature flag, resource ownership/membership, current revision and required field constraints on the server for network operations.","401 expired session → login with safe return; 403/404 unavailable → remove restricted content; 409/412 conflict → refresh and review; 422 invalid → inline correction; 429/503 → bounded retry with input retained.","Available locally; reauthorize any destination data on access.","No durable command; provider/native-specific replay protection applies.","no"
"BLOCKED","Blocked accounts","BLOCKED.nav1","Cook","navigation","","LOCAL navigate","","HOME","[]","Preserve the current draft and open the destination.","member","Validate authentication scope, feature flag, resource ownership/membership, current revision and required field constraints on the server for network operations.","401 expired session → login with safe return; 403/404 unavailable → remove restricted content; 409/412 conflict → refresh and review; 422 invalid → inline correction; 429/503 → bounded retry with input retained.","Available locally; reauthorize any destination data on access.","No durable command; provider/native-specific replay protection applies.","no"
"BLOCKED","Blocked accounts","BLOCKED.nav2","Cookbook","navigation","","LOCAL navigate","","COOKBOOK","[]","Preserve the current draft and open the destination.","member","Validate authentication scope, feature flag, resource ownership/membership, current revision and required field constraints on the server for network operations.","401 expired session → login with safe return; 403/404 unavailable → remove restricted content; 409/412 conflict → refresh and review; 422 invalid → inline correction; 429/503 → bounded retry with input retained.","Available locally; reauthorize any destination data on access.","No durable command; provider/native-specific replay protection applies.","no"
"BLOCKED","Blocked accounts","BLOCKED.nav3","Inbox","navigation","","LOCAL navigate","","INBOX","[]","Preserve the current draft and open the destination.","member","Validate authentication scope, feature flag, resource ownership/membership, current revision and required field constraints on the server for network operations.","401 expired session → login with safe return; 403/404 unavailable → remove restricted content; 409/412 conflict → refresh and review; 422 invalid → inline correction; 429/503 → bounded retry with input retained.","Available locally; reauthorize any destination data on access.","No durable command; provider/native-specific replay protection applies.","no"
"BLOCKED","Blocked accounts","BLOCKED.nav4","My Plate","navigation","","LOCAL navigate","","PROFILE_PLATE","[]","Preserve the current draft and open the destination.","member","Validate authentication scope, feature flag, resource ownership/membership, current revision and required field constraints on the server for network operations.","401 expired session → login with safe return; 403/404 unavailable → remove restricted content; 409/412 conflict → refresh and review; 422 invalid → inline correction; 429/503 → bounded retry with input retained.","Available locally; reauthorize any destination data on access.","No durable command; provider/native-specific replay protection applies.","no"
"REPORT","Report a concern","REPORT.back","Back","back","","LOCAL navigate","","POST","[]","Return to previous allowed screen; retain draft/session state. Unsaved destructive exits ask before discarding.","member","Validate authentication scope, feature flag, resource ownership/membership, current revision and required field constraints on the server for network operations.","401 expired session → login with safe return; 403/404 unavailable → remove restricted content; 409/412 conflict → refresh and review; 422 invalid → inline correction; 429/503 → bounded retry with input retained.","Available locally; reauthorize any destination data on access.","No durable command; provider/native-specific replay protection applies.","no"
"REPORT","Report a concern","REPORT.01","Submit report","screen","","POST /v1/reports","createReport","SUPPORT","[]","Create case and evidence snapshot within retention policy; optionally block through a distinct idempotent command; show receipt, not promised outcome.","member","Validate authentication scope, feature flag, resource ownership/membership, current revision and required field constraints on the server for network operations.","401 expired session → login with safe return; 403/404 unavailable → remove restricted content; 409/412 conflict → refresh and review; 422 invalid → inline correction; 429/503 → bounded retry with input retained.","Retain input and retry online; do not show a durable success before server receipt.","Stable client operation ID for durable command; server idempotency record and transaction receipt. If-Match where versioned.","no"
"REPORT","Report a concern","REPORT.02","Cancel","screen","","LOCAL navigate","","POST","[]","Preserve the current draft and open the destination.","member","Validate authentication scope, feature flag, resource ownership/membership, current revision and required field constraints on the server for network operations.","401 expired session → login with safe return; 403/404 unavailable → remove restricted content; 409/412 conflict → refresh and review; 422 invalid → inline correction; 429/503 → bounded retry with input retained.","Available locally; reauthorize any destination data on access.","No durable command; provider/native-specific replay protection applies.","no"
"REPORT","Report a concern","REPORT.nav0","Today","navigation","","LOCAL navigate","","TODAY","[]","Preserve the current draft and open the destination.","member","Validate authentication scope, feature flag, resource ownership/membership, current revision and required field constraints on the server for network operations.","401 expired session → login with safe return; 403/404 unavailable → remove restricted content; 409/412 conflict → refresh and review; 422 invalid → inline correction; 429/503 → bounded retry with input retained.","Available locally; reauthorize any destination data on access.","No durable command; provider/native-specific replay protection applies.","no"
"REPORT","Report a concern","REPORT.nav1","Cook","navigation","","LOCAL navigate","","HOME","[]","Preserve the current draft and open the destination.","member","Validate authentication scope, feature flag, resource ownership/membership, current revision and required field constraints on the server for network operations.","401 expired session → login with safe return; 403/404 unavailable → remove restricted content; 409/412 conflict → refresh and review; 422 invalid → inline correction; 429/503 → bounded retry with input retained.","Available locally; reauthorize any destination data on access.","No durable command; provider/native-specific replay protection applies.","no"
"REPORT","Report a concern","REPORT.nav2","Cookbook","navigation","","LOCAL navigate","","COOKBOOK","[]","Preserve the current draft and open the destination.","member","Validate authentication scope, feature flag, resource ownership/membership, current revision and required field constraints on the server for network operations.","401 expired session → login with safe return; 403/404 unavailable → remove restricted content; 409/412 conflict → refresh and review; 422 invalid → inline correction; 429/503 → bounded retry with input retained.","Available locally; reauthorize any destination data on access.","No durable command; provider/native-specific replay protection applies.","no"
"REPORT","Report a concern","REPORT.nav3","Inbox","navigation","","LOCAL navigate","","INBOX","[]","Preserve the current draft and open the destination.","member","Validate authentication scope, feature flag, resource ownership/membership, current revision and required field constraints on the server for network operations.","401 expired session → login with safe return; 403/404 unavailable → remove restricted content; 409/412 conflict → refresh and review; 422 invalid → inline correction; 429/503 → bounded retry with input retained.","Available locally; reauthorize any destination data on access.","No durable command; provider/native-specific replay protection applies.","no"
"REPORT","Report a concern","REPORT.nav4","My Plate","navigation","","LOCAL navigate","","PROFILE_PLATE","[]","Preserve the current draft and open the destination.","member","Validate authentication scope, feature flag, resource ownership/membership, current revision and required field constraints on the server for network operations.","401 expired session → login with safe return; 403/404 unavailable → remove restricted content; 409/412 conflict → refresh and review; 422 invalid → inline correction; 429/503 → bounded retry with input retained.","Available locally; reauthorize any destination data on access.","No durable command; provider/native-specific replay protection applies.","no"
"DELETE_POST","Delete this post?","DELETE_POST.back","Back","back","","LOCAL navigate","","POST","[]","Return to previous allowed screen; retain draft/session state. Unsaved destructive exits ask before discarding.","member","Validate authentication scope, feature flag, resource ownership/membership, current revision and required field constraints on the server for network operations.","401 expired session → login with safe return; 403/404 unavailable → remove restricted content; 409/412 conflict → refresh and review; 422 invalid → inline correction; 429/503 → bounded retry with input retained.","Available locally; reauthorize any destination data on access.","No durable command; provider/native-specific replay protection applies.","no"
"DELETE_POST","Delete this post?","DELETE_POST.01","Delete post","screen","","DELETE /v1/posts/{postId}","deletePost","PROFILE_PLATE","[]","Tombstone post and revoke new delivery in transaction; enqueue bounded media purge and derivative redaction. Existing recipe-only copies follow explicit grant policy.","member","Validate authentication scope, feature flag, resource ownership/membership, current revision and required field constraints on the server for network operations.","401 expired session → login with safe return; 403/404 unavailable → remove restricted content; 409/412 conflict → refresh and review; 422 invalid → inline correction; 429/503 → bounded retry with input retained.","Retain input and retry online; do not show a durable success before server receipt.","Stable client operation ID for durable command; server idempotency record and transaction receipt. If-Match where versioned.","yes"
"DELETE_POST","Delete this post?","DELETE_POST.02","Keep post","screen","","LOCAL navigate","","POST","[]","Preserve the current draft and open the destination.","member","Validate authentication scope, feature flag, resource ownership/membership, current revision and required field constraints on the server for network operations.","401 expired session → login with safe return; 403/404 unavailable → remove restricted content; 409/412 conflict → refresh and review; 422 invalid → inline correction; 429/503 → bounded retry with input retained.","Available locally; reauthorize any destination data on access.","No durable command; provider/native-specific replay protection applies.","no"
"DELETE_POST","Delete this post?","DELETE_POST.nav0","Today","navigation","","LOCAL navigate","","TODAY","[]","Preserve the current draft and open the destination.","member","Validate authentication scope, feature flag, resource ownership/membership, current revision and required field constraints on the server for network operations.","401 expired session → login with safe return; 403/404 unavailable → remove restricted content; 409/412 conflict → refresh and review; 422 invalid → inline correction; 429/503 → bounded retry with input retained.","Available locally; reauthorize any destination data on access.","No durable command; provider/native-specific replay protection applies.","no"
"DELETE_POST","Delete this post?","DELETE_POST.nav1","Cook","navigation","","LOCAL navigate","","HOME","[]","Preserve the current draft and open the destination.","member","Validate authentication scope, feature flag, resource ownership/membership, current revision and required field constraints on the server for network operations.","401 expired session → login with safe return; 403/404 unavailable → remove restricted content; 409/412 conflict → refresh and review; 422 invalid → inline correction; 429/503 → bounded retry with input retained.","Available locally; reauthorize any destination data on access.","No durable command; provider/native-specific replay protection applies.","no"
"DELETE_POST","Delete this post?","DELETE_POST.nav2","Cookbook","navigation","","LOCAL navigate","","COOKBOOK","[]","Preserve the current draft and open the destination.","member","Validate authentication scope, feature flag, resource ownership/membership, current revision and required field constraints on the server for network operations.","401 expired session → login with safe return; 403/404 unavailable → remove restricted content; 409/412 conflict → refresh and review; 422 invalid → inline correction; 429/503 → bounded retry with input retained.","Available locally; reauthorize any destination data on access.","No durable command; provider/native-specific replay protection applies.","no"
"DELETE_POST","Delete this post?","DELETE_POST.nav3","Inbox","navigation","","LOCAL navigate","","INBOX","[]","Preserve the current draft and open the destination.","member","Validate authentication scope, feature flag, resource ownership/membership, current revision and required field constraints on the server for network operations.","401 expired session → login with safe return; 403/404 unavailable → remove restricted content; 409/412 conflict → refresh and review; 422 invalid → inline correction; 429/503 → bounded retry with input retained.","Available locally; reauthorize any destination data on access.","No durable command; provider/native-specific replay protection applies.","no"
"DELETE_POST","Delete this post?","DELETE_POST.nav4","My Plate","navigation","","LOCAL navigate","","PROFILE_PLATE","[]","Preserve the current draft and open the destination.","member","Validate authentication scope, feature flag, resource ownership/membership, current revision and required field constraints on the server for network operations.","401 expired session → login with safe return; 403/404 unavailable → remove restricted content; 409/412 conflict → refresh and review; 422 invalid → inline correction; 429/503 → bounded retry with input retained.","Available locally; reauthorize any destination data on access.","No durable command; provider/native-specific replay protection applies.","no"
"DELETE_ACCOUNT","Delete your account","DELETE_ACCOUNT.back","Back","back","","LOCAL navigate","","PRIVACY","[]","Return to previous allowed screen; retain draft/session state. Unsaved destructive exits ask before discarding.","member","Validate authentication scope, feature flag, resource ownership/membership, current revision and required field constraints on the server for network operations.","401 expired session → login with safe return; 403/404 unavailable → remove restricted content; 409/412 conflict → refresh and review; 422 invalid → inline correction; 429/503 → bounded retry with input retained.","Available locally; reauthorize any destination data on access.","No durable command; provider/native-specific replay protection applies.","no"
"DELETE_ACCOUNT","Delete your account","DELETE_ACCOUNT.01","Request account deletion","screen","","POST /v1/account/deletion","requestAccountDeletion","AUTH_WELCOME","[]","Require recent auth; suspend account and revoke sessions, create auditable deletion job and notify status through approved channel. Apply documented retention exceptions.","member","Validate authentication scope, feature flag, resource ownership/membership, current revision and required field constraints on the server for network operations.","401 expired session → login with safe return; 403/404 unavailable → remove restricted content; 409/412 conflict → refresh and review; 422 invalid → inline correction; 429/503 → bounded retry with input retained.","Retain input and retry online; do not show a durable success before server receipt.","Stable client operation ID for durable command; server idempotency record and transaction receipt. If-Match where versioned.","yes"
"DELETE_ACCOUNT","Delete your account","DELETE_ACCOUNT.02","Manage my subscription first","screen","","LOCAL navigate","","MANAGE_PLAN","[]","Preserve the current draft and open the destination.","member","Validate authentication scope, feature flag, resource ownership/membership, current revision and required field constraints on the server for network operations.","401 expired session → login with safe return; 403/404 unavailable → remove restricted content; 409/412 conflict → refresh and review; 422 invalid → inline correction; 429/503 → bounded retry with input retained.","Available locally; reauthorize any destination data on access.","No durable command; provider/native-specific replay protection applies.","no"
"DELETE_ACCOUNT","Delete your account","DELETE_ACCOUNT.03","Cancel","screen","","LOCAL navigate","","PRIVACY","[]","Preserve the current draft and open the destination.","member","Validate authentication scope, feature flag, resource ownership/membership, current revision and required field constraints on the server for network operations.","401 expired session → login with safe return; 403/404 unavailable → remove restricted content; 409/412 conflict → refresh and review; 422 invalid → inline correction; 429/503 → bounded retry with input retained.","Available locally; reauthorize any destination data on access.","No durable command; provider/native-specific replay protection applies.","no"
"DELETE_ACCOUNT","Delete your account","DELETE_ACCOUNT.nav0","Today","navigation","","LOCAL navigate","","TODAY","[]","Preserve the current draft and open the destination.","member","Validate authentication scope, feature flag, resource ownership/membership, current revision and required field constraints on the server for network operations.","401 expired session → login with safe return; 403/404 unavailable → remove restricted content; 409/412 conflict → refresh and review; 422 invalid → inline correction; 429/503 → bounded retry with input retained.","Available locally; reauthorize any destination data on access.","No durable command; provider/native-specific replay protection applies.","no"
"DELETE_ACCOUNT","Delete your account","DELETE_ACCOUNT.nav1","Cook","navigation","","LOCAL navigate","","HOME","[]","Preserve the current draft and open the destination.","member","Validate authentication scope, feature flag, resource ownership/membership, current revision and required field constraints on the server for network operations.","401 expired session → login with safe return; 403/404 unavailable → remove restricted content; 409/412 conflict → refresh and review; 422 invalid → inline correction; 429/503 → bounded retry with input retained.","Available locally; reauthorize any destination data on access.","No durable command; provider/native-specific replay protection applies.","no"
"DELETE_ACCOUNT","Delete your account","DELETE_ACCOUNT.nav2","Cookbook","navigation","","LOCAL navigate","","COOKBOOK","[]","Preserve the current draft and open the destination.","member","Validate authentication scope, feature flag, resource ownership/membership, current revision and required field constraints on the server for network operations.","401 expired session → login with safe return; 403/404 unavailable → remove restricted content; 409/412 conflict → refresh and review; 422 invalid → inline correction; 429/503 → bounded retry with input retained.","Available locally; reauthorize any destination data on access.","No durable command; provider/native-specific replay protection applies.","no"
"DELETE_ACCOUNT","Delete your account","DELETE_ACCOUNT.nav3","Inbox","navigation","","LOCAL navigate","","INBOX","[]","Preserve the current draft and open the destination.","member","Validate authentication scope, feature flag, resource ownership/membership, current revision and required field constraints on the server for network operations.","401 expired session → login with safe return; 403/404 unavailable → remove restricted content; 409/412 conflict → refresh and review; 422 invalid → inline correction; 429/503 → bounded retry with input retained.","Available locally; reauthorize any destination data on access.","No durable command; provider/native-specific replay protection applies.","no"
"DELETE_ACCOUNT","Delete your account","DELETE_ACCOUNT.nav4","My Plate","navigation","","LOCAL navigate","","PROFILE_PLATE","[]","Preserve the current draft and open the destination.","member","Validate authentication scope, feature flag, resource ownership/membership, current revision and required field constraints on the server for network operations.","401 expired session → login with safe return; 403/404 unavailable → remove restricted content; 409/412 conflict → refresh and review; 422 invalid → inline correction; 429/503 → bounded retry with input retained.","Available locally; reauthorize any destination data on access.","No durable command; provider/native-specific replay protection applies.","no"
"NOTIFICATIONS","Choose your updates","NOTIFICATIONS.back","Back","back","","LOCAL navigate","","SETTINGS","[]","Return to previous allowed screen; retain draft/session state. Unsaved destructive exits ask before discarding.","member","Validate authentication scope, feature flag, resource ownership/membership, current revision and required field constraints on the server for network operations.","401 expired session → login with safe return; 403/404 unavailable → remove restricted content; 409/412 conflict → refresh and review; 422 invalid → inline correction; 429/503 → bounded retry with input retained.","Available locally; reauthorize any destination data on access.","No durable command; provider/native-specific replay protection applies.","no"
"NOTIFICATIONS","Choose your updates","NOTIFICATIONS.01","Save notification choices","screen","","PATCH /v1/notification-settings","updateNotificationSettings","SETTINGS","[]","Update user event preferences; worker rechecks current preference/membership immediately before send.","member","Validate authentication scope, feature flag, resource ownership/membership, current revision and required field constraints on the server for network operations.","401 expired session → login with safe return; 403/404 unavailable → remove restricted content; 409/412 conflict → refresh and review; 422 invalid → inline correction; 429/503 → bounded retry with input retained.","Retain input and retry online; do not show a durable success before server receipt.","Stable client operation ID for durable command; server idempotency record and transaction receipt. If-Match where versioned.","no"
"NOTIFICATIONS","Choose your updates","NOTIFICATIONS.02","Enable on this device","screen","","LOCAL navigate","","NOTIFICATION_PERMISSION","[]","Preserve the current draft and open the destination.","member","Validate authentication scope, feature flag, resource ownership/membership, current revision and required field constraints on the server for network operations.","401 expired session → login with safe return; 403/404 unavailable → remove restricted content; 409/412 conflict → refresh and review; 422 invalid → inline correction; 429/503 → bounded retry with input retained.","Available locally; reauthorize any destination data on access.","No durable command; provider/native-specific replay protection applies.","no"
"NOTIFICATIONS","Choose your updates","NOTIFICATIONS.03","Open device notification settings","screen","","EXTERNAL OS.openAppSettings","","","[]","OS permission and server preferences remain independent.","member","Validate authentication scope, feature flag, resource ownership/membership, current revision and required field constraints on the server for network operations.","401 expired session → login with safe return; 403/404 unavailable → remove restricted content; 409/412 conflict → refresh and review; 422 invalid → inline correction; 429/503 → bounded retry with input retained.","Retain input and retry online; do not show a durable success before server receipt.","No durable command; provider/native-specific replay protection applies.","no"
"NOTIFICATIONS","Choose your updates","NOTIFICATIONS.nav0","Today","navigation","","LOCAL navigate","","TODAY","[]","Preserve the current draft and open the destination.","member","Validate authentication scope, feature flag, resource ownership/membership, current revision and required field constraints on the server for network operations.","401 expired session → login with safe return; 403/404 unavailable → remove restricted content; 409/412 conflict → refresh and review; 422 invalid → inline correction; 429/503 → bounded retry with input retained.","Available locally; reauthorize any destination data on access.","No durable command; provider/native-specific replay protection applies.","no"
"NOTIFICATIONS","Choose your updates","NOTIFICATIONS.nav1","Cook","navigation","","LOCAL navigate","","HOME","[]","Preserve the current draft and open the destination.","member","Validate authentication scope, feature flag, resource ownership/membership, current revision and required field constraints on the server for network operations.","401 expired session → login with safe return; 403/404 unavailable → remove restricted content; 409/412 conflict → refresh and review; 422 invalid → inline correction; 429/503 → bounded retry with input retained.","Available locally; reauthorize any destination data on access.","No durable command; provider/native-specific replay protection applies.","no"
"NOTIFICATIONS","Choose your updates","NOTIFICATIONS.nav2","Cookbook","navigation","","LOCAL navigate","","COOKBOOK","[]","Preserve the current draft and open the destination.","member","Validate authentication scope, feature flag, resource ownership/membership, current revision and required field constraints on the server for network operations.","401 expired session → login with safe return; 403/404 unavailable → remove restricted content; 409/412 conflict → refresh and review; 422 invalid → inline correction; 429/503 → bounded retry with input retained.","Available locally; reauthorize any destination data on access.","No durable command; provider/native-specific replay protection applies.","no"
"NOTIFICATIONS","Choose your updates","NOTIFICATIONS.nav3","Inbox","navigation","","LOCAL navigate","","INBOX","[]","Preserve the current draft and open the destination.","member","Validate authentication scope, feature flag, resource ownership/membership, current revision and required field constraints on the server for network operations.","401 expired session → login with safe return; 403/404 unavailable → remove restricted content; 409/412 conflict → refresh and review; 422 invalid → inline correction; 429/503 → bounded retry with input retained.","Available locally; reauthorize any destination data on access.","No durable command; provider/native-specific replay protection applies.","no"
"NOTIFICATIONS","Choose your updates","NOTIFICATIONS.nav4","My Plate","navigation","","LOCAL navigate","","PROFILE_PLATE","[]","Preserve the current draft and open the destination.","member","Validate authentication scope, feature flag, resource ownership/membership, current revision and required field constraints on the server for network operations.","401 expired session → login with safe return; 403/404 unavailable → remove restricted content; 409/412 conflict → refresh and review; 422 invalid → inline correction; 429/503 → bounded retry with input retained.","Available locally; reauthorize any destination data on access.","No durable command; provider/native-specific replay protection applies.","no"
"SESSIONS","Devices and sessions","SESSIONS.back","Back","back","","LOCAL navigate","","SETTINGS","[]","Return to previous allowed screen; retain draft/session state. Unsaved destructive exits ask before discarding.","member","Validate authentication scope, feature flag, resource ownership/membership, current revision and required field constraints on the server for network operations.","401 expired session → login with safe return; 403/404 unavailable → remove restricted content; 409/412 conflict → refresh and review; 422 invalid → inline correction; 429/503 → bounded retry with input retained.","Available locally; reauthorize any destination data on access.","No durable command; provider/native-specific replay protection applies.","no"
"SESSIONS","Devices and sessions","SESSIONS.01","Revoke selected session","screen","","DELETE /v1/account/sessions/{sessionId}","revokeSession","","[]","Revoke refresh capability and app session immediately; bearer access token residual lifetime follows configured limit.","member","Validate authentication scope, feature flag, resource ownership/membership, current revision and required field constraints on the server for network operations.","401 expired session → login with safe return; 403/404 unavailable → remove restricted content; 409/412 conflict → refresh and review; 422 invalid → inline correction; 429/503 → bounded retry with input retained.","Retain input and retry online; do not show a durable success before server receipt.","Stable client operation ID for durable command; server idempotency record and transaction receipt. If-Match where versioned.","no"
"SESSIONS","Devices and sessions","SESSIONS.02","Sign out everywhere","screen","","POST /v1/account/sessions/revoke-all","revokeAllSessions","AUTH_WELCOME","[]","Require recent auth, revoke all refresh sessions/device associations and clear local account data.","member","Validate authentication scope, feature flag, resource ownership/membership, current revision and required field constraints on the server for network operations.","401 expired session → login with safe return; 403/404 unavailable → remove restricted content; 409/412 conflict → refresh and review; 422 invalid → inline correction; 429/503 → bounded retry with input retained.","Retain input and retry online; do not show a durable success before server receipt.","Stable client operation ID for durable command; server idempotency record and transaction receipt. If-Match where versioned.","no"
"SESSIONS","Devices and sessions","SESSIONS.nav0","Today","navigation","","LOCAL navigate","","TODAY","[]","Preserve the current draft and open the destination.","member","Validate authentication scope, feature flag, resource ownership/membership, current revision and required field constraints on the server for network operations.","401 expired session → login with safe return; 403/404 unavailable → remove restricted content; 409/412 conflict → refresh and review; 422 invalid → inline correction; 429/503 → bounded retry with input retained.","Available locally; reauthorize any destination data on access.","No durable command; provider/native-specific replay protection applies.","no"
"SESSIONS","Devices and sessions","SESSIONS.nav1","Cook","navigation","","LOCAL navigate","","HOME","[]","Preserve the current draft and open the destination.","member","Validate authentication scope, feature flag, resource ownership/membership, current revision and required field constraints on the server for network operations.","401 expired session → login with safe return; 403/404 unavailable → remove restricted content; 409/412 conflict → refresh and review; 422 invalid → inline correction; 429/503 → bounded retry with input retained.","Available locally; reauthorize any destination data on access.","No durable command; provider/native-specific replay protection applies.","no"
"SESSIONS","Devices and sessions","SESSIONS.nav2","Cookbook","navigation","","LOCAL navigate","","COOKBOOK","[]","Preserve the current draft and open the destination.","member","Validate authentication scope, feature flag, resource ownership/membership, current revision and required field constraints on the server for network operations.","401 expired session → login with safe return; 403/404 unavailable → remove restricted content; 409/412 conflict → refresh and review; 422 invalid → inline correction; 429/503 → bounded retry with input retained.","Available locally; reauthorize any destination data on access.","No durable command; provider/native-specific replay protection applies.","no"
"SESSIONS","Devices and sessions","SESSIONS.nav3","Inbox","navigation","","LOCAL navigate","","INBOX","[]","Preserve the current draft and open the destination.","member","Validate authentication scope, feature flag, resource ownership/membership, current revision and required field constraints on the server for network operations.","401 expired session → login with safe return; 403/404 unavailable → remove restricted content; 409/412 conflict → refresh and review; 422 invalid → inline correction; 429/503 → bounded retry with input retained.","Available locally; reauthorize any destination data on access.","No durable command; provider/native-specific replay protection applies.","no"
"SESSIONS","Devices and sessions","SESSIONS.nav4","My Plate","navigation","","LOCAL navigate","","PROFILE_PLATE","[]","Preserve the current draft and open the destination.","member","Validate authentication scope, feature flag, resource ownership/membership, current revision and required field constraints on the server for network operations.","401 expired session → login with safe return; 403/404 unavailable → remove restricted content; 409/412 conflict → refresh and review; 422 invalid → inline correction; 429/503 → bounded retry with input retained.","Available locally; reauthorize any destination data on access.","No durable command; provider/native-specific replay protection applies.","no"
"SOS_CREATE","Fridge SOS","SOS_CREATE.back","Back","back","","LOCAL navigate","","HOME","[]","Return to previous allowed screen; retain draft/session state. Unsaved destructive exits ask before discarding.","member","Validate authentication scope, feature flag, resource ownership/membership, current revision and required field constraints on the server for network operations.","401 expired session → login with safe return; 403/404 unavailable → remove restricted content; 409/412 conflict → refresh and review; 422 invalid → inline correction; 429/503 → bounded retry with input retained.","Available locally; reauthorize any destination data on access.","No durable command; provider/native-specific replay protection applies.","no"
"SOS_CREATE","Fridge SOS","SOS_CREATE.01","Ask my circle","screen","","POST /v1/sos","createSOS","SOS_DETAIL","[]","Check selected audience and create expiring request with minimal chosen context; notify opted-in eligible circle members.","member","Validate authentication scope, feature flag, resource ownership/membership, current revision and required field constraints on the server for network operations.","401 expired session → login with safe return; 403/404 unavailable → remove restricted content; 409/412 conflict → refresh and review; 422 invalid → inline correction; 429/503 → bounded retry with input retained.","Retain input and retry online; do not show a durable success before server receipt.","Stable client operation ID for durable command; server idempotency record and transaction receipt. If-Match where versioned.","no"
"SOS_CREATE","Fridge SOS","SOS_CREATE.02","Give me an idea now","screen","","LOCAL navigate","","REQUEST","[]","Copy the same explicit constraints to private helper; do not wait for social reply.","member","Validate authentication scope, feature flag, resource ownership/membership, current revision and required field constraints on the server for network operations.","401 expired session → login with safe return; 403/404 unavailable → remove restricted content; 409/412 conflict → refresh and review; 422 invalid → inline correction; 429/503 → bounded retry with input retained.","Available locally; reauthorize any destination data on access.","No durable command; provider/native-specific replay protection applies.","no"
"SOS_CREATE","Fridge SOS","SOS_CREATE.03","Choose circle","screen","","LOCAL navigate","","CIRCLES","[]","Preserve the current draft and open the destination.","member","Validate authentication scope, feature flag, resource ownership/membership, current revision and required field constraints on the server for network operations.","401 expired session → login with safe return; 403/404 unavailable → remove restricted content; 409/412 conflict → refresh and review; 422 invalid → inline correction; 429/503 → bounded retry with input retained.","Available locally; reauthorize any destination data on access.","No durable command; provider/native-specific replay protection applies.","no"
"SOS_CREATE","Fridge SOS","SOS_CREATE.nav0","Today","navigation","","LOCAL navigate","","TODAY","[]","Preserve the current draft and open the destination.","member","Validate authentication scope, feature flag, resource ownership/membership, current revision and required field constraints on the server for network operations.","401 expired session → login with safe return; 403/404 unavailable → remove restricted content; 409/412 conflict → refresh and review; 422 invalid → inline correction; 429/503 → bounded retry with input retained.","Available locally; reauthorize any destination data on access.","No durable command; provider/native-specific replay protection applies.","no"
"SOS_CREATE","Fridge SOS","SOS_CREATE.nav1","Cook","navigation","","LOCAL navigate","","HOME","[]","Preserve the current draft and open the destination.","member","Validate authentication scope, feature flag, resource ownership/membership, current revision and required field constraints on the server for network operations.","401 expired session → login with safe return; 403/404 unavailable → remove restricted content; 409/412 conflict → refresh and review; 422 invalid → inline correction; 429/503 → bounded retry with input retained.","Available locally; reauthorize any destination data on access.","No durable command; provider/native-specific replay protection applies.","no"
"SOS_CREATE","Fridge SOS","SOS_CREATE.nav2","Cookbook","navigation","","LOCAL navigate","","COOKBOOK","[]","Preserve the current draft and open the destination.","member","Validate authentication scope, feature flag, resource ownership/membership, current revision and required field constraints on the server for network operations.","401 expired session → login with safe return; 403/404 unavailable → remove restricted content; 409/412 conflict → refresh and review; 422 invalid → inline correction; 429/503 → bounded retry with input retained.","Available locally; reauthorize any destination data on access.","No durable command; provider/native-specific replay protection applies.","no"
"SOS_CREATE","Fridge SOS","SOS_CREATE.nav3","Inbox","navigation","","LOCAL navigate","","INBOX","[]","Preserve the current draft and open the destination.","member","Validate authentication scope, feature flag, resource ownership/membership, current revision and required field constraints on the server for network operations.","401 expired session → login with safe return; 403/404 unavailable → remove restricted content; 409/412 conflict → refresh and review; 422 invalid → inline correction; 429/503 → bounded retry with input retained.","Available locally; reauthorize any destination data on access.","No durable command; provider/native-specific replay protection applies.","no"
"SOS_CREATE","Fridge SOS","SOS_CREATE.nav4","My Plate","navigation","","LOCAL navigate","","PROFILE_PLATE","[]","Preserve the current draft and open the destination.","member","Validate authentication scope, feature flag, resource ownership/membership, current revision and required field constraints on the server for network operations.","401 expired session → login with safe return; 403/404 unavailable → remove restricted content; 409/412 conflict → refresh and review; 422 invalid → inline correction; 429/503 → bounded retry with input retained.","Available locally; reauthorize any destination data on access.","No durable command; provider/native-specific replay protection applies.","no"
"SOS_DETAIL","Ideas from your people","SOS_DETAIL.back","Back","back","","LOCAL navigate","","CIRCLE","[]","Return to previous allowed screen; retain draft/session state. Unsaved destructive exits ask before discarding.","member","Validate authentication scope, feature flag, resource ownership/membership, current revision and required field constraints on the server for network operations.","401 expired session → login with safe return; 403/404 unavailable → remove restricted content; 409/412 conflict → refresh and review; 422 invalid → inline correction; 429/503 → bounded retry with input retained.","Available locally; reauthorize any destination data on access.","No durable command; provider/native-specific replay protection applies.","no"
"SOS_DETAIL","Ideas from your people","SOS_DETAIL.01","Suggest a meal","screen","","POST /v1/sos/{sosId}/replies","replyToSOS","","[]","Authorize circle membership, validate shareable recipe reference and use client operation ID.","member","Validate authentication scope, feature flag, resource ownership/membership, current revision and required field constraints on the server for network operations.","401 expired session → login with safe return; 403/404 unavailable → remove restricted content; 409/412 conflict → refresh and review; 422 invalid → inline correction; 429/503 → bounded retry with input retained.","Retain input and retry online; do not show a durable success before server receipt.","Stable client operation ID for durable command; server idempotency record and transaction receipt. If-Match where versioned.","no"
"SOS_DETAIL","Ideas from your people","SOS_DETAIL.02","Attach a saved recipe","screen","","LOCAL navigate","","COOKBOOK","[]","Open a scoped recipe picker for shareable recipe suggestion. On selection return to SOS_DETAIL with a permitted recipe/source reference; cancel returns to SOS_DETAIL with its previous draft unchanged. Preserve draft/editPost/fulfillRequest mode throughout. Private-only saved source content cannot be reattached as redistributable text.","member","Validate authentication scope, feature flag, resource ownership/membership, current revision and required field constraints on the server for network operations.","401 expired session → login with safe return; 403/404 unavailable → remove restricted content; 409/412 conflict → refresh and review; 422 invalid → inline correction; 429/503 → bounded retry with input retained.","Available locally; reauthorize any destination data on access.","No durable command; provider/native-specific replay protection applies.","no"
"SOS_DETAIL","Ideas from your people","SOS_DETAIL.03","Make this suggestion mine","screen","","LOCAL navigate","","ADAPT","[]","Preserve the current draft and open the destination.","member","Validate authentication scope, feature flag, resource ownership/membership, current revision and required field constraints on the server for network operations.","401 expired session → login with safe return; 403/404 unavailable → remove restricted content; 409/412 conflict → refresh and review; 422 invalid → inline correction; 429/503 → bounded retry with input retained.","Available locally; reauthorize any destination data on access.","No durable command; provider/native-specific replay protection applies.","no"
"SOS_DETAIL","Ideas from your people","SOS_DETAIL.04","Close my request","screen","","POST /v1/sos/{sosId}/resolve","resolveSOS","","[]","Owner closes once; stop new replies and future request notifications.","member","Validate authentication scope, feature flag, resource ownership/membership, current revision and required field constraints on the server for network operations.","401 expired session → login with safe return; 403/404 unavailable → remove restricted content; 409/412 conflict → refresh and review; 422 invalid → inline correction; 429/503 → bounded retry with input retained.","Retain input and retry online; do not show a durable success before server receipt.","Stable client operation ID for durable command; server idempotency record and transaction receipt. If-Match where versioned.","no"
"SOS_DETAIL","Ideas from your people","SOS_DETAIL.05","Report a reply","screen","","LOCAL navigate","","REPORT","[]","Preserve the current draft and open the destination.","member","Validate authentication scope, feature flag, resource ownership/membership, current revision and required field constraints on the server for network operations.","401 expired session → login with safe return; 403/404 unavailable → remove restricted content; 409/412 conflict → refresh and review; 422 invalid → inline correction; 429/503 → bounded retry with input retained.","Available locally; reauthorize any destination data on access.","No durable command; provider/native-specific replay protection applies.","no"
"SOS_DETAIL","Ideas from your people","SOS_DETAIL.06","Correct my open request","screen","","PATCH /v1/sos/{sosId}","updateSOS","","[]","Owner edits only an open request with revision; mark existing suggestions as referencing the earlier context when needed.","member","Validate authentication scope, feature flag, resource ownership/membership, current revision and required field constraints on the server for network operations.","401 expired session → login with safe return; 403/404 unavailable → remove restricted content; 409/412 conflict → refresh and review; 422 invalid → inline correction; 429/503 → bounded retry with input retained.","Retain input and retry online; do not show a durable success before server receipt.","Stable client operation ID for durable command; server idempotency record and transaction receipt. If-Match where versioned.","no"
"SOS_DETAIL","Ideas from your people","SOS_DETAIL.07","Remove my reply","screen","","DELETE /v1/sos/{sosId}/replies/{replyId}","deleteSOSReply","","[]","Author removes their own reply; preserve limited moderation evidence under approved retention.","member","Validate authentication scope, feature flag, resource ownership/membership, current revision and required field constraints on the server for network operations.","401 expired session → login with safe return; 403/404 unavailable → remove restricted content; 409/412 conflict → refresh and review; 422 invalid → inline correction; 429/503 → bounded retry with input retained.","Retain input and retry online; do not show a durable success before server receipt.","Stable client operation ID for durable command; server idempotency record and transaction receipt. If-Match where versioned.","yes"
"SOS_DETAIL","Ideas from your people","SOS_DETAIL.nav0","Today","navigation","","LOCAL navigate","","TODAY","[]","Preserve the current draft and open the destination.","member","Validate authentication scope, feature flag, resource ownership/membership, current revision and required field constraints on the server for network operations.","401 expired session → login with safe return; 403/404 unavailable → remove restricted content; 409/412 conflict → refresh and review; 422 invalid → inline correction; 429/503 → bounded retry with input retained.","Available locally; reauthorize any destination data on access.","No durable command; provider/native-specific replay protection applies.","no"
"SOS_DETAIL","Ideas from your people","SOS_DETAIL.nav1","Cook","navigation","","LOCAL navigate","","HOME","[]","Preserve the current draft and open the destination.","member","Validate authentication scope, feature flag, resource ownership/membership, current revision and required field constraints on the server for network operations.","401 expired session → login with safe return; 403/404 unavailable → remove restricted content; 409/412 conflict → refresh and review; 422 invalid → inline correction; 429/503 → bounded retry with input retained.","Available locally; reauthorize any destination data on access.","No durable command; provider/native-specific replay protection applies.","no"
"SOS_DETAIL","Ideas from your people","SOS_DETAIL.nav2","Cookbook","navigation","","LOCAL navigate","","COOKBOOK","[]","Preserve the current draft and open the destination.","member","Validate authentication scope, feature flag, resource ownership/membership, current revision and required field constraints on the server for network operations.","401 expired session → login with safe return; 403/404 unavailable → remove restricted content; 409/412 conflict → refresh and review; 422 invalid → inline correction; 429/503 → bounded retry with input retained.","Available locally; reauthorize any destination data on access.","No durable command; provider/native-specific replay protection applies.","no"
"SOS_DETAIL","Ideas from your people","SOS_DETAIL.nav3","Inbox","navigation","","LOCAL navigate","","INBOX","[]","Preserve the current draft and open the destination.","member","Validate authentication scope, feature flag, resource ownership/membership, current revision and required field constraints on the server for network operations.","401 expired session → login with safe return; 403/404 unavailable → remove restricted content; 409/412 conflict → refresh and review; 422 invalid → inline correction; 429/503 → bounded retry with input retained.","Available locally; reauthorize any destination data on access.","No durable command; provider/native-specific replay protection applies.","no"
"SOS_DETAIL","Ideas from your people","SOS_DETAIL.nav4","My Plate","navigation","","LOCAL navigate","","PROFILE_PLATE","[]","Preserve the current draft and open the destination.","member","Validate authentication scope, feature flag, resource ownership/membership, current revision and required field constraints on the server for network operations.","401 expired session → login with safe return; 403/404 unavailable → remove restricted content; 409/412 conflict → refresh and review; 422 invalid → inline correction; 429/503 → bounded retry with input retained.","Available locally; reauthorize any destination data on access.","No durable command; provider/native-specific replay protection applies.","no"
"TONIGHT","Make a save into dinner","TONIGHT.back","Back","back","","LOCAL navigate","","COOKBOOK","[]","Return to previous allowed screen; retain draft/session state. Unsaved destructive exits ask before discarding.","guest-or-member","Validate authentication scope, feature flag, resource ownership/membership, current revision and required field constraints on the server for network operations.","401 expired session → login with safe return; 403/404 unavailable → remove restricted content; 409/412 conflict → refresh and review; 422 invalid → inline correction; 429/503 → bounded retry with input retained.","Available locally; reauthorize any destination data on access.","No durable command; provider/native-specific replay protection applies.","no"
"TONIGHT","Make a save into dinner","TONIGHT.01","Check tonight’s version","screen","","POST /v1/plans","createPlan","VARIANT","[]","Create plan from authorized saved recipe and fresh constraints; respect recall and current exclusions.","guest-or-member","Validate authentication scope, feature flag, resource ownership/membership, current revision and required field constraints on the server for network operations.","401 expired session → login with safe return; 403/404 unavailable → remove restricted content; 409/412 conflict → refresh and review; 422 invalid → inline correction; 429/503 → bounded retry with input retained.","Retain input and retry online; do not show a durable success before server receipt.","Stable client operation ID for durable command; server idempotency record and transaction receipt. If-Match where versioned.","no"
"TONIGHT","Make a save into dinner","TONIGHT.02","Confirm ingredients","screen","","LOCAL navigate","","PANTRY","[]","Preserve the current draft and open the destination.","guest-or-member","Validate authentication scope, feature flag, resource ownership/membership, current revision and required field constraints on the server for network operations.","401 expired session → login with safe return; 403/404 unavailable → remove restricted content; 409/412 conflict → refresh and review; 422 invalid → inline correction; 429/503 → bounded retry with input retained.","Available locally; reauthorize any destination data on access.","No durable command; provider/native-specific replay protection applies.","no"
"TONIGHT","Make a save into dinner","TONIGHT.03","Back to my saves","screen","","LOCAL navigate","","COOKBOOK","[]","Preserve the current draft and open the destination.","guest-or-member","Validate authentication scope, feature flag, resource ownership/membership, current revision and required field constraints on the server for network operations.","401 expired session → login with safe return; 403/404 unavailable → remove restricted content; 409/412 conflict → refresh and review; 422 invalid → inline correction; 429/503 → bounded retry with input retained.","Available locally; reauthorize any destination data on access.","No durable command; provider/native-specific replay protection applies.","no"
"TONIGHT","Make a save into dinner","TONIGHT.nav0","Today","navigation","","LOCAL navigate","","TODAY","[]","Preserve the current draft and open the destination.","guest-or-member","Validate authentication scope, feature flag, resource ownership/membership, current revision and required field constraints on the server for network operations.","401 expired session → login with safe return; 403/404 unavailable → remove restricted content; 409/412 conflict → refresh and review; 422 invalid → inline correction; 429/503 → bounded retry with input retained.","Available locally; reauthorize any destination data on access.","No durable command; provider/native-specific replay protection applies.","no"
"TONIGHT","Make a save into dinner","TONIGHT.nav1","Cook","navigation","","LOCAL navigate","","HOME","[]","Preserve the current draft and open the destination.","guest-or-member","Validate authentication scope, feature flag, resource ownership/membership, current revision and required field constraints on the server for network operations.","401 expired session → login with safe return; 403/404 unavailable → remove restricted content; 409/412 conflict → refresh and review; 422 invalid → inline correction; 429/503 → bounded retry with input retained.","Available locally; reauthorize any destination data on access.","No durable command; provider/native-specific replay protection applies.","no"
"TONIGHT","Make a save into dinner","TONIGHT.nav2","Cookbook","navigation","","LOCAL navigate","","COOKBOOK","[]","Preserve the current draft and open the destination.","guest-or-member","Validate authentication scope, feature flag, resource ownership/membership, current revision and required field constraints on the server for network operations.","401 expired session → login with safe return; 403/404 unavailable → remove restricted content; 409/412 conflict → refresh and review; 422 invalid → inline correction; 429/503 → bounded retry with input retained.","Available locally; reauthorize any destination data on access.","No durable command; provider/native-specific replay protection applies.","no"
"TONIGHT","Make a save into dinner","TONIGHT.nav3","Inbox","navigation","","LOCAL navigate","","INBOX","[]","Preserve the current draft and open the destination.","guest-or-member","Validate authentication scope, feature flag, resource ownership/membership, current revision and required field constraints on the server for network operations.","401 expired session → login with safe return; 403/404 unavailable → remove restricted content; 409/412 conflict → refresh and review; 422 invalid → inline correction; 429/503 → bounded retry with input retained.","Available locally; reauthorize any destination data on access.","No durable command; provider/native-specific replay protection applies.","no"
"TONIGHT","Make a save into dinner","TONIGHT.nav4","My Plate","navigation","","LOCAL navigate","","PROFILE_PLATE","[]","Preserve the current draft and open the destination.","guest-or-member","Validate authentication scope, feature flag, resource ownership/membership, current revision and required field constraints on the server for network operations.","401 expired session → login with safe return; 403/404 unavailable → remove restricted content; 409/412 conflict → refresh and review; 422 invalid → inline correction; 429/503 → bounded retry with input retained.","Available locally; reauthorize any destination data on access.","No durable command; provider/native-specific replay protection applies.","no"
"PACT_CREATE","Dinner Pact","PACT_CREATE.back","Back","back","","LOCAL navigate","","POST","[]","Return to previous allowed screen; retain draft/session state. Unsaved destructive exits ask before discarding.","member","Validate authentication scope, feature flag, resource ownership/membership, current revision and required field constraints on the server for network operations.","401 expired session → login with safe return; 403/404 unavailable → remove restricted content; 409/412 conflict → refresh and review; 422 invalid → inline correction; 429/503 → bounded retry with input retained.","Available locally; reauthorize any destination data on access.","No durable command; provider/native-specific replay protection applies.","no"
"PACT_CREATE","Dinner Pact","PACT_CREATE.01","Send Dinner Pact","screen","","POST /v1/pacts","createPact","PACT_DETAIL","[]","Validate relationship, source shareability and selected recipient; create pending participant invitations once.","member","Validate authentication scope, feature flag, resource ownership/membership, current revision and required field constraints on the server for network operations.","401 expired session → login with safe return; 403/404 unavailable → remove restricted content; 409/412 conflict → refresh and review; 422 invalid → inline correction; 429/503 → bounded retry with input retained.","Retain input and retry online; do not show a durable success before server receipt.","Stable client operation ID for durable command; server idempotency record and transaction receipt. If-Match where versioned.","no"
"PACT_CREATE","Dinner Pact","PACT_CREATE.02","Choose a recipe","screen","","LOCAL navigate","","COOKBOOK","[]","Open a scoped recipe picker for pact source. On selection return to PACT_CREATE with a permitted recipe/source reference; cancel returns to PACT_CREATE with its previous draft unchanged. Preserve draft/editPost/fulfillRequest mode throughout. Private-only saved source content cannot be reattached as redistributable text.","member","Validate authentication scope, feature flag, resource ownership/membership, current revision and required field constraints on the server for network operations.","401 expired session → login with safe return; 403/404 unavailable → remove restricted content; 409/412 conflict → refresh and review; 422 invalid → inline correction; 429/503 → bounded retry with input retained.","Available locally; reauthorize any destination data on access.","No durable command; provider/native-specific replay protection applies.","no"
"PACT_CREATE","Dinner Pact","PACT_CREATE.03","Cancel","screen","","LOCAL navigate","","POST","[]","Preserve the current draft and open the destination.","member","Validate authentication scope, feature flag, resource ownership/membership, current revision and required field constraints on the server for network operations.","401 expired session → login with safe return; 403/404 unavailable → remove restricted content; 409/412 conflict → refresh and review; 422 invalid → inline correction; 429/503 → bounded retry with input retained.","Available locally; reauthorize any destination data on access.","No durable command; provider/native-specific replay protection applies.","no"
"PACT_CREATE","Dinner Pact","PACT_CREATE.04","Choose a friend","screen","","LOCAL navigate","","PEOPLE_PICKER","[]","Open an eligible-recipient picker and return selected IDs to this event draft.","member","Validate authentication scope, feature flag, resource ownership/membership, current revision and required field constraints on the server for network operations.","401 expired session → login with safe return; 403/404 unavailable → remove restricted content; 409/412 conflict → refresh and review; 422 invalid → inline correction; 429/503 → bounded retry with input retained.","Available locally; reauthorize any destination data on access.","No durable command; provider/native-specific replay protection applies.","no"
"PACT_CREATE","Dinner Pact","PACT_CREATE.nav0","Today","navigation","","LOCAL navigate","","TODAY","[]","Preserve the current draft and open the destination.","member","Validate authentication scope, feature flag, resource ownership/membership, current revision and required field constraints on the server for network operations.","401 expired session → login with safe return; 403/404 unavailable → remove restricted content; 409/412 conflict → refresh and review; 422 invalid → inline correction; 429/503 → bounded retry with input retained.","Available locally; reauthorize any destination data on access.","No durable command; provider/native-specific replay protection applies.","no"
"PACT_CREATE","Dinner Pact","PACT_CREATE.nav1","Cook","navigation","","LOCAL navigate","","HOME","[]","Preserve the current draft and open the destination.","member","Validate authentication scope, feature flag, resource ownership/membership, current revision and required field constraints on the server for network operations.","401 expired session → login with safe return; 403/404 unavailable → remove restricted content; 409/412 conflict → refresh and review; 422 invalid → inline correction; 429/503 → bounded retry with input retained.","Available locally; reauthorize any destination data on access.","No durable command; provider/native-specific replay protection applies.","no"
"PACT_CREATE","Dinner Pact","PACT_CREATE.nav2","Cookbook","navigation","","LOCAL navigate","","COOKBOOK","[]","Preserve the current draft and open the destination.","member","Validate authentication scope, feature flag, resource ownership/membership, current revision and required field constraints on the server for network operations.","401 expired session → login with safe return; 403/404 unavailable → remove restricted content; 409/412 conflict → refresh and review; 422 invalid → inline correction; 429/503 → bounded retry with input retained.","Available locally; reauthorize any destination data on access.","No durable command; provider/native-specific replay protection applies.","no"
"PACT_CREATE","Dinner Pact","PACT_CREATE.nav3","Inbox","navigation","","LOCAL navigate","","INBOX","[]","Preserve the current draft and open the destination.","member","Validate authentication scope, feature flag, resource ownership/membership, current revision and required field constraints on the server for network operations.","401 expired session → login with safe return; 403/404 unavailable → remove restricted content; 409/412 conflict → refresh and review; 422 invalid → inline correction; 429/503 → bounded retry with input retained.","Available locally; reauthorize any destination data on access.","No durable command; provider/native-specific replay protection applies.","no"
"PACT_CREATE","Dinner Pact","PACT_CREATE.nav4","My Plate","navigation","","LOCAL navigate","","PROFILE_PLATE","[]","Preserve the current draft and open the destination.","member","Validate authentication scope, feature flag, resource ownership/membership, current revision and required field constraints on the server for network operations.","401 expired session → login with safe return; 403/404 unavailable → remove restricted content; 409/412 conflict → refresh and review; 422 invalid → inline correction; 429/503 → bounded retry with input retained.","Available locally; reauthorize any destination data on access.","No durable command; provider/native-specific replay protection applies.","no"
"PACT_DETAIL","Your Dinner Pact","PACT_DETAIL.back","Back","back","","LOCAL navigate","","INBOX","[]","Return to previous allowed screen; retain draft/session state. Unsaved destructive exits ask before discarding.","member","Validate authentication scope, feature flag, resource ownership/membership, current revision and required field constraints on the server for network operations.","401 expired session → login with safe return; 403/404 unavailable → remove restricted content; 409/412 conflict → refresh and review; 422 invalid → inline correction; 429/503 → bounded retry with input retained.","Available locally; reauthorize any destination data on access.","No durable command; provider/native-specific replay protection applies.","no"
"PACT_DETAIL","Your Dinner Pact","PACT_DETAIL.01","I’m in","screen","","POST /v1/pacts/{pactId}/participation","respondToPact","","[]","Set own response accepted with revision; never accept for another participant.","member","Validate authentication scope, feature flag, resource ownership/membership, current revision and required field constraints on the server for network operations.","401 expired session → login with safe return; 403/404 unavailable → remove restricted content; 409/412 conflict → refresh and review; 422 invalid → inline correction; 429/503 → bounded retry with input retained.","Retain input and retry online; do not show a durable success before server receipt.","Stable client operation ID for durable command; server idempotency record and transaction receipt. If-Match where versioned.","no"
"PACT_DETAIL","Your Dinner Pact","PACT_DETAIL.02","Pass this time","screen","","POST /v1/pacts/{pactId}/participation","respondToPact","","[]","Set own response declined without streak or public penalty.","member","Validate authentication scope, feature flag, resource ownership/membership, current revision and required field constraints on the server for network operations.","401 expired session → login with safe return; 403/404 unavailable → remove restricted content; 409/412 conflict → refresh and review; 422 invalid → inline correction; 429/503 → bounded retry with input retained.","Retain input and retry online; do not show a durable success before server receipt.","Stable client operation ID for durable command; server idempotency record and transaction receipt. If-Match where versioned.","no"
"PACT_DETAIL","Your Dinner Pact","PACT_DETAIL.03","Make my version","screen","","LOCAL navigate","","ADAPT","[]","Preserve the current draft and open the destination.","member","Validate authentication scope, feature flag, resource ownership/membership, current revision and required field constraints on the server for network operations.","401 expired session → login with safe return; 403/404 unavailable → remove restricted content; 409/412 conflict → refresh and review; 422 invalid → inline correction; 429/503 → bounded retry with input retained.","Available locally; reauthorize any destination data on access.","No durable command; provider/native-specific replay protection applies.","no"
"PACT_DETAIL","Your Dinner Pact","PACT_DETAIL.04","Chat about dinner","screen","","LOCAL navigate","","THREAD","[]","Preserve the current draft and open the destination.","member","Validate authentication scope, feature flag, resource ownership/membership, current revision and required field constraints on the server for network operations.","401 expired session → login with safe return; 403/404 unavailable → remove restricted content; 409/412 conflict → refresh and review; 422 invalid → inline correction; 429/503 → bounded retry with input retained.","Available locally; reauthorize any destination data on access.","No durable command; provider/native-specific replay protection applies.","no"
"PACT_DETAIL","Your Dinner Pact","PACT_DETAIL.05","Share a progress photo","screen","","LOCAL navigate","","CAPTURE","[]","Open an optional composer with self-only initial audience. Select a supported self/circle audience explicitly; pact participation does not authorize a new audience type.","member","Validate authentication scope, feature flag, resource ownership/membership, current revision and required field constraints on the server for network operations.","401 expired session → login with safe return; 403/404 unavailable → remove restricted content; 409/412 conflict → refresh and review; 422 invalid → inline correction; 429/503 → bounded retry with input retained.","Available locally; reauthorize any destination data on access.","No durable command; provider/native-specific replay protection applies.","no"
"PACT_DETAIL","Your Dinner Pact","PACT_DETAIL.06","Cancel my pact","screen","","DELETE /v1/pacts/{pactId}","cancelPact","","[]","Creator cancels coordination; preserve independently saved recipes according to grants.","member","Validate authentication scope, feature flag, resource ownership/membership, current revision and required field constraints on the server for network operations.","401 expired session → login with safe return; 403/404 unavailable → remove restricted content; 409/412 conflict → refresh and review; 422 invalid → inline correction; 429/503 → bounded retry with input retained.","Retain input and retry online; do not show a durable success before server receipt.","Stable client operation ID for durable command; server idempotency record and transaction receipt. If-Match where versioned.","no"
"PACT_DETAIL","Your Dinner Pact","PACT_DETAIL.07","Leave this pact","screen","","POST /v1/pacts/{pactId}/participation","respondToPact","","[]","Set own participation=left; exclude future thread sends/notifications as policy specifies while retaining private variants.","member","Validate authentication scope, feature flag, resource ownership/membership, current revision and required field constraints on the server for network operations.","401 expired session → login with safe return; 403/404 unavailable → remove restricted content; 409/412 conflict → refresh and review; 422 invalid → inline correction; 429/503 → bounded retry with input retained.","Retain input and retry online; do not show a durable success before server receipt.","Stable client operation ID for durable command; server idempotency record and transaction receipt. If-Match where versioned.","no"
"PACT_DETAIL","Your Dinner Pact","PACT_DETAIL.08","Propose a different time","screen","","PATCH /v1/pacts/{pactId}","reschedulePact","","[]","Create updated schedule revision; affected accepted participants must reconfirm rather than auto-commit.","member","Validate authentication scope, feature flag, resource ownership/membership, current revision and required field constraints on the server for network operations.","401 expired session → login with safe return; 403/404 unavailable → remove restricted content; 409/412 conflict → refresh and review; 422 invalid → inline correction; 429/503 → bounded retry with input retained.","Retain input and retry online; do not show a durable success before server receipt.","Stable client operation ID for durable command; server idempotency record and transaction receipt. If-Match where versioned.","no"
"PACT_DETAIL","Your Dinner Pact","PACT_DETAIL.09","Confirm changed plan","screen","","POST /v1/pacts/{pactId}/participation","respondToPact","","[]","Accept the displayed pact revision; stale confirmation returns conflict.","member","Validate authentication scope, feature flag, resource ownership/membership, current revision and required field constraints on the server for network operations.","401 expired session → login with safe return; 403/404 unavailable → remove restricted content; 409/412 conflict → refresh and review; 422 invalid → inline correction; 429/503 → bounded retry with input retained.","Retain input and retry online; do not show a durable success before server receipt.","Stable client operation ID for durable command; server idempotency record and transaction receipt. If-Match where versioned.","no"
"PACT_DETAIL","Your Dinner Pact","PACT_DETAIL.nav0","Today","navigation","","LOCAL navigate","","TODAY","[]","Preserve the current draft and open the destination.","member","Validate authentication scope, feature flag, resource ownership/membership, current revision and required field constraints on the server for network operations.","401 expired session → login with safe return; 403/404 unavailable → remove restricted content; 409/412 conflict → refresh and review; 422 invalid → inline correction; 429/503 → bounded retry with input retained.","Available locally; reauthorize any destination data on access.","No durable command; provider/native-specific replay protection applies.","no"
"PACT_DETAIL","Your Dinner Pact","PACT_DETAIL.nav1","Cook","navigation","","LOCAL navigate","","HOME","[]","Preserve the current draft and open the destination.","member","Validate authentication scope, feature flag, resource ownership/membership, current revision and required field constraints on the server for network operations.","401 expired session → login with safe return; 403/404 unavailable → remove restricted content; 409/412 conflict → refresh and review; 422 invalid → inline correction; 429/503 → bounded retry with input retained.","Available locally; reauthorize any destination data on access.","No durable command; provider/native-specific replay protection applies.","no"
"PACT_DETAIL","Your Dinner Pact","PACT_DETAIL.nav2","Cookbook","navigation","","LOCAL navigate","","COOKBOOK","[]","Preserve the current draft and open the destination.","member","Validate authentication scope, feature flag, resource ownership/membership, current revision and required field constraints on the server for network operations.","401 expired session → login with safe return; 403/404 unavailable → remove restricted content; 409/412 conflict → refresh and review; 422 invalid → inline correction; 429/503 → bounded retry with input retained.","Available locally; reauthorize any destination data on access.","No durable command; provider/native-specific replay protection applies.","no"
"PACT_DETAIL","Your Dinner Pact","PACT_DETAIL.nav3","Inbox","navigation","","LOCAL navigate","","INBOX","[]","Preserve the current draft and open the destination.","member","Validate authentication scope, feature flag, resource ownership/membership, current revision and required field constraints on the server for network operations.","401 expired session → login with safe return; 403/404 unavailable → remove restricted content; 409/412 conflict → refresh and review; 422 invalid → inline correction; 429/503 → bounded retry with input retained.","Available locally; reauthorize any destination data on access.","No durable command; provider/native-specific replay protection applies.","no"
"PACT_DETAIL","Your Dinner Pact","PACT_DETAIL.nav4","My Plate","navigation","","LOCAL navigate","","PROFILE_PLATE","[]","Preserve the current draft and open the destination.","member","Validate authentication scope, feature flag, resource ownership/membership, current revision and required field constraints on the server for network operations.","401 expired session → login with safe return; 403/404 unavailable → remove restricted content; 409/412 conflict → refresh and review; 422 invalid → inline correction; 429/503 → bounded retry with input retained.","Available locally; reauthorize any destination data on access.","No durable command; provider/native-specific replay protection applies.","no"
"POTLUCK_CREATE","Bring a Bit","POTLUCK_CREATE.back","Back","back","","LOCAL navigate","","CIRCLE","[]","Return to previous allowed screen; retain draft/session state. Unsaved destructive exits ask before discarding.","member","Validate authentication scope, feature flag, resource ownership/membership, current revision and required field constraints on the server for network operations.","401 expired session → login with safe return; 403/404 unavailable → remove restricted content; 409/412 conflict → refresh and review; 422 invalid → inline correction; 429/503 → bounded retry with input retained.","Available locally; reauthorize any destination data on access.","No durable command; provider/native-specific replay protection applies.","no"
"POTLUCK_CREATE","Bring a Bit","POTLUCK_CREATE.01","Start shared meal","screen","","POST /v1/potlucks","createPotluck","POTLUCK_DETAIL","[]","Create owner and invitations with explicit audience; contributors join individually.","member","Validate authentication scope, feature flag, resource ownership/membership, current revision and required field constraints on the server for network operations.","401 expired session → login with safe return; 403/404 unavailable → remove restricted content; 409/412 conflict → refresh and review; 422 invalid → inline correction; 429/503 → bounded retry with input retained.","Retain input and retry online; do not show a durable success before server receipt.","Stable client operation ID for durable command; server idempotency record and transaction receipt. If-Match where versioned.","no"
"POTLUCK_CREATE","Bring a Bit","POTLUCK_CREATE.02","Choose circle","screen","","LOCAL navigate","","CIRCLES","[]","Preserve the current draft and open the destination.","member","Validate authentication scope, feature flag, resource ownership/membership, current revision and required field constraints on the server for network operations.","401 expired session → login with safe return; 403/404 unavailable → remove restricted content; 409/412 conflict → refresh and review; 422 invalid → inline correction; 429/503 → bounded retry with input retained.","Available locally; reauthorize any destination data on access.","No durable command; provider/native-specific replay protection applies.","no"
"POTLUCK_CREATE","Bring a Bit","POTLUCK_CREATE.03","Cancel","screen","","LOCAL navigate","","CIRCLE","[]","Preserve the current draft and open the destination.","member","Validate authentication scope, feature flag, resource ownership/membership, current revision and required field constraints on the server for network operations.","401 expired session → login with safe return; 403/404 unavailable → remove restricted content; 409/412 conflict → refresh and review; 422 invalid → inline correction; 429/503 → bounded retry with input retained.","Available locally; reauthorize any destination data on access.","No durable command; provider/native-specific replay protection applies.","no"
"POTLUCK_CREATE","Bring a Bit","POTLUCK_CREATE.04","Choose participants","screen","","LOCAL navigate","","PEOPLE_PICKER","[]","Open an eligible-recipient picker and return selected IDs to this event draft.","member","Validate authentication scope, feature flag, resource ownership/membership, current revision and required field constraints on the server for network operations.","401 expired session → login with safe return; 403/404 unavailable → remove restricted content; 409/412 conflict → refresh and review; 422 invalid → inline correction; 429/503 → bounded retry with input retained.","Available locally; reauthorize any destination data on access.","No durable command; provider/native-specific replay protection applies.","no"
"POTLUCK_CREATE","Bring a Bit","POTLUCK_CREATE.nav0","Today","navigation","","LOCAL navigate","","TODAY","[]","Preserve the current draft and open the destination.","member","Validate authentication scope, feature flag, resource ownership/membership, current revision and required field constraints on the server for network operations.","401 expired session → login with safe return; 403/404 unavailable → remove restricted content; 409/412 conflict → refresh and review; 422 invalid → inline correction; 429/503 → bounded retry with input retained.","Available locally; reauthorize any destination data on access.","No durable command; provider/native-specific replay protection applies.","no"
"POTLUCK_CREATE","Bring a Bit","POTLUCK_CREATE.nav1","Cook","navigation","","LOCAL navigate","","HOME","[]","Preserve the current draft and open the destination.","member","Validate authentication scope, feature flag, resource ownership/membership, current revision and required field constraints on the server for network operations.","401 expired session → login with safe return; 403/404 unavailable → remove restricted content; 409/412 conflict → refresh and review; 422 invalid → inline correction; 429/503 → bounded retry with input retained.","Available locally; reauthorize any destination data on access.","No durable command; provider/native-specific replay protection applies.","no"
"POTLUCK_CREATE","Bring a Bit","POTLUCK_CREATE.nav2","Cookbook","navigation","","LOCAL navigate","","COOKBOOK","[]","Preserve the current draft and open the destination.","member","Validate authentication scope, feature flag, resource ownership/membership, current revision and required field constraints on the server for network operations.","401 expired session → login with safe return; 403/404 unavailable → remove restricted content; 409/412 conflict → refresh and review; 422 invalid → inline correction; 429/503 → bounded retry with input retained.","Available locally; reauthorize any destination data on access.","No durable command; provider/native-specific replay protection applies.","no"
"POTLUCK_CREATE","Bring a Bit","POTLUCK_CREATE.nav3","Inbox","navigation","","LOCAL navigate","","INBOX","[]","Preserve the current draft and open the destination.","member","Validate authentication scope, feature flag, resource ownership/membership, current revision and required field constraints on the server for network operations.","401 expired session → login with safe return; 403/404 unavailable → remove restricted content; 409/412 conflict → refresh and review; 422 invalid → inline correction; 429/503 → bounded retry with input retained.","Available locally; reauthorize any destination data on access.","No durable command; provider/native-specific replay protection applies.","no"
"POTLUCK_CREATE","Bring a Bit","POTLUCK_CREATE.nav4","My Plate","navigation","","LOCAL navigate","","PROFILE_PLATE","[]","Preserve the current draft and open the destination.","member","Validate authentication scope, feature flag, resource ownership/membership, current revision and required field constraints on the server for network operations.","401 expired session → login with safe return; 403/404 unavailable → remove restricted content; 409/412 conflict → refresh and review; 422 invalid → inline correction; 429/503 → bounded retry with input retained.","Available locally; reauthorize any destination data on access.","No durable command; provider/native-specific replay protection applies.","no"
"POTLUCK_DETAIL","One shared dinner","POTLUCK_DETAIL.back","Back","back","","LOCAL navigate","","CIRCLE","[]","Return to previous allowed screen; retain draft/session state. Unsaved destructive exits ask before discarding.","member","Validate authentication scope, feature flag, resource ownership/membership, current revision and required field constraints on the server for network operations.","401 expired session → login with safe return; 403/404 unavailable → remove restricted content; 409/412 conflict → refresh and review; 422 invalid → inline correction; 429/503 → bounded retry with input retained.","Available locally; reauthorize any destination data on access.","No durable command; provider/native-specific replay protection applies.","no"
"POTLUCK_DETAIL","One shared dinner","POTLUCK_DETAIL.01","Bring an ingredient","screen","","LOCAL navigate","","CONTRIBUTION","[]","Preserve the current draft and open the destination.","member","Validate authentication scope, feature flag, resource ownership/membership, current revision and required field constraints on the server for network operations.","401 expired session → login with safe return; 403/404 unavailable → remove restricted content; 409/412 conflict → refresh and review; 422 invalid → inline correction; 429/503 → bounded retry with input retained.","Available locally; reauthorize any destination data on access.","No durable command; provider/native-specific replay protection applies.","no"
"POTLUCK_DETAIL","One shared dinner","POTLUCK_DETAIL.02","Find a meal we can make","screen","","POST /v1/potlucks/{potluckId}/plan","planPotluck","RECOMMENDATIONS","[]","Check accepted participants and required private exclusion constraints; output feasible plan without revealing whose exclusion caused a filter.","member","Validate authentication scope, feature flag, resource ownership/membership, current revision and required field constraints on the server for network operations.","401 expired session → login with safe return; 403/404 unavailable → remove restricted content; 409/412 conflict → refresh and review; 422 invalid → inline correction; 429/503 → bounded retry with input retained.","Retain input and retry online; do not show a durable success before server receipt.","Stable client operation ID for durable command; server idempotency record and transaction receipt. If-Match where versioned.","no"
"POTLUCK_DETAIL","One shared dinner","POTLUCK_DETAIL.03","Claim selected task","screen","","POST /v1/potlucks/{potluckId}/claims","claimPotluckContribution","","[]","Unique assignment plus revision prevents two people claiming the same exclusive contribution.","member","Validate authentication scope, feature flag, resource ownership/membership, current revision and required field constraints on the server for network operations.","401 expired session → login with safe return; 403/404 unavailable → remove restricted content; 409/412 conflict → refresh and review; 422 invalid → inline correction; 429/503 → bounded retry with input retained.","Retain input and retry online; do not show a durable success before server receipt.","Stable client operation ID for durable command; server idempotency record and transaction receipt. If-Match where versioned.","no"
"POTLUCK_DETAIL","One shared dinner","POTLUCK_DETAIL.04","Open meal conversation","screen","","LOCAL navigate","","THREAD","[]","Preserve the current draft and open the destination.","member","Validate authentication scope, feature flag, resource ownership/membership, current revision and required field constraints on the server for network operations.","401 expired session → login with safe return; 403/404 unavailable → remove restricted content; 409/412 conflict → refresh and review; 422 invalid → inline correction; 429/503 → bounded retry with input retained.","Available locally; reauthorize any destination data on access.","No durable command; provider/native-specific replay protection applies.","no"
"POTLUCK_DETAIL","One shared dinner","POTLUCK_DETAIL.05","Lock this meal plan","screen","","POST /v1/potlucks/{potluckId}/confirm","confirmPotluck","","[]","Owner confirms expected plan/contribution revision; notify only participants. Later changes require reconfirmation.","member","Validate authentication scope, feature flag, resource ownership/membership, current revision and required field constraints on the server for network operations.","401 expired session → login with safe return; 403/404 unavailable → remove restricted content; 409/412 conflict → refresh and review; 422 invalid → inline correction; 429/503 → bounded retry with input retained.","Retain input and retry online; do not show a durable success before server receipt.","Stable client operation ID for durable command; server idempotency record and transaction receipt. If-Match where versioned.","no"
"POTLUCK_DETAIL","One shared dinner","POTLUCK_DETAIL.06","Join shared meal","screen","","POST /v1/potlucks/{potluckId}/participation","respondToPotluck","","[]","Accept invitation and explicit sharing scope for this event.","member","Validate authentication scope, feature flag, resource ownership/membership, current revision and required field constraints on the server for network operations.","401 expired session → login with safe return; 403/404 unavailable → remove restricted content; 409/412 conflict → refresh and review; 422 invalid → inline correction; 429/503 → bounded retry with input retained.","Retain input and retry online; do not show a durable success before server receipt.","Stable client operation ID for durable command; server idempotency record and transaction receipt. If-Match where versioned.","no"
"POTLUCK_DETAIL","One shared dinner","POTLUCK_DETAIL.07","Leave shared meal","screen","","POST /v1/potlucks/{potluckId}/participation","respondToPotluck","","[]","Withdraw own participation/contributions and invalidate confirmed plan; owner must transfer/cancel where necessary.","member","Validate authentication scope, feature flag, resource ownership/membership, current revision and required field constraints on the server for network operations.","401 expired session → login with safe return; 403/404 unavailable → remove restricted content; 409/412 conflict → refresh and review; 422 invalid → inline correction; 429/503 → bounded retry with input retained.","Retain input and retry online; do not show a durable success before server receipt.","Stable client operation ID for durable command; server idempotency record and transaction receipt. If-Match where versioned.","yes"
"POTLUCK_DETAIL","One shared dinner","POTLUCK_DETAIL.08","Cancel shared meal","screen","","DELETE /v1/potlucks/{potluckId}","cancelPotluck","CIRCLE","[]","Owner cancels event, releases claims and prevents new activity; independently saved recipes persist.","member","Validate authentication scope, feature flag, resource ownership/membership, current revision and required field constraints on the server for network operations.","401 expired session → login with safe return; 403/404 unavailable → remove restricted content; 409/412 conflict → refresh and review; 422 invalid → inline correction; 429/503 → bounded retry with input retained.","Retain input and retry online; do not show a durable success before server receipt.","Stable client operation ID for durable command; server idempotency record and transaction receipt. If-Match where versioned.","yes"
"POTLUCK_DETAIL","One shared dinner","POTLUCK_DETAIL.09","Update shared meal details","screen","","PATCH /v1/potlucks/{potluckId}","updatePotluck","","[]","Owner changes servings/equipment/time with revision and requires plan reconfirmation.","member","Validate authentication scope, feature flag, resource ownership/membership, current revision and required field constraints on the server for network operations.","401 expired session → login with safe return; 403/404 unavailable → remove restricted content; 409/412 conflict → refresh and review; 422 invalid → inline correction; 429/503 → bounded retry with input retained.","Retain input and retry online; do not show a durable success before server receipt.","Stable client operation ID for durable command; server idempotency record and transaction receipt. If-Match where versioned.","no"
"POTLUCK_DETAIL","One shared dinner","POTLUCK_DETAIL.nav0","Today","navigation","","LOCAL navigate","","TODAY","[]","Preserve the current draft and open the destination.","member","Validate authentication scope, feature flag, resource ownership/membership, current revision and required field constraints on the server for network operations.","401 expired session → login with safe return; 403/404 unavailable → remove restricted content; 409/412 conflict → refresh and review; 422 invalid → inline correction; 429/503 → bounded retry with input retained.","Available locally; reauthorize any destination data on access.","No durable command; provider/native-specific replay protection applies.","no"
"POTLUCK_DETAIL","One shared dinner","POTLUCK_DETAIL.nav1","Cook","navigation","","LOCAL navigate","","HOME","[]","Preserve the current draft and open the destination.","member","Validate authentication scope, feature flag, resource ownership/membership, current revision and required field constraints on the server for network operations.","401 expired session → login with safe return; 403/404 unavailable → remove restricted content; 409/412 conflict → refresh and review; 422 invalid → inline correction; 429/503 → bounded retry with input retained.","Available locally; reauthorize any destination data on access.","No durable command; provider/native-specific replay protection applies.","no"
"POTLUCK_DETAIL","One shared dinner","POTLUCK_DETAIL.nav2","Cookbook","navigation","","LOCAL navigate","","COOKBOOK","[]","Preserve the current draft and open the destination.","member","Validate authentication scope, feature flag, resource ownership/membership, current revision and required field constraints on the server for network operations.","401 expired session → login with safe return; 403/404 unavailable → remove restricted content; 409/412 conflict → refresh and review; 422 invalid → inline correction; 429/503 → bounded retry with input retained.","Available locally; reauthorize any destination data on access.","No durable command; provider/native-specific replay protection applies.","no"
"POTLUCK_DETAIL","One shared dinner","POTLUCK_DETAIL.nav3","Inbox","navigation","","LOCAL navigate","","INBOX","[]","Preserve the current draft and open the destination.","member","Validate authentication scope, feature flag, resource ownership/membership, current revision and required field constraints on the server for network operations.","401 expired session → login with safe return; 403/404 unavailable → remove restricted content; 409/412 conflict → refresh and review; 422 invalid → inline correction; 429/503 → bounded retry with input retained.","Available locally; reauthorize any destination data on access.","No durable command; provider/native-specific replay protection applies.","no"
"POTLUCK_DETAIL","One shared dinner","POTLUCK_DETAIL.nav4","My Plate","navigation","","LOCAL navigate","","PROFILE_PLATE","[]","Preserve the current draft and open the destination.","member","Validate authentication scope, feature flag, resource ownership/membership, current revision and required field constraints on the server for network operations.","401 expired session → login with safe return; 403/404 unavailable → remove restricted content; 409/412 conflict → refresh and review; 422 invalid → inline correction; 429/503 → bounded retry with input retained.","Available locally; reauthorize any destination data on access.","No durable command; provider/native-specific replay protection applies.","no"
"CONTRIBUTION","What can you bring?","CONTRIBUTION.back","Back","back","","LOCAL navigate","","POTLUCK_DETAIL","[]","Return to previous allowed screen; retain draft/session state. Unsaved destructive exits ask before discarding.","member","Validate authentication scope, feature flag, resource ownership/membership, current revision and required field constraints on the server for network operations.","401 expired session → login with safe return; 403/404 unavailable → remove restricted content; 409/412 conflict → refresh and review; 422 invalid → inline correction; 429/503 → bounded retry with input retained.","Available locally; reauthorize any destination data on access.","No durable command; provider/native-specific replay protection applies.","no"
"CONTRIBUTION","What can you bring?","CONTRIBUTION.01","Add my contribution","screen","","POST /v1/potlucks/{potluckId}/contributions","addContribution","POTLUCK_DETAIL","[]","Validate user membership, ingredient identity and quantity unit; revision-invalidate draft shared plan.","member","Validate authentication scope, feature flag, resource ownership/membership, current revision and required field constraints on the server for network operations.","401 expired session → login with safe return; 403/404 unavailable → remove restricted content; 409/412 conflict → refresh and review; 422 invalid → inline correction; 429/503 → bounded retry with input retained.","Retain input and retry online; do not show a durable success before server receipt.","Stable client operation ID for durable command; server idempotency record and transaction receipt. If-Match where versioned.","no"
"CONTRIBUTION","What can you bring?","CONTRIBUTION.02","Remove my contribution","screen","","DELETE /v1/potlucks/{potluckId}/contributions/{contributionId}","removeContribution","POTLUCK_DETAIL","[]","Owner of contribution may withdraw; require plan reconfirmation rather than silently changing confirmed meal.","member","Validate authentication scope, feature flag, resource ownership/membership, current revision and required field constraints on the server for network operations.","401 expired session → login with safe return; 403/404 unavailable → remove restricted content; 409/412 conflict → refresh and review; 422 invalid → inline correction; 429/503 → bounded retry with input retained.","Retain input and retry online; do not show a durable success before server receipt.","Stable client operation ID for durable command; server idempotency record and transaction receipt. If-Match where versioned.","no"
"CONTRIBUTION","What can you bring?","CONTRIBUTION.nav0","Today","navigation","","LOCAL navigate","","TODAY","[]","Preserve the current draft and open the destination.","member","Validate authentication scope, feature flag, resource ownership/membership, current revision and required field constraints on the server for network operations.","401 expired session → login with safe return; 403/404 unavailable → remove restricted content; 409/412 conflict → refresh and review; 422 invalid → inline correction; 429/503 → bounded retry with input retained.","Available locally; reauthorize any destination data on access.","No durable command; provider/native-specific replay protection applies.","no"
"CONTRIBUTION","What can you bring?","CONTRIBUTION.nav1","Cook","navigation","","LOCAL navigate","","HOME","[]","Preserve the current draft and open the destination.","member","Validate authentication scope, feature flag, resource ownership/membership, current revision and required field constraints on the server for network operations.","401 expired session → login with safe return; 403/404 unavailable → remove restricted content; 409/412 conflict → refresh and review; 422 invalid → inline correction; 429/503 → bounded retry with input retained.","Available locally; reauthorize any destination data on access.","No durable command; provider/native-specific replay protection applies.","no"
"CONTRIBUTION","What can you bring?","CONTRIBUTION.nav2","Cookbook","navigation","","LOCAL navigate","","COOKBOOK","[]","Preserve the current draft and open the destination.","member","Validate authentication scope, feature flag, resource ownership/membership, current revision and required field constraints on the server for network operations.","401 expired session → login with safe return; 403/404 unavailable → remove restricted content; 409/412 conflict → refresh and review; 422 invalid → inline correction; 429/503 → bounded retry with input retained.","Available locally; reauthorize any destination data on access.","No durable command; provider/native-specific replay protection applies.","no"
"CONTRIBUTION","What can you bring?","CONTRIBUTION.nav3","Inbox","navigation","","LOCAL navigate","","INBOX","[]","Preserve the current draft and open the destination.","member","Validate authentication scope, feature flag, resource ownership/membership, current revision and required field constraints on the server for network operations.","401 expired session → login with safe return; 403/404 unavailable → remove restricted content; 409/412 conflict → refresh and review; 422 invalid → inline correction; 429/503 → bounded retry with input retained.","Available locally; reauthorize any destination data on access.","No durable command; provider/native-specific replay protection applies.","no"
"CONTRIBUTION","What can you bring?","CONTRIBUTION.nav4","My Plate","navigation","","LOCAL navigate","","PROFILE_PLATE","[]","Preserve the current draft and open the destination.","member","Validate authentication scope, feature flag, resource ownership/membership, current revision and required field constraints on the server for network operations.","401 expired session → login with safe return; 403/404 unavailable → remove restricted content; 409/412 conflict → refresh and review; 422 invalid → inline correction; 429/503 → bounded retry with input retained.","Available locally; reauthorize any destination data on access.","No durable command; provider/native-specific replay protection applies.","no"
"SHORTCUT_CREATE","The thing that made it easier","SHORTCUT_CREATE.back","Back","back","","LOCAL navigate","","RECIPE","[]","Return to previous allowed screen; retain draft/session state. Unsaved destructive exits ask before discarding.","member","Validate authentication scope, feature flag, resource ownership/membership, current revision and required field constraints on the server for network operations.","401 expired session → login with safe return; 403/404 unavailable → remove restricted content; 409/412 conflict → refresh and review; 422 invalid → inline correction; 429/503 → bounded retry with input retained.","Available locally; reauthorize any destination data on access.","No durable command; provider/native-specific replay protection applies.","no"
"SHORTCUT_CREATE","The thing that made it easier","SHORTCUT_CREATE.01","Share shortcut","screen","","POST /v1/shortcuts","createShortcut","SHORTCUT_DETAIL","[]","Store author tip, source revision and audience; run moderation workflow, visibly label as community tip.","member","Validate authentication scope, feature flag, resource ownership/membership, current revision and required field constraints on the server for network operations.","401 expired session → login with safe return; 403/404 unavailable → remove restricted content; 409/412 conflict → refresh and review; 422 invalid → inline correction; 429/503 → bounded retry with input retained.","Retain input and retry online; do not show a durable success before server receipt.","Stable client operation ID for durable command; server idempotency record and transaction receipt. If-Match where versioned.","no"
"SHORTCUT_CREATE","The thing that made it easier","SHORTCUT_CREATE.02","Cancel","screen","","LOCAL navigate","","RECIPE","[]","Preserve the current draft and open the destination.","member","Validate authentication scope, feature flag, resource ownership/membership, current revision and required field constraints on the server for network operations.","401 expired session → login with safe return; 403/404 unavailable → remove restricted content; 409/412 conflict → refresh and review; 422 invalid → inline correction; 429/503 → bounded retry with input retained.","Available locally; reauthorize any destination data on access.","No durable command; provider/native-specific replay protection applies.","no"
"SHORTCUT_CREATE","The thing that made it easier","SHORTCUT_CREATE.nav0","Today","navigation","","LOCAL navigate","","TODAY","[]","Preserve the current draft and open the destination.","member","Validate authentication scope, feature flag, resource ownership/membership, current revision and required field constraints on the server for network operations.","401 expired session → login with safe return; 403/404 unavailable → remove restricted content; 409/412 conflict → refresh and review; 422 invalid → inline correction; 429/503 → bounded retry with input retained.","Available locally; reauthorize any destination data on access.","No durable command; provider/native-specific replay protection applies.","no"
"SHORTCUT_CREATE","The thing that made it easier","SHORTCUT_CREATE.nav1","Cook","navigation","","LOCAL navigate","","HOME","[]","Preserve the current draft and open the destination.","member","Validate authentication scope, feature flag, resource ownership/membership, current revision and required field constraints on the server for network operations.","401 expired session → login with safe return; 403/404 unavailable → remove restricted content; 409/412 conflict → refresh and review; 422 invalid → inline correction; 429/503 → bounded retry with input retained.","Available locally; reauthorize any destination data on access.","No durable command; provider/native-specific replay protection applies.","no"
"SHORTCUT_CREATE","The thing that made it easier","SHORTCUT_CREATE.nav2","Cookbook","navigation","","LOCAL navigate","","COOKBOOK","[]","Preserve the current draft and open the destination.","member","Validate authentication scope, feature flag, resource ownership/membership, current revision and required field constraints on the server for network operations.","401 expired session → login with safe return; 403/404 unavailable → remove restricted content; 409/412 conflict → refresh and review; 422 invalid → inline correction; 429/503 → bounded retry with input retained.","Available locally; reauthorize any destination data on access.","No durable command; provider/native-specific replay protection applies.","no"
"SHORTCUT_CREATE","The thing that made it easier","SHORTCUT_CREATE.nav3","Inbox","navigation","","LOCAL navigate","","INBOX","[]","Preserve the current draft and open the destination.","member","Validate authentication scope, feature flag, resource ownership/membership, current revision and required field constraints on the server for network operations.","401 expired session → login with safe return; 403/404 unavailable → remove restricted content; 409/412 conflict → refresh and review; 422 invalid → inline correction; 429/503 → bounded retry with input retained.","Available locally; reauthorize any destination data on access.","No durable command; provider/native-specific replay protection applies.","no"
"SHORTCUT_CREATE","The thing that made it easier","SHORTCUT_CREATE.nav4","My Plate","navigation","","LOCAL navigate","","PROFILE_PLATE","[]","Preserve the current draft and open the destination.","member","Validate authentication scope, feature flag, resource ownership/membership, current revision and required field constraints on the server for network operations.","401 expired session → login with safe return; 403/404 unavailable → remove restricted content; 409/412 conflict → refresh and review; 422 invalid → inline correction; 429/503 → bounded retry with input retained.","Available locally; reauthorize any destination data on access.","No durable command; provider/native-specific replay protection applies.","no"
"SHORTCUT_DETAIL","Shortcut Swap","SHORTCUT_DETAIL.back","Back","back","","LOCAL navigate","","RECIPE","[]","Return to previous allowed screen; retain draft/session state. Unsaved destructive exits ask before discarding.","member","Validate authentication scope, feature flag, resource ownership/membership, current revision and required field constraints on the server for network operations.","401 expired session → login with safe return; 403/404 unavailable → remove restricted content; 409/412 conflict → refresh and review; 422 invalid → inline correction; 429/503 → bounded retry with input retained.","Available locally; reauthorize any destination data on access.","No durable command; provider/native-specific replay protection applies.","no"
"SHORTCUT_DETAIL","Shortcut Swap","SHORTCUT_DETAIL.01","Save this tip","screen","","POST /v1/shortcuts/{shortcutId}/saves","saveShortcut","","[]","Save permitted private tip reference with attribution; recheck revocation before display.","member","Validate authentication scope, feature flag, resource ownership/membership, current revision and required field constraints on the server for network operations.","401 expired session → login with safe return; 403/404 unavailable → remove restricted content; 409/412 conflict → refresh and review; 422 invalid → inline correction; 429/503 → bounded retry with input retained.","Retain input and retry online; do not show a durable success before server receipt.","Stable client operation ID for durable command; server idempotency record and transaction receipt. If-Match where versioned.","no"
"SHORTCUT_DETAIL","Shortcut Swap","SHORTCUT_DETAIL.02","Helpful","screen","","POST /v1/shortcuts/{shortcutId}/helpful","setShortcutHelpful","","[]","One actor state per tip; no inference that popularity means safety review.","member","Validate authentication scope, feature flag, resource ownership/membership, current revision and required field constraints on the server for network operations.","401 expired session → login with safe return; 403/404 unavailable → remove restricted content; 409/412 conflict → refresh and review; 422 invalid → inline correction; 429/503 → bounded retry with input retained.","Retain input and retry online; do not show a durable success before server receipt.","Stable client operation ID for durable command; server idempotency record and transaction receipt. If-Match where versioned.","no"
"SHORTCUT_DETAIL","Shortcut Swap","SHORTCUT_DETAIL.03","Open recipe","screen","","LOCAL navigate","","RECIPE","[]","Preserve the current draft and open the destination.","member","Validate authentication scope, feature flag, resource ownership/membership, current revision and required field constraints on the server for network operations.","401 expired session → login with safe return; 403/404 unavailable → remove restricted content; 409/412 conflict → refresh and review; 422 invalid → inline correction; 429/503 → bounded retry with input retained.","Available locally; reauthorize any destination data on access.","No durable command; provider/native-specific replay protection applies.","no"
"SHORTCUT_DETAIL","Shortcut Swap","SHORTCUT_DETAIL.04","Report tip","screen","","LOCAL navigate","","REPORT","[]","Preserve the current draft and open the destination.","member","Validate authentication scope, feature flag, resource ownership/membership, current revision and required field constraints on the server for network operations.","401 expired session → login with safe return; 403/404 unavailable → remove restricted content; 409/412 conflict → refresh and review; 422 invalid → inline correction; 429/503 → bounded retry with input retained.","Available locally; reauthorize any destination data on access.","No durable command; provider/native-specific replay protection applies.","no"
"SHORTCUT_DETAIL","Shortcut Swap","SHORTCUT_DETAIL.05","Share my shortcut","screen","","LOCAL navigate","","SHORTCUT_CREATE","[]","Preserve the current draft and open the destination.","member","Validate authentication scope, feature flag, resource ownership/membership, current revision and required field constraints on the server for network operations.","401 expired session → login with safe return; 403/404 unavailable → remove restricted content; 409/412 conflict → refresh and review; 422 invalid → inline correction; 429/503 → bounded retry with input retained.","Available locally; reauthorize any destination data on access.","No durable command; provider/native-specific replay protection applies.","no"
"SHORTCUT_DETAIL","Shortcut Swap","SHORTCUT_DETAIL.06","Withdraw my shortcut","screen","","DELETE /v1/shortcuts/{shortcutId}","deleteShortcut","RECIPE","[]","Author removes tip from future social display and flags private references unavailable; never edit reviewed recipe steps.","member","Validate authentication scope, feature flag, resource ownership/membership, current revision and required field constraints on the server for network operations.","401 expired session → login with safe return; 403/404 unavailable → remove restricted content; 409/412 conflict → refresh and review; 422 invalid → inline correction; 429/503 → bounded retry with input retained.","Retain input and retry online; do not show a durable success before server receipt.","Stable client operation ID for durable command; server idempotency record and transaction receipt. If-Match where versioned.","yes"
"SHORTCUT_DETAIL","Shortcut Swap","SHORTCUT_DETAIL.07","Keep as my cooking note","screen","","PATCH /v1/cook-sessions/{sessionId}","updateCookSession","COOK","[]","Attach explicit community tip text as a private personal note; reviewed steps stay unchanged and the note retains its unreviewed label.","member","Validate authentication scope, feature flag, resource ownership/membership, current revision and required field constraints on the server for network operations.","401 expired session → login with safe return; 403/404 unavailable → remove restricted content; 409/412 conflict → refresh and review; 422 invalid → inline correction; 429/503 → bounded retry with input retained.","Retain input and retry online; do not show a durable success before server receipt.","Stable client operation ID for durable command; server idempotency record and transaction receipt. If-Match where versioned.","no"
"SHORTCUT_DETAIL","Shortcut Swap","SHORTCUT_DETAIL.nav0","Today","navigation","","LOCAL navigate","","TODAY","[]","Preserve the current draft and open the destination.","member","Validate authentication scope, feature flag, resource ownership/membership, current revision and required field constraints on the server for network operations.","401 expired session → login with safe return; 403/404 unavailable → remove restricted content; 409/412 conflict → refresh and review; 422 invalid → inline correction; 429/503 → bounded retry with input retained.","Available locally; reauthorize any destination data on access.","No durable command; provider/native-specific replay protection applies.","no"
"SHORTCUT_DETAIL","Shortcut Swap","SHORTCUT_DETAIL.nav1","Cook","navigation","","LOCAL navigate","","HOME","[]","Preserve the current draft and open the destination.","member","Validate authentication scope, feature flag, resource ownership/membership, current revision and required field constraints on the server for network operations.","401 expired session → login with safe return; 403/404 unavailable → remove restricted content; 409/412 conflict → refresh and review; 422 invalid → inline correction; 429/503 → bounded retry with input retained.","Available locally; reauthorize any destination data on access.","No durable command; provider/native-specific replay protection applies.","no"
"SHORTCUT_DETAIL","Shortcut Swap","SHORTCUT_DETAIL.nav2","Cookbook","navigation","","LOCAL navigate","","COOKBOOK","[]","Preserve the current draft and open the destination.","member","Validate authentication scope, feature flag, resource ownership/membership, current revision and required field constraints on the server for network operations.","401 expired session → login with safe return; 403/404 unavailable → remove restricted content; 409/412 conflict → refresh and review; 422 invalid → inline correction; 429/503 → bounded retry with input retained.","Available locally; reauthorize any destination data on access.","No durable command; provider/native-specific replay protection applies.","no"
"SHORTCUT_DETAIL","Shortcut Swap","SHORTCUT_DETAIL.nav3","Inbox","navigation","","LOCAL navigate","","INBOX","[]","Preserve the current draft and open the destination.","member","Validate authentication scope, feature flag, resource ownership/membership, current revision and required field constraints on the server for network operations.","401 expired session → login with safe return; 403/404 unavailable → remove restricted content; 409/412 conflict → refresh and review; 422 invalid → inline correction; 429/503 → bounded retry with input retained.","Available locally; reauthorize any destination data on access.","No durable command; provider/native-specific replay protection applies.","no"
"SHORTCUT_DETAIL","Shortcut Swap","SHORTCUT_DETAIL.nav4","My Plate","navigation","","LOCAL navigate","","PROFILE_PLATE","[]","Preserve the current draft and open the destination.","member","Validate authentication scope, feature flag, resource ownership/membership, current revision and required field constraints on the server for network operations.","401 expired session → login with safe return; 403/404 unavailable → remove restricted content; 409/412 conflict → refresh and review; 422 invalid → inline correction; 429/503 → bounded retry with input retained.","Available locally; reauthorize any destination data on access.","No durable command; provider/native-specific replay protection applies.","no"
"POLL_CREATE","Dinner Vote","POLL_CREATE.back","Back","back","","LOCAL navigate","","CIRCLE","[]","Return to previous allowed screen; retain draft/session state. Unsaved destructive exits ask before discarding.","member","Validate authentication scope, feature flag, resource ownership/membership, current revision and required field constraints on the server for network operations.","401 expired session → login with safe return; 403/404 unavailable → remove restricted content; 409/412 conflict → refresh and review; 422 invalid → inline correction; 429/503 → bounded retry with input retained.","Available locally; reauthorize any destination data on access.","No durable command; provider/native-specific replay protection applies.","no"
"POLL_CREATE","Dinner Vote","POLL_CREATE.01","Choose option A","screen","","LOCAL navigate","","COOKBOOK","[]","Open a scoped recipe picker for poll option A. On selection return to POLL_CREATE with a permitted recipe/source reference; cancel returns to POLL_CREATE with its previous draft unchanged. Preserve draft/editPost/fulfillRequest mode throughout. Private-only saved source content cannot be reattached as redistributable text.","member","Validate authentication scope, feature flag, resource ownership/membership, current revision and required field constraints on the server for network operations.","401 expired session → login with safe return; 403/404 unavailable → remove restricted content; 409/412 conflict → refresh and review; 422 invalid → inline correction; 429/503 → bounded retry with input retained.","Available locally; reauthorize any destination data on access.","No durable command; provider/native-specific replay protection applies.","no"
"POLL_CREATE","Dinner Vote","POLL_CREATE.02","Choose option B","screen","","LOCAL navigate","","COOKBOOK","[]","Open a scoped recipe picker for poll option B. On selection return to POLL_CREATE with a permitted recipe/source reference; cancel returns to POLL_CREATE with its previous draft unchanged. Preserve draft/editPost/fulfillRequest mode throughout. Private-only saved source content cannot be reattached as redistributable text.","member","Validate authentication scope, feature flag, resource ownership/membership, current revision and required field constraints on the server for network operations.","401 expired session → login with safe return; 403/404 unavailable → remove restricted content; 409/412 conflict → refresh and review; 422 invalid → inline correction; 429/503 → bounded retry with input retained.","Available locally; reauthorize any destination data on access.","No durable command; provider/native-specific replay protection applies.","no"
"POLL_CREATE","Dinner Vote","POLL_CREATE.03","Ask my circle","screen","","POST /v1/polls","createPoll","POLL_DETAIL","[]","Validate two distinct supported choices, close time and membership; create poll and outbox once.","member","Validate authentication scope, feature flag, resource ownership/membership, current revision and required field constraints on the server for network operations.","401 expired session → login with safe return; 403/404 unavailable → remove restricted content; 409/412 conflict → refresh and review; 422 invalid → inline correction; 429/503 → bounded retry with input retained.","Retain input and retry online; do not show a durable success before server receipt.","Stable client operation ID for durable command; server idempotency record and transaction receipt. If-Match where versioned.","no"
"POLL_CREATE","Dinner Vote","POLL_CREATE.nav0","Today","navigation","","LOCAL navigate","","TODAY","[]","Preserve the current draft and open the destination.","member","Validate authentication scope, feature flag, resource ownership/membership, current revision and required field constraints on the server for network operations.","401 expired session → login with safe return; 403/404 unavailable → remove restricted content; 409/412 conflict → refresh and review; 422 invalid → inline correction; 429/503 → bounded retry with input retained.","Available locally; reauthorize any destination data on access.","No durable command; provider/native-specific replay protection applies.","no"
"POLL_CREATE","Dinner Vote","POLL_CREATE.nav1","Cook","navigation","","LOCAL navigate","","HOME","[]","Preserve the current draft and open the destination.","member","Validate authentication scope, feature flag, resource ownership/membership, current revision and required field constraints on the server for network operations.","401 expired session → login with safe return; 403/404 unavailable → remove restricted content; 409/412 conflict → refresh and review; 422 invalid → inline correction; 429/503 → bounded retry with input retained.","Available locally; reauthorize any destination data on access.","No durable command; provider/native-specific replay protection applies.","no"
"POLL_CREATE","Dinner Vote","POLL_CREATE.nav2","Cookbook","navigation","","LOCAL navigate","","COOKBOOK","[]","Preserve the current draft and open the destination.","member","Validate authentication scope, feature flag, resource ownership/membership, current revision and required field constraints on the server for network operations.","401 expired session → login with safe return; 403/404 unavailable → remove restricted content; 409/412 conflict → refresh and review; 422 invalid → inline correction; 429/503 → bounded retry with input retained.","Available locally; reauthorize any destination data on access.","No durable command; provider/native-specific replay protection applies.","no"
"POLL_CREATE","Dinner Vote","POLL_CREATE.nav3","Inbox","navigation","","LOCAL navigate","","INBOX","[]","Preserve the current draft and open the destination.","member","Validate authentication scope, feature flag, resource ownership/membership, current revision and required field constraints on the server for network operations.","401 expired session → login with safe return; 403/404 unavailable → remove restricted content; 409/412 conflict → refresh and review; 422 invalid → inline correction; 429/503 → bounded retry with input retained.","Available locally; reauthorize any destination data on access.","No durable command; provider/native-specific replay protection applies.","no"
"POLL_CREATE","Dinner Vote","POLL_CREATE.nav4","My Plate","navigation","","LOCAL navigate","","PROFILE_PLATE","[]","Preserve the current draft and open the destination.","member","Validate authentication scope, feature flag, resource ownership/membership, current revision and required field constraints on the server for network operations.","401 expired session → login with safe return; 403/404 unavailable → remove restricted content; 409/412 conflict → refresh and review; 422 invalid → inline correction; 429/503 → bounded retry with input retained.","Available locally; reauthorize any destination data on access.","No durable command; provider/native-specific replay protection applies.","no"
"POLL_DETAIL","Help choose dinner","POLL_DETAIL.back","Back","back","","LOCAL navigate","","CIRCLE","[]","Return to previous allowed screen; retain draft/session state. Unsaved destructive exits ask before discarding.","member","Validate authentication scope, feature flag, resource ownership/membership, current revision and required field constraints on the server for network operations.","401 expired session → login with safe return; 403/404 unavailable → remove restricted content; 409/412 conflict → refresh and review; 422 invalid → inline correction; 429/503 → bounded retry with input retained.","Available locally; reauthorize any destination data on access.","No durable command; provider/native-specific replay protection applies.","no"
"POLL_DETAIL","Help choose dinner","POLL_DETAIL.01","Vote for A","screen","","POST /v1/polls/{pollId}/votes","voteInPoll","","[]","Upsert one vote per eligible actor before server-side deadline.","member","Validate authentication scope, feature flag, resource ownership/membership, current revision and required field constraints on the server for network operations.","401 expired session → login with safe return; 403/404 unavailable → remove restricted content; 409/412 conflict → refresh and review; 422 invalid → inline correction; 429/503 → bounded retry with input retained.","Retain input and retry online; do not show a durable success before server receipt.","Stable client operation ID for durable command; server idempotency record and transaction receipt. If-Match where versioned.","no"
"POLL_DETAIL","Help choose dinner","POLL_DETAIL.02","Vote for B","screen","","POST /v1/polls/{pollId}/votes","voteInPoll","","[]","Replace own vote idempotently; reject after closure.","member","Validate authentication scope, feature flag, resource ownership/membership, current revision and required field constraints on the server for network operations.","401 expired session → login with safe return; 403/404 unavailable → remove restricted content; 409/412 conflict → refresh and review; 422 invalid → inline correction; 429/503 → bounded retry with input retained.","Retain input and retry online; do not show a durable success before server receipt.","Stable client operation ID for durable command; server idempotency record and transaction receipt. If-Match where versioned.","no"
"POLL_DETAIL","Help choose dinner","POLL_DETAIL.03","Make option A mine","screen","","LOCAL navigate","","ADAPT","[]","Preserve the current draft and open the destination.","member","Validate authentication scope, feature flag, resource ownership/membership, current revision and required field constraints on the server for network operations.","401 expired session → login with safe return; 403/404 unavailable → remove restricted content; 409/412 conflict → refresh and review; 422 invalid → inline correction; 429/503 → bounded retry with input retained.","Available locally; reauthorize any destination data on access.","No durable command; provider/native-specific replay protection applies.","no"
"POLL_DETAIL","Help choose dinner","POLL_DETAIL.04","Make option B mine","screen","","LOCAL navigate","","ADAPT","[]","Preserve the current draft and open the destination.","member","Validate authentication scope, feature flag, resource ownership/membership, current revision and required field constraints on the server for network operations.","401 expired session → login with safe return; 403/404 unavailable → remove restricted content; 409/412 conflict → refresh and review; 422 invalid → inline correction; 429/503 → bounded retry with input retained.","Available locally; reauthorize any destination data on access.","No durable command; provider/native-specific replay protection applies.","no"
"POLL_DETAIL","Help choose dinner","POLL_DETAIL.05","Close my poll","screen","","POST /v1/polls/{pollId}/close","closePoll","","[]","Owner closes once; never use client clock to decide final eligibility.","member","Validate authentication scope, feature flag, resource ownership/membership, current revision and required field constraints on the server for network operations.","401 expired session → login with safe return; 403/404 unavailable → remove restricted content; 409/412 conflict → refresh and review; 422 invalid → inline correction; 429/503 → bounded retry with input retained.","Retain input and retry online; do not show a durable success before server receipt.","Stable client operation ID for durable command; server idempotency record and transaction receipt. If-Match where versioned.","no"
"POLL_DETAIL","Help choose dinner","POLL_DETAIL.06","Remove my vote","screen","","DELETE /v1/polls/{pollId}/votes/me","removePollVote","","[]","Remove actor vote before server-side closing time; closed polls reject changes.","member","Validate authentication scope, feature flag, resource ownership/membership, current revision and required field constraints on the server for network operations.","401 expired session → login with safe return; 403/404 unavailable → remove restricted content; 409/412 conflict → refresh and review; 422 invalid → inline correction; 429/503 → bounded retry with input retained.","Retain input and retry online; do not show a durable success before server receipt.","Stable client operation ID for durable command; server idempotency record and transaction receipt. If-Match where versioned.","no"
"POLL_DETAIL","Help choose dinner","POLL_DETAIL.nav0","Today","navigation","","LOCAL navigate","","TODAY","[]","Preserve the current draft and open the destination.","member","Validate authentication scope, feature flag, resource ownership/membership, current revision and required field constraints on the server for network operations.","401 expired session → login with safe return; 403/404 unavailable → remove restricted content; 409/412 conflict → refresh and review; 422 invalid → inline correction; 429/503 → bounded retry with input retained.","Available locally; reauthorize any destination data on access.","No durable command; provider/native-specific replay protection applies.","no"
"POLL_DETAIL","Help choose dinner","POLL_DETAIL.nav1","Cook","navigation","","LOCAL navigate","","HOME","[]","Preserve the current draft and open the destination.","member","Validate authentication scope, feature flag, resource ownership/membership, current revision and required field constraints on the server for network operations.","401 expired session → login with safe return; 403/404 unavailable → remove restricted content; 409/412 conflict → refresh and review; 422 invalid → inline correction; 429/503 → bounded retry with input retained.","Available locally; reauthorize any destination data on access.","No durable command; provider/native-specific replay protection applies.","no"
"POLL_DETAIL","Help choose dinner","POLL_DETAIL.nav2","Cookbook","navigation","","LOCAL navigate","","COOKBOOK","[]","Preserve the current draft and open the destination.","member","Validate authentication scope, feature flag, resource ownership/membership, current revision and required field constraints on the server for network operations.","401 expired session → login with safe return; 403/404 unavailable → remove restricted content; 409/412 conflict → refresh and review; 422 invalid → inline correction; 429/503 → bounded retry with input retained.","Available locally; reauthorize any destination data on access.","No durable command; provider/native-specific replay protection applies.","no"
"POLL_DETAIL","Help choose dinner","POLL_DETAIL.nav3","Inbox","navigation","","LOCAL navigate","","INBOX","[]","Preserve the current draft and open the destination.","member","Validate authentication scope, feature flag, resource ownership/membership, current revision and required field constraints on the server for network operations.","401 expired session → login with safe return; 403/404 unavailable → remove restricted content; 409/412 conflict → refresh and review; 422 invalid → inline correction; 429/503 → bounded retry with input retained.","Available locally; reauthorize any destination data on access.","No durable command; provider/native-specific replay protection applies.","no"
"POLL_DETAIL","Help choose dinner","POLL_DETAIL.nav4","My Plate","navigation","","LOCAL navigate","","PROFILE_PLATE","[]","Preserve the current draft and open the destination.","member","Validate authentication scope, feature flag, resource ownership/membership, current revision and required field constraints on the server for network operations.","401 expired session → login with safe return; 403/404 unavailable → remove restricted content; 409/412 conflict → refresh and review; 422 invalid → inline correction; 429/503 → bounded retry with input retained.","Available locally; reauthorize any destination data on access.","No durable command; provider/native-specific replay protection applies.","no"
"VIDEO_EDIT","A little food clip","VIDEO_EDIT.back","Back","back","","LOCAL navigate","","CAPTURE","[]","Return to previous allowed screen; retain draft/session state. Unsaved destructive exits ask before discarding.","member","Validate authentication scope, feature flag, resource ownership/membership, current revision and required field constraints on the server for network operations.","401 expired session → login with safe return; 403/404 unavailable → remove restricted content; 409/412 conflict → refresh and review; 422 invalid → inline correction; 429/503 → bounded retry with input retained.","Available locally; reauthorize any destination data on access.","No durable command; provider/native-specific replay protection applies.","no"
"VIDEO_EDIT","A little food clip","VIDEO_EDIT.01","Choose clip","screen","","EXTERNAL OS.photoPickerVideo","","","[]","Use limited picker; enforce configured duration/size/codec bounds before upload.","member","Validate authentication scope, feature flag, resource ownership/membership, current revision and required field constraints on the server for network operations.","401 expired session → login with safe return; 403/404 unavailable → remove restricted content; 409/412 conflict → refresh and review; 422 invalid → inline correction; 429/503 → bounded retry with input retained.","Retain input and retry online; do not show a durable success before server receipt.","No durable command; provider/native-specific replay protection applies.","no"
"VIDEO_EDIT","A little food clip","VIDEO_EDIT.02","Trim clip","screen","","LOCAL update","","","[]","Save non-destructive trim range locally; show final duration and upload estimate.","member","Validate authentication scope, feature flag, resource ownership/membership, current revision and required field constraints on the server for network operations.","401 expired session → login with safe return; 403/404 unavailable → remove restricted content; 409/412 conflict → refresh and review; 422 invalid → inline correction; 429/503 → bounded retry with input retained.","Available locally; reauthorize any destination data on access.","No durable command; provider/native-specific replay protection applies.","no"
"VIDEO_EDIT","A little food clip","VIDEO_EDIT.03","Upload and process","screen","","POST /v1/media","prepareMediaUpload","PUBLISH_STATUS","[]","Obtain intent, upload into quarantine, complete intent and transcode/scan asynchronously with stable media ID.","member","Validate authentication scope, feature flag, resource ownership/membership, current revision and required field constraints on the server for network operations.","401 expired session → login with safe return; 403/404 unavailable → remove restricted content; 409/412 conflict → refresh and review; 422 invalid → inline correction; 429/503 → bounded retry with input retained.","Retain input and retry online; do not show a durable success before server receipt.","Stable client operation ID for durable command; server idempotency record and transaction receipt. If-Match where versioned.","no"
"VIDEO_EDIT","A little food clip","VIDEO_EDIT.04","Attach recipe","screen","","LOCAL navigate","","ATTACH_RECIPE","[]","Preserve the current draft and open the destination.","member","Validate authentication scope, feature flag, resource ownership/membership, current revision and required field constraints on the server for network operations.","401 expired session → login with safe return; 403/404 unavailable → remove restricted content; 409/412 conflict → refresh and review; 422 invalid → inline correction; 429/503 → bounded retry with input retained.","Available locally; reauthorize any destination data on access.","No durable command; provider/native-specific replay protection applies.","no"
"VIDEO_EDIT","A little food clip","VIDEO_EDIT.05","Use a photo instead","screen","","LOCAL navigate","","CAPTURE","[]","Preserve the current draft and open the destination.","member","Validate authentication scope, feature flag, resource ownership/membership, current revision and required field constraints on the server for network operations.","401 expired session → login with safe return; 403/404 unavailable → remove restricted content; 409/412 conflict → refresh and review; 422 invalid → inline correction; 429/503 → bounded retry with input retained.","Available locally; reauthorize any destination data on access.","No durable command; provider/native-specific replay protection applies.","no"
"VIDEO_EDIT","A little food clip","VIDEO_EDIT.nav0","Today","navigation","","LOCAL navigate","","TODAY","[]","Preserve the current draft and open the destination.","member","Validate authentication scope, feature flag, resource ownership/membership, current revision and required field constraints on the server for network operations.","401 expired session → login with safe return; 403/404 unavailable → remove restricted content; 409/412 conflict → refresh and review; 422 invalid → inline correction; 429/503 → bounded retry with input retained.","Available locally; reauthorize any destination data on access.","No durable command; provider/native-specific replay protection applies.","no"
"VIDEO_EDIT","A little food clip","VIDEO_EDIT.nav1","Cook","navigation","","LOCAL navigate","","HOME","[]","Preserve the current draft and open the destination.","member","Validate authentication scope, feature flag, resource ownership/membership, current revision and required field constraints on the server for network operations.","401 expired session → login with safe return; 403/404 unavailable → remove restricted content; 409/412 conflict → refresh and review; 422 invalid → inline correction; 429/503 → bounded retry with input retained.","Available locally; reauthorize any destination data on access.","No durable command; provider/native-specific replay protection applies.","no"
"VIDEO_EDIT","A little food clip","VIDEO_EDIT.nav2","Cookbook","navigation","","LOCAL navigate","","COOKBOOK","[]","Preserve the current draft and open the destination.","member","Validate authentication scope, feature flag, resource ownership/membership, current revision and required field constraints on the server for network operations.","401 expired session → login with safe return; 403/404 unavailable → remove restricted content; 409/412 conflict → refresh and review; 422 invalid → inline correction; 429/503 → bounded retry with input retained.","Available locally; reauthorize any destination data on access.","No durable command; provider/native-specific replay protection applies.","no"
"VIDEO_EDIT","A little food clip","VIDEO_EDIT.nav3","Inbox","navigation","","LOCAL navigate","","INBOX","[]","Preserve the current draft and open the destination.","member","Validate authentication scope, feature flag, resource ownership/membership, current revision and required field constraints on the server for network operations.","401 expired session → login with safe return; 403/404 unavailable → remove restricted content; 409/412 conflict → refresh and review; 422 invalid → inline correction; 429/503 → bounded retry with input retained.","Available locally; reauthorize any destination data on access.","No durable command; provider/native-specific replay protection applies.","no"
"VIDEO_EDIT","A little food clip","VIDEO_EDIT.nav4","My Plate","navigation","","LOCAL navigate","","PROFILE_PLATE","[]","Preserve the current draft and open the destination.","member","Validate authentication scope, feature flag, resource ownership/membership, current revision and required field constraints on the server for network operations.","401 expired session → login with safe return; 403/404 unavailable → remove restricted content; 409/412 conflict → refresh and review; 422 invalid → inline correction; 429/503 → bounded retry with input retained.","Available locally; reauthorize any destination data on access.","No durable command; provider/native-specific replay protection applies.","no"
"HOUSEHOLDS","Your household","HOUSEHOLDS.back","Back","back","","LOCAL navigate","","SETTINGS","[]","Return to previous allowed screen; retain draft/session state. Unsaved destructive exits ask before discarding.","member","Validate authentication scope, feature flag, resource ownership/membership, current revision and required field constraints on the server for network operations.","401 expired session → login with safe return; 403/404 unavailable → remove restricted content; 409/412 conflict → refresh and review; 422 invalid → inline correction; 429/503 → bounded retry with input retained.","Available locally; reauthorize any destination data on access.","No durable command; provider/native-specific replay protection applies.","no"
"HOUSEHOLDS","Your household","HOUSEHOLDS.01","Create household","screen","","POST /v1/households","createHousehold","HOUSEHOLD_PREFS","[[""PAYWALL"",""household entitlement absent""]]","Check server entitlement and household owner limits; create minimal explicit membership.","member","Validate authentication scope, feature flag, resource ownership/membership, current revision and required field constraints on the server for network operations.","401 expired session → login with safe return; 403/404 unavailable → remove restricted content; 409/412 conflict → refresh and review; 422 invalid → inline correction; 429/503 → bounded retry with input retained.","Retain input and retry online; do not show a durable success before server receipt.","Stable client operation ID for durable command; server idempotency record and transaction receipt. If-Match where versioned.","no"
"HOUSEHOLDS","Your household","HOUSEHOLDS.02","Members","screen","","LOCAL navigate","","HOUSEHOLD_MEMBER","[]","Preserve the current draft and open the destination.","member","Validate authentication scope, feature flag, resource ownership/membership, current revision and required field constraints on the server for network operations.","401 expired session → login with safe return; 403/404 unavailable → remove restricted content; 409/412 conflict → refresh and review; 422 invalid → inline correction; 429/503 → bounded retry with input retained.","Available locally; reauthorize any destination data on access.","No durable command; provider/native-specific replay protection applies.","no"
"HOUSEHOLDS","Your household","HOUSEHOLDS.03","Shared meal preferences","screen","","LOCAL navigate","","HOUSEHOLD_PREFS","[]","Preserve the current draft and open the destination.","member","Validate authentication scope, feature flag, resource ownership/membership, current revision and required field constraints on the server for network operations.","401 expired session → login with safe return; 403/404 unavailable → remove restricted content; 409/412 conflict → refresh and review; 422 invalid → inline correction; 429/503 → bounded retry with input retained.","Available locally; reauthorize any destination data on access.","No durable command; provider/native-specific replay protection applies.","no"
"HOUSEHOLDS","Your household","HOUSEHOLDS.04","View plan","screen","","LOCAL navigate","","MANAGE_PLAN","[]","Preserve the current draft and open the destination.","member","Validate authentication scope, feature flag, resource ownership/membership, current revision and required field constraints on the server for network operations.","401 expired session → login with safe return; 403/404 unavailable → remove restricted content; 409/412 conflict → refresh and review; 422 invalid → inline correction; 429/503 → bounded retry with input retained.","Available locally; reauthorize any destination data on access.","No durable command; provider/native-specific replay protection applies.","no"
"HOUSEHOLDS","Your household","HOUSEHOLDS.05","Leave household","screen","","DELETE /v1/households/{householdId}/members/{userId}","removeHouseholdMember","","[]","Actor leaves explicit shared scope; private recipes/preferences remain. Last owner must transfer or dissolve.","member","Validate authentication scope, feature flag, resource ownership/membership, current revision and required field constraints on the server for network operations.","401 expired session → login with safe return; 403/404 unavailable → remove restricted content; 409/412 conflict → refresh and review; 422 invalid → inline correction; 429/503 → bounded retry with input retained.","Retain input and retry online; do not show a durable success before server receipt.","Stable client operation ID for durable command; server idempotency record and transaction receipt. If-Match where versioned.","yes"
"HOUSEHOLDS","Your household","HOUSEHOLDS.06","Dissolve my household","screen","","DELETE /v1/households/{householdId}","deleteHousehold","SETTINGS","[]","Owner confirms shared-scope dissolution; subscriptions are managed separately and private member data remains.","member","Validate authentication scope, feature flag, resource ownership/membership, current revision and required field constraints on the server for network operations.","401 expired session → login with safe return; 403/404 unavailable → remove restricted content; 409/412 conflict → refresh and review; 422 invalid → inline correction; 429/503 → bounded retry with input retained.","Retain input and retry online; do not show a durable success before server receipt.","Stable client operation ID for durable command; server idempotency record and transaction receipt. If-Match where versioned.","yes"
"HOUSEHOLDS","Your household","HOUSEHOLDS.nav0","Today","navigation","","LOCAL navigate","","TODAY","[]","Preserve the current draft and open the destination.","member","Validate authentication scope, feature flag, resource ownership/membership, current revision and required field constraints on the server for network operations.","401 expired session → login with safe return; 403/404 unavailable → remove restricted content; 409/412 conflict → refresh and review; 422 invalid → inline correction; 429/503 → bounded retry with input retained.","Available locally; reauthorize any destination data on access.","No durable command; provider/native-specific replay protection applies.","no"
"HOUSEHOLDS","Your household","HOUSEHOLDS.nav1","Cook","navigation","","LOCAL navigate","","HOME","[]","Preserve the current draft and open the destination.","member","Validate authentication scope, feature flag, resource ownership/membership, current revision and required field constraints on the server for network operations.","401 expired session → login with safe return; 403/404 unavailable → remove restricted content; 409/412 conflict → refresh and review; 422 invalid → inline correction; 429/503 → bounded retry with input retained.","Available locally; reauthorize any destination data on access.","No durable command; provider/native-specific replay protection applies.","no"
"HOUSEHOLDS","Your household","HOUSEHOLDS.nav2","Cookbook","navigation","","LOCAL navigate","","COOKBOOK","[]","Preserve the current draft and open the destination.","member","Validate authentication scope, feature flag, resource ownership/membership, current revision and required field constraints on the server for network operations.","401 expired session → login with safe return; 403/404 unavailable → remove restricted content; 409/412 conflict → refresh and review; 422 invalid → inline correction; 429/503 → bounded retry with input retained.","Available locally; reauthorize any destination data on access.","No durable command; provider/native-specific replay protection applies.","no"
"HOUSEHOLDS","Your household","HOUSEHOLDS.nav3","Inbox","navigation","","LOCAL navigate","","INBOX","[]","Preserve the current draft and open the destination.","member","Validate authentication scope, feature flag, resource ownership/membership, current revision and required field constraints on the server for network operations.","401 expired session → login with safe return; 403/404 unavailable → remove restricted content; 409/412 conflict → refresh and review; 422 invalid → inline correction; 429/503 → bounded retry with input retained.","Available locally; reauthorize any destination data on access.","No durable command; provider/native-specific replay protection applies.","no"
"HOUSEHOLDS","Your household","HOUSEHOLDS.nav4","My Plate","navigation","","LOCAL navigate","","PROFILE_PLATE","[]","Preserve the current draft and open the destination.","member","Validate authentication scope, feature flag, resource ownership/membership, current revision and required field constraints on the server for network operations.","401 expired session → login with safe return; 403/404 unavailable → remove restricted content; 409/412 conflict → refresh and review; 422 invalid → inline correction; 429/503 → bounded retry with input retained.","Available locally; reauthorize any destination data on access.","No durable command; provider/native-specific replay protection applies.","no"
"HOUSEHOLD_MEMBER","Household members","HOUSEHOLD_MEMBER.back","Back","back","","LOCAL navigate","","HOUSEHOLDS","[]","Return to previous allowed screen; retain draft/session state. Unsaved destructive exits ask before discarding.","member","Validate authentication scope, feature flag, resource ownership/membership, current revision and required field constraints on the server for network operations.","401 expired session → login with safe return; 403/404 unavailable → remove restricted content; 409/412 conflict → refresh and review; 422 invalid → inline correction; 429/503 → bounded retry with input retained.","Available locally; reauthorize any destination data on access.","No durable command; provider/native-specific replay protection applies.","no"
"HOUSEHOLD_MEMBER","Household members","HOUSEHOLD_MEMBER.01","Create member invitation","screen","","POST /v1/invitations","createInvitation","","[]","Create limited role-scoped token; invitee must accept explicitly.","member","Validate authentication scope, feature flag, resource ownership/membership, current revision and required field constraints on the server for network operations.","401 expired session → login with safe return; 403/404 unavailable → remove restricted content; 409/412 conflict → refresh and review; 422 invalid → inline correction; 429/503 → bounded retry with input retained.","Retain input and retry online; do not show a durable success before server receipt.","Stable client operation ID for durable command; server idempotency record and transaction receipt. If-Match where versioned.","no"
"HOUSEHOLD_MEMBER","Household members","HOUSEHOLD_MEMBER.02","Share invitation","screen","","EXTERNAL OS.shareSheet","","","[]","User chooses destination; no automatic message send.","member","Validate authentication scope, feature flag, resource ownership/membership, current revision and required field constraints on the server for network operations.","401 expired session → login with safe return; 403/404 unavailable → remove restricted content; 409/412 conflict → refresh and review; 422 invalid → inline correction; 429/503 → bounded retry with input retained.","Retain input and retry online; do not show a durable success before server receipt.","No durable command; provider/native-specific replay protection applies.","no"
"HOUSEHOLD_MEMBER","Household members","HOUSEHOLD_MEMBER.03","Accept household invitation","screen","","POST /v1/invitations/accept","acceptInvitation","HOUSEHOLD_PREFS","[]","Validate token, owner entitlement and seat limit transactionally; do not import private data without consent.","member","Validate authentication scope, feature flag, resource ownership/membership, current revision and required field constraints on the server for network operations.","401 expired session → login with safe return; 403/404 unavailable → remove restricted content; 409/412 conflict → refresh and review; 422 invalid → inline correction; 429/503 → bounded retry with input retained.","Retain input and retry online; do not show a durable success before server receipt.","Stable client operation ID for durable command; server idempotency record and transaction receipt. If-Match where versioned.","no"
"HOUSEHOLD_MEMBER","Household members","HOUSEHOLD_MEMBER.04","Remove selected member","screen","","DELETE /v1/households/{householdId}/members/{userId}","removeHouseholdMember","","[]","Owner removes shared access; member retains their private saves and preferences.","member","Validate authentication scope, feature flag, resource ownership/membership, current revision and required field constraints on the server for network operations.","401 expired session → login with safe return; 403/404 unavailable → remove restricted content; 409/412 conflict → refresh and review; 422 invalid → inline correction; 429/503 → bounded retry with input retained.","Retain input and retry online; do not show a durable success before server receipt.","Stable client operation ID for durable command; server idempotency record and transaction receipt. If-Match where versioned.","no"
"HOUSEHOLD_MEMBER","Household members","HOUSEHOLD_MEMBER.nav0","Today","navigation","","LOCAL navigate","","TODAY","[]","Preserve the current draft and open the destination.","member","Validate authentication scope, feature flag, resource ownership/membership, current revision and required field constraints on the server for network operations.","401 expired session → login with safe return; 403/404 unavailable → remove restricted content; 409/412 conflict → refresh and review; 422 invalid → inline correction; 429/503 → bounded retry with input retained.","Available locally; reauthorize any destination data on access.","No durable command; provider/native-specific replay protection applies.","no"
"HOUSEHOLD_MEMBER","Household members","HOUSEHOLD_MEMBER.nav1","Cook","navigation","","LOCAL navigate","","HOME","[]","Preserve the current draft and open the destination.","member","Validate authentication scope, feature flag, resource ownership/membership, current revision and required field constraints on the server for network operations.","401 expired session → login with safe return; 403/404 unavailable → remove restricted content; 409/412 conflict → refresh and review; 422 invalid → inline correction; 429/503 → bounded retry with input retained.","Available locally; reauthorize any destination data on access.","No durable command; provider/native-specific replay protection applies.","no"
"HOUSEHOLD_MEMBER","Household members","HOUSEHOLD_MEMBER.nav2","Cookbook","navigation","","LOCAL navigate","","COOKBOOK","[]","Preserve the current draft and open the destination.","member","Validate authentication scope, feature flag, resource ownership/membership, current revision and required field constraints on the server for network operations.","401 expired session → login with safe return; 403/404 unavailable → remove restricted content; 409/412 conflict → refresh and review; 422 invalid → inline correction; 429/503 → bounded retry with input retained.","Available locally; reauthorize any destination data on access.","No durable command; provider/native-specific replay protection applies.","no"
"HOUSEHOLD_MEMBER","Household members","HOUSEHOLD_MEMBER.nav3","Inbox","navigation","","LOCAL navigate","","INBOX","[]","Preserve the current draft and open the destination.","member","Validate authentication scope, feature flag, resource ownership/membership, current revision and required field constraints on the server for network operations.","401 expired session → login with safe return; 403/404 unavailable → remove restricted content; 409/412 conflict → refresh and review; 422 invalid → inline correction; 429/503 → bounded retry with input retained.","Available locally; reauthorize any destination data on access.","No durable command; provider/native-specific replay protection applies.","no"
"HOUSEHOLD_MEMBER","Household members","HOUSEHOLD_MEMBER.nav4","My Plate","navigation","","LOCAL navigate","","PROFILE_PLATE","[]","Preserve the current draft and open the destination.","member","Validate authentication scope, feature flag, resource ownership/membership, current revision and required field constraints on the server for network operations.","401 expired session → login with safe return; 403/404 unavailable → remove restricted content; 409/412 conflict → refresh and review; 422 invalid → inline correction; 429/503 → bounded retry with input retained.","Available locally; reauthorize any destination data on access.","No durable command; provider/native-specific replay protection applies.","no"
"HOUSEHOLD_PREFS","What works for this meal group","HOUSEHOLD_PREFS.back","Back","back","","LOCAL navigate","","HOUSEHOLDS","[]","Return to previous allowed screen; retain draft/session state. Unsaved destructive exits ask before discarding.","member","Validate authentication scope, feature flag, resource ownership/membership, current revision and required field constraints on the server for network operations.","401 expired session → login with safe return; 403/404 unavailable → remove restricted content; 409/412 conflict → refresh and review; 422 invalid → inline correction; 429/503 → bounded retry with input retained.","Available locally; reauthorize any destination data on access.","No durable command; provider/native-specific replay protection applies.","no"
"HOUSEHOLD_PREFS","What works for this meal group","HOUSEHOLD_PREFS.01","Save shared defaults","screen","","PATCH /v1/households/{householdId}/preferences","updateHouseholdKitchen","HOUSEHOLDS","[]","Update owner/admin-writable defaults; private member constraints are composed server-side for a requested meal.","member","Only household owner/admin may change shared equipment and servings. This does not edit another member’s private requirements.","401 expired session → login with safe return; 403/404 unavailable → remove restricted content; 409/412 conflict → refresh and review; 422 invalid → inline correction; 429/503 → bounded retry with input retained.","Retain input and retry online; do not show a durable success before server receipt.","Stable client operation ID for durable command; server idempotency record and transaction receipt. If-Match where versioned.","no"
"HOUSEHOLD_PREFS","What works for this meal group","HOUSEHOLD_PREFS.02","Plan a household meal","screen","","LOCAL navigate","","REQUEST","[]","Use current household context and revision; fall back to individual planning when membership is invalid.","member","Validate authentication scope, feature flag, resource ownership/membership, current revision and required field constraints on the server for network operations.","401 expired session → login with safe return; 403/404 unavailable → remove restricted content; 409/412 conflict → refresh and review; 422 invalid → inline correction; 429/503 → bounded retry with input retained.","Available locally; reauthorize any destination data on access.","No durable command; provider/native-specific replay protection applies.","no"
"HOUSEHOLD_PREFS","What works for this meal group","HOUSEHOLD_PREFS.03","Save my sharing choice","screen","","PATCH /v1/households/{householdId}/preferences/me","updateHouseholdPreferences","","[]","Actor updates only own selected requirement IDs and explicit consent for shared planning; unchecked consent withdraws sharing. Show generic group infeasibility without revealing individual causes.","member","Validate authentication scope, feature flag, resource ownership/membership, current revision and required field constraints on the server for network operations.","401 expired session → login with safe return; 403/404 unavailable → remove restricted content; 409/412 conflict → refresh and review; 422 invalid → inline correction; 429/503 → bounded retry with input retained.","Retain input and retry online; do not show a durable success before server receipt.","Stable client operation ID for durable command; server idempotency record and transaction receipt. If-Match where versioned.","no"
"HOUSEHOLD_PREFS","What works for this meal group","HOUSEHOLD_PREFS.nav0","Today","navigation","","LOCAL navigate","","TODAY","[]","Preserve the current draft and open the destination.","member","Validate authentication scope, feature flag, resource ownership/membership, current revision and required field constraints on the server for network operations.","401 expired session → login with safe return; 403/404 unavailable → remove restricted content; 409/412 conflict → refresh and review; 422 invalid → inline correction; 429/503 → bounded retry with input retained.","Available locally; reauthorize any destination data on access.","No durable command; provider/native-specific replay protection applies.","no"
"HOUSEHOLD_PREFS","What works for this meal group","HOUSEHOLD_PREFS.nav1","Cook","navigation","","LOCAL navigate","","HOME","[]","Preserve the current draft and open the destination.","member","Validate authentication scope, feature flag, resource ownership/membership, current revision and required field constraints on the server for network operations.","401 expired session → login with safe return; 403/404 unavailable → remove restricted content; 409/412 conflict → refresh and review; 422 invalid → inline correction; 429/503 → bounded retry with input retained.","Available locally; reauthorize any destination data on access.","No durable command; provider/native-specific replay protection applies.","no"
"HOUSEHOLD_PREFS","What works for this meal group","HOUSEHOLD_PREFS.nav2","Cookbook","navigation","","LOCAL navigate","","COOKBOOK","[]","Preserve the current draft and open the destination.","member","Validate authentication scope, feature flag, resource ownership/membership, current revision and required field constraints on the server for network operations.","401 expired session → login with safe return; 403/404 unavailable → remove restricted content; 409/412 conflict → refresh and review; 422 invalid → inline correction; 429/503 → bounded retry with input retained.","Available locally; reauthorize any destination data on access.","No durable command; provider/native-specific replay protection applies.","no"
"HOUSEHOLD_PREFS","What works for this meal group","HOUSEHOLD_PREFS.nav3","Inbox","navigation","","LOCAL navigate","","INBOX","[]","Preserve the current draft and open the destination.","member","Validate authentication scope, feature flag, resource ownership/membership, current revision and required field constraints on the server for network operations.","401 expired session → login with safe return; 403/404 unavailable → remove restricted content; 409/412 conflict → refresh and review; 422 invalid → inline correction; 429/503 → bounded retry with input retained.","Available locally; reauthorize any destination data on access.","No durable command; provider/native-specific replay protection applies.","no"
"HOUSEHOLD_PREFS","What works for this meal group","HOUSEHOLD_PREFS.nav4","My Plate","navigation","","LOCAL navigate","","PROFILE_PLATE","[]","Preserve the current draft and open the destination.","member","Validate authentication scope, feature flag, resource ownership/membership, current revision and required field constraints on the server for network operations.","401 expired session → login with safe return; 403/404 unavailable → remove restricted content; 409/412 conflict → refresh and review; 422 invalid → inline correction; 429/503 → bounded retry with input retained.","Available locally; reauthorize any destination data on access.","No durable command; provider/native-specific replay protection applies.","no"
"PACK_STORE","Reviewed situation packs","PACK_STORE.back","Back","back","","LOCAL navigate","","COOKBOOK","[]","Return to previous allowed screen; retain draft/session state. Unsaved destructive exits ask before discarding.","member","Validate authentication scope, feature flag, resource ownership/membership, current revision and required field constraints on the server for network operations.","401 expired session → login with safe return; 403/404 unavailable → remove restricted content; 409/412 conflict → refresh and review; 422 invalid → inline correction; 429/503 → bounded retry with input retained.","Available locally; reauthorize any destination data on access.","No durable command; provider/native-specific replay protection applies.","no"
"PACK_STORE","Reviewed situation packs","PACK_STORE.01","View a pack","screen","","LOCAL navigate","","PACK_DETAIL","[]","Preserve the current draft and open the destination.","member","Validate authentication scope, feature flag, resource ownership/membership, current revision and required field constraints on the server for network operations.","401 expired session → login with safe return; 403/404 unavailable → remove restricted content; 409/412 conflict → refresh and review; 422 invalid → inline correction; 429/503 → bounded retry with input retained.","Available locally; reauthorize any destination data on access.","No durable command; provider/native-specific replay protection applies.","no"
"PACK_STORE","Reviewed situation packs","PACK_STORE.02","Restore purchases","screen","","LOCAL navigate","","PURCHASE_STATUS","[]","Run native purchase restoration then server reconciliation.","member","Validate authentication scope, feature flag, resource ownership/membership, current revision and required field constraints on the server for network operations.","401 expired session → login with safe return; 403/404 unavailable → remove restricted content; 409/412 conflict → refresh and review; 422 invalid → inline correction; 429/503 → bounded retry with input retained.","Available locally; reauthorize any destination data on access.","No durable command; provider/native-specific replay protection applies.","no"
"PACK_STORE","Reviewed situation packs","PACK_STORE.03","My purchases","screen","","LOCAL navigate","","MANAGE_PLAN","[]","Preserve the current draft and open the destination.","member","Validate authentication scope, feature flag, resource ownership/membership, current revision and required field constraints on the server for network operations.","401 expired session → login with safe return; 403/404 unavailable → remove restricted content; 409/412 conflict → refresh and review; 422 invalid → inline correction; 429/503 → bounded retry with input retained.","Available locally; reauthorize any destination data on access.","No durable command; provider/native-specific replay protection applies.","no"
"PACK_STORE","Reviewed situation packs","PACK_STORE.nav0","Today","navigation","","LOCAL navigate","","TODAY","[]","Preserve the current draft and open the destination.","member","Validate authentication scope, feature flag, resource ownership/membership, current revision and required field constraints on the server for network operations.","401 expired session → login with safe return; 403/404 unavailable → remove restricted content; 409/412 conflict → refresh and review; 422 invalid → inline correction; 429/503 → bounded retry with input retained.","Available locally; reauthorize any destination data on access.","No durable command; provider/native-specific replay protection applies.","no"
"PACK_STORE","Reviewed situation packs","PACK_STORE.nav1","Cook","navigation","","LOCAL navigate","","HOME","[]","Preserve the current draft and open the destination.","member","Validate authentication scope, feature flag, resource ownership/membership, current revision and required field constraints on the server for network operations.","401 expired session → login with safe return; 403/404 unavailable → remove restricted content; 409/412 conflict → refresh and review; 422 invalid → inline correction; 429/503 → bounded retry with input retained.","Available locally; reauthorize any destination data on access.","No durable command; provider/native-specific replay protection applies.","no"
"PACK_STORE","Reviewed situation packs","PACK_STORE.nav2","Cookbook","navigation","","LOCAL navigate","","COOKBOOK","[]","Preserve the current draft and open the destination.","member","Validate authentication scope, feature flag, resource ownership/membership, current revision and required field constraints on the server for network operations.","401 expired session → login with safe return; 403/404 unavailable → remove restricted content; 409/412 conflict → refresh and review; 422 invalid → inline correction; 429/503 → bounded retry with input retained.","Available locally; reauthorize any destination data on access.","No durable command; provider/native-specific replay protection applies.","no"
"PACK_STORE","Reviewed situation packs","PACK_STORE.nav3","Inbox","navigation","","LOCAL navigate","","INBOX","[]","Preserve the current draft and open the destination.","member","Validate authentication scope, feature flag, resource ownership/membership, current revision and required field constraints on the server for network operations.","401 expired session → login with safe return; 403/404 unavailable → remove restricted content; 409/412 conflict → refresh and review; 422 invalid → inline correction; 429/503 → bounded retry with input retained.","Available locally; reauthorize any destination data on access.","No durable command; provider/native-specific replay protection applies.","no"
"PACK_STORE","Reviewed situation packs","PACK_STORE.nav4","My Plate","navigation","","LOCAL navigate","","PROFILE_PLATE","[]","Preserve the current draft and open the destination.","member","Validate authentication scope, feature flag, resource ownership/membership, current revision and required field constraints on the server for network operations.","401 expired session → login with safe return; 403/404 unavailable → remove restricted content; 409/412 conflict → refresh and review; 422 invalid → inline correction; 429/503 → bounded retry with input retained.","Available locally; reauthorize any destination data on access.","No durable command; provider/native-specific replay protection applies.","no"
"PACK_DETAIL","A pack for your kind of evening","PACK_DETAIL.back","Back","back","","LOCAL navigate","","PACK_STORE","[]","Return to previous allowed screen; retain draft/session state. Unsaved destructive exits ask before discarding.","member","Validate authentication scope, feature flag, resource ownership/membership, current revision and required field constraints on the server for network operations.","401 expired session → login with safe return; 403/404 unavailable → remove restricted content; 409/412 conflict → refresh and review; 422 invalid → inline correction; 429/503 → bounded retry with input retained.","Available locally; reauthorize any destination data on access.","No durable command; provider/native-specific replay protection applies.","no"
"PACK_DETAIL","A pack for your kind of evening","PACK_DETAIL.01","Try a free sample","screen","","LOCAL navigate","","RECIPE","[]","Preserve the current draft and open the destination.","member","Validate authentication scope, feature flag, resource ownership/membership, current revision and required field constraints on the server for network operations.","401 expired session → login with safe return; 403/404 unavailable → remove restricted content; 409/412 conflict → refresh and review; 422 invalid → inline correction; 429/503 → bounded retry with input retained.","Available locally; reauthorize any destination data on access.","No durable command; provider/native-specific replay protection applies.","no"
"PACK_DETAIL","A pack for your kind of evening","PACK_DETAIL.02","Unlock this pack","screen","","LOCAL navigate","","PAYWALL","[]","Preserve the current draft and open the destination.","member","Validate authentication scope, feature flag, resource ownership/membership, current revision and required field constraints on the server for network operations.","401 expired session → login with safe return; 403/404 unavailable → remove restricted content; 409/412 conflict → refresh and review; 422 invalid → inline correction; 429/503 → bounded retry with input retained.","Available locally; reauthorize any destination data on access.","No durable command; provider/native-specific replay protection applies.","no"
"PACK_DETAIL","A pack for your kind of evening","PACK_DETAIL.03","Open owned pack","screen","","GET /v1/packs/{packId}","getPack","COLLECTION","[]","Authorize entitlement and current content review status; private saved copies follow stated entitlement policy.","member","Validate authentication scope, feature flag, resource ownership/membership, current revision and required field constraints on the server for network operations.","401 expired session → login with safe return; 403/404 unavailable → remove restricted content; 409/412 conflict → refresh and review; 422 invalid → inline correction; 429/503 → bounded retry with input retained.","Read only eligible cache; show staleness and do not infer current permissions.","No durable command; provider/native-specific replay protection applies.","no"
"PACK_DETAIL","A pack for your kind of evening","PACK_DETAIL.04","Review purchase terms","screen","","LOCAL navigate","","LEGAL","[]","Preserve the current draft and open the destination.","member","Validate authentication scope, feature flag, resource ownership/membership, current revision and required field constraints on the server for network operations.","401 expired session → login with safe return; 403/404 unavailable → remove restricted content; 409/412 conflict → refresh and review; 422 invalid → inline correction; 429/503 → bounded retry with input retained.","Available locally; reauthorize any destination data on access.","No durable command; provider/native-specific replay protection applies.","no"
"PACK_DETAIL","A pack for your kind of evening","PACK_DETAIL.nav0","Today","navigation","","LOCAL navigate","","TODAY","[]","Preserve the current draft and open the destination.","member","Validate authentication scope, feature flag, resource ownership/membership, current revision and required field constraints on the server for network operations.","401 expired session → login with safe return; 403/404 unavailable → remove restricted content; 409/412 conflict → refresh and review; 422 invalid → inline correction; 429/503 → bounded retry with input retained.","Available locally; reauthorize any destination data on access.","No durable command; provider/native-specific replay protection applies.","no"
"PACK_DETAIL","A pack for your kind of evening","PACK_DETAIL.nav1","Cook","navigation","","LOCAL navigate","","HOME","[]","Preserve the current draft and open the destination.","member","Validate authentication scope, feature flag, resource ownership/membership, current revision and required field constraints on the server for network operations.","401 expired session → login with safe return; 403/404 unavailable → remove restricted content; 409/412 conflict → refresh and review; 422 invalid → inline correction; 429/503 → bounded retry with input retained.","Available locally; reauthorize any destination data on access.","No durable command; provider/native-specific replay protection applies.","no"
"PACK_DETAIL","A pack for your kind of evening","PACK_DETAIL.nav2","Cookbook","navigation","","LOCAL navigate","","COOKBOOK","[]","Preserve the current draft and open the destination.","member","Validate authentication scope, feature flag, resource ownership/membership, current revision and required field constraints on the server for network operations.","401 expired session → login with safe return; 403/404 unavailable → remove restricted content; 409/412 conflict → refresh and review; 422 invalid → inline correction; 429/503 → bounded retry with input retained.","Available locally; reauthorize any destination data on access.","No durable command; provider/native-specific replay protection applies.","no"
"PACK_DETAIL","A pack for your kind of evening","PACK_DETAIL.nav3","Inbox","navigation","","LOCAL navigate","","INBOX","[]","Preserve the current draft and open the destination.","member","Validate authentication scope, feature flag, resource ownership/membership, current revision and required field constraints on the server for network operations.","401 expired session → login with safe return; 403/404 unavailable → remove restricted content; 409/412 conflict → refresh and review; 422 invalid → inline correction; 429/503 → bounded retry with input retained.","Available locally; reauthorize any destination data on access.","No durable command; provider/native-specific replay protection applies.","no"
"PACK_DETAIL","A pack for your kind of evening","PACK_DETAIL.nav4","My Plate","navigation","","LOCAL navigate","","PROFILE_PLATE","[]","Preserve the current draft and open the destination.","member","Validate authentication scope, feature flag, resource ownership/membership, current revision and required field constraints on the server for network operations.","401 expired session → login with safe return; 403/404 unavailable → remove restricted content; 409/412 conflict → refresh and review; 422 invalid → inline correction; 429/503 → bounded retry with input retained.","Available locally; reauthorize any destination data on access.","No durable command; provider/native-specific replay protection applies.","no"
"PAYWALL","Choose what helps","PAYWALL.back","Back","back","","LOCAL navigate","","COOKBOOK","[]","Return to previous allowed screen; retain draft/session state. Unsaved destructive exits ask before discarding.","member","Validate authentication scope, feature flag, resource ownership/membership, current revision and required field constraints on the server for network operations.","401 expired session → login with safe return; 403/404 unavailable → remove restricted content; 409/412 conflict → refresh and review; 422 invalid → inline correction; 429/503 → bounded retry with input retained.","Available locally; reauthorize any destination data on access.","No durable command; provider/native-specific replay protection applies.","no"
"PAYWALL","Choose what helps","PAYWALL.01","Purchase selected offer","screen","","EXTERNAL RevenueCat.purchase","","PURCHASE_STATUS","[]","Start native platform purchase after user confirmation. Client result remains provisional until server entitlement reconciliation.","member","Validate authentication scope, feature flag, resource ownership/membership, current revision and required field constraints on the server for network operations.","401 expired session → login with safe return; 403/404 unavailable → remove restricted content; 409/412 conflict → refresh and review; 422 invalid → inline correction; 429/503 → bounded retry with input retained.","Retain input and retry online; do not show a durable success before server receipt.","No durable command; provider/native-specific replay protection applies.","no"
"PAYWALL","Choose what helps","PAYWALL.02","Restore purchases","screen","","EXTERNAL RevenueCat.restore","","PURCHASE_STATUS","[]","Restore account-linked purchases; handle cross-account conflict explicitly.","member","Validate authentication scope, feature flag, resource ownership/membership, current revision and required field constraints on the server for network operations.","401 expired session → login with safe return; 403/404 unavailable → remove restricted content; 409/412 conflict → refresh and review; 422 invalid → inline correction; 429/503 → bounded retry with input retained.","Retain input and retry online; do not show a durable success before server receipt.","No durable command; provider/native-specific replay protection applies.","no"
"PAYWALL","Choose what helps","PAYWALL.03","Keep using the free app","screen","","LOCAL navigate","","HOME","[]","Preserve the current draft and open the destination.","member","Validate authentication scope, feature flag, resource ownership/membership, current revision and required field constraints on the server for network operations.","401 expired session → login with safe return; 403/404 unavailable → remove restricted content; 409/412 conflict → refresh and review; 422 invalid → inline correction; 429/503 → bounded retry with input retained.","Available locally; reauthorize any destination data on access.","No durable command; provider/native-specific replay protection applies.","no"
"PAYWALL","Choose what helps","PAYWALL.04","Terms and cancellation","screen","","LOCAL navigate","","LEGAL","[]","Preserve the current draft and open the destination.","member","Validate authentication scope, feature flag, resource ownership/membership, current revision and required field constraints on the server for network operations.","401 expired session → login with safe return; 403/404 unavailable → remove restricted content; 409/412 conflict → refresh and review; 422 invalid → inline correction; 429/503 → bounded retry with input retained.","Available locally; reauthorize any destination data on access.","No durable command; provider/native-specific replay protection applies.","no"
"PAYWALL","Choose what helps","PAYWALL.nav0","Today","navigation","","LOCAL navigate","","TODAY","[]","Preserve the current draft and open the destination.","member","Validate authentication scope, feature flag, resource ownership/membership, current revision and required field constraints on the server for network operations.","401 expired session → login with safe return; 403/404 unavailable → remove restricted content; 409/412 conflict → refresh and review; 422 invalid → inline correction; 429/503 → bounded retry with input retained.","Available locally; reauthorize any destination data on access.","No durable command; provider/native-specific replay protection applies.","no"
"PAYWALL","Choose what helps","PAYWALL.nav1","Cook","navigation","","LOCAL navigate","","HOME","[]","Preserve the current draft and open the destination.","member","Validate authentication scope, feature flag, resource ownership/membership, current revision and required field constraints on the server for network operations.","401 expired session → login with safe return; 403/404 unavailable → remove restricted content; 409/412 conflict → refresh and review; 422 invalid → inline correction; 429/503 → bounded retry with input retained.","Available locally; reauthorize any destination data on access.","No durable command; provider/native-specific replay protection applies.","no"
"PAYWALL","Choose what helps","PAYWALL.nav2","Cookbook","navigation","","LOCAL navigate","","COOKBOOK","[]","Preserve the current draft and open the destination.","member","Validate authentication scope, feature flag, resource ownership/membership, current revision and required field constraints on the server for network operations.","401 expired session → login with safe return; 403/404 unavailable → remove restricted content; 409/412 conflict → refresh and review; 422 invalid → inline correction; 429/503 → bounded retry with input retained.","Available locally; reauthorize any destination data on access.","No durable command; provider/native-specific replay protection applies.","no"
"PAYWALL","Choose what helps","PAYWALL.nav3","Inbox","navigation","","LOCAL navigate","","INBOX","[]","Preserve the current draft and open the destination.","member","Validate authentication scope, feature flag, resource ownership/membership, current revision and required field constraints on the server for network operations.","401 expired session → login with safe return; 403/404 unavailable → remove restricted content; 409/412 conflict → refresh and review; 422 invalid → inline correction; 429/503 → bounded retry with input retained.","Available locally; reauthorize any destination data on access.","No durable command; provider/native-specific replay protection applies.","no"
"PAYWALL","Choose what helps","PAYWALL.nav4","My Plate","navigation","","LOCAL navigate","","PROFILE_PLATE","[]","Preserve the current draft and open the destination.","member","Validate authentication scope, feature flag, resource ownership/membership, current revision and required field constraints on the server for network operations.","401 expired session → login with safe return; 403/404 unavailable → remove restricted content; 409/412 conflict → refresh and review; 422 invalid → inline correction; 429/503 → bounded retry with input retained.","Available locally; reauthorize any destination data on access.","No durable command; provider/native-specific replay protection applies.","no"
"PURCHASE_STATUS","Confirming access","PURCHASE_STATUS.back","Back","back","","LOCAL navigate","","PAYWALL","[]","Return to previous allowed screen; retain draft/session state. Unsaved destructive exits ask before discarding.","member","Validate authentication scope, feature flag, resource ownership/membership, current revision and required field constraints on the server for network operations.","401 expired session → login with safe return; 403/404 unavailable → remove restricted content; 409/412 conflict → refresh and review; 422 invalid → inline correction; 429/503 → bounded retry with input retained.","Available locally; reauthorize any destination data on access.","No durable command; provider/native-specific replay protection applies.","no"
"PURCHASE_STATUS","Confirming access","PURCHASE_STATUS.01","Check access","screen","","POST /v1/entitlements/reconcile","reconcileEntitlements","MANAGE_PLAN","[]","Server queries authoritative billing state; event/order deduplication controls updates, client never grants itself access.","member","Validate authentication scope, feature flag, resource ownership/membership, current revision and required field constraints on the server for network operations.","401 expired session → login with safe return; 403/404 unavailable → remove restricted content; 409/412 conflict → refresh and review; 422 invalid → inline correction; 429/503 → bounded retry with input retained.","Retain input and retry online; do not show a durable success before server receipt.","Stable client operation ID for durable command; server idempotency record and transaction receipt. If-Match where versioned.","no"
"PURCHASE_STATUS","Confirming access","PURCHASE_STATUS.02","Continue using FeedMe","screen","","LOCAL navigate","","HOME","[]","Return while pending and surface status in settings.","member","Validate authentication scope, feature flag, resource ownership/membership, current revision and required field constraints on the server for network operations.","401 expired session → login with safe return; 403/404 unavailable → remove restricted content; 409/412 conflict → refresh and review; 422 invalid → inline correction; 429/503 → bounded retry with input retained.","Available locally; reauthorize any destination data on access.","No durable command; provider/native-specific replay protection applies.","no"
"PURCHASE_STATUS","Confirming access","PURCHASE_STATUS.03","Get purchase help","screen","","LOCAL navigate","","SUPPORT","[]","Preserve the current draft and open the destination.","member","Validate authentication scope, feature flag, resource ownership/membership, current revision and required field constraints on the server for network operations.","401 expired session → login with safe return; 403/404 unavailable → remove restricted content; 409/412 conflict → refresh and review; 422 invalid → inline correction; 429/503 → bounded retry with input retained.","Available locally; reauthorize any destination data on access.","No durable command; provider/native-specific replay protection applies.","no"
"PURCHASE_STATUS","Confirming access","PURCHASE_STATUS.nav0","Today","navigation","","LOCAL navigate","","TODAY","[]","Preserve the current draft and open the destination.","member","Validate authentication scope, feature flag, resource ownership/membership, current revision and required field constraints on the server for network operations.","401 expired session → login with safe return; 403/404 unavailable → remove restricted content; 409/412 conflict → refresh and review; 422 invalid → inline correction; 429/503 → bounded retry with input retained.","Available locally; reauthorize any destination data on access.","No durable command; provider/native-specific replay protection applies.","no"
"PURCHASE_STATUS","Confirming access","PURCHASE_STATUS.nav1","Cook","navigation","","LOCAL navigate","","HOME","[]","Preserve the current draft and open the destination.","member","Validate authentication scope, feature flag, resource ownership/membership, current revision and required field constraints on the server for network operations.","401 expired session → login with safe return; 403/404 unavailable → remove restricted content; 409/412 conflict → refresh and review; 422 invalid → inline correction; 429/503 → bounded retry with input retained.","Available locally; reauthorize any destination data on access.","No durable command; provider/native-specific replay protection applies.","no"
"PURCHASE_STATUS","Confirming access","PURCHASE_STATUS.nav2","Cookbook","navigation","","LOCAL navigate","","COOKBOOK","[]","Preserve the current draft and open the destination.","member","Validate authentication scope, feature flag, resource ownership/membership, current revision and required field constraints on the server for network operations.","401 expired session → login with safe return; 403/404 unavailable → remove restricted content; 409/412 conflict → refresh and review; 422 invalid → inline correction; 429/503 → bounded retry with input retained.","Available locally; reauthorize any destination data on access.","No durable command; provider/native-specific replay protection applies.","no"
"PURCHASE_STATUS","Confirming access","PURCHASE_STATUS.nav3","Inbox","navigation","","LOCAL navigate","","INBOX","[]","Preserve the current draft and open the destination.","member","Validate authentication scope, feature flag, resource ownership/membership, current revision and required field constraints on the server for network operations.","401 expired session → login with safe return; 403/404 unavailable → remove restricted content; 409/412 conflict → refresh and review; 422 invalid → inline correction; 429/503 → bounded retry with input retained.","Available locally; reauthorize any destination data on access.","No durable command; provider/native-specific replay protection applies.","no"
"PURCHASE_STATUS","Confirming access","PURCHASE_STATUS.nav4","My Plate","navigation","","LOCAL navigate","","PROFILE_PLATE","[]","Preserve the current draft and open the destination.","member","Validate authentication scope, feature flag, resource ownership/membership, current revision and required field constraints on the server for network operations.","401 expired session → login with safe return; 403/404 unavailable → remove restricted content; 409/412 conflict → refresh and review; 422 invalid → inline correction; 429/503 → bounded retry with input retained.","Available locally; reauthorize any destination data on access.","No durable command; provider/native-specific replay protection applies.","no"
"MANAGE_PLAN","Purchases and access","MANAGE_PLAN.back","Back","back","","LOCAL navigate","","SETTINGS","[]","Return to previous allowed screen; retain draft/session state. Unsaved destructive exits ask before discarding.","member","Validate authentication scope, feature flag, resource ownership/membership, current revision and required field constraints on the server for network operations.","401 expired session → login with safe return; 403/404 unavailable → remove restricted content; 409/412 conflict → refresh and review; 422 invalid → inline correction; 429/503 → bounded retry with input retained.","Available locally; reauthorize any destination data on access.","No durable command; provider/native-specific replay protection applies.","no"
"MANAGE_PLAN","Purchases and access","MANAGE_PLAN.01","Manage store subscription","screen","","EXTERNAL OS.openSubscriptionManagement","","","[]","Open platform-managed subscription page for original store; do not promise app-account deletion cancels billing.","member","Validate authentication scope, feature flag, resource ownership/membership, current revision and required field constraints on the server for network operations.","401 expired session → login with safe return; 403/404 unavailable → remove restricted content; 409/412 conflict → refresh and review; 422 invalid → inline correction; 429/503 → bounded retry with input retained.","Retain input and retry online; do not show a durable success before server receipt.","No durable command; provider/native-specific replay protection applies.","no"
"MANAGE_PLAN","Purchases and access","MANAGE_PLAN.02","Restore purchases","screen","","EXTERNAL RevenueCat.restore","","PURCHASE_STATUS","[]","Request explicit restore and authoritative server reconciliation.","member","Validate authentication scope, feature flag, resource ownership/membership, current revision and required field constraints on the server for network operations.","401 expired session → login with safe return; 403/404 unavailable → remove restricted content; 409/412 conflict → refresh and review; 422 invalid → inline correction; 429/503 → bounded retry with input retained.","Retain input and retry online; do not show a durable success before server receipt.","No durable command; provider/native-specific replay protection applies.","no"
"MANAGE_PLAN","Purchases and access","MANAGE_PLAN.03","Browse packs","screen","","LOCAL navigate","","PACK_STORE","[]","Preserve the current draft and open the destination.","member","Validate authentication scope, feature flag, resource ownership/membership, current revision and required field constraints on the server for network operations.","401 expired session → login with safe return; 403/404 unavailable → remove restricted content; 409/412 conflict → refresh and review; 422 invalid → inline correction; 429/503 → bounded retry with input retained.","Available locally; reauthorize any destination data on access.","No durable command; provider/native-specific replay protection applies.","no"
"MANAGE_PLAN","Purchases and access","MANAGE_PLAN.04","Household settings","screen","","LOCAL navigate","","HOUSEHOLDS","[]","Preserve the current draft and open the destination.","member","Validate authentication scope, feature flag, resource ownership/membership, current revision and required field constraints on the server for network operations.","401 expired session → login with safe return; 403/404 unavailable → remove restricted content; 409/412 conflict → refresh and review; 422 invalid → inline correction; 429/503 → bounded retry with input retained.","Available locally; reauthorize any destination data on access.","No durable command; provider/native-specific replay protection applies.","no"
"MANAGE_PLAN","Purchases and access","MANAGE_PLAN.05","Purchase help","screen","","LOCAL navigate","","SUPPORT","[]","Preserve the current draft and open the destination.","member","Validate authentication scope, feature flag, resource ownership/membership, current revision and required field constraints on the server for network operations.","401 expired session → login with safe return; 403/404 unavailable → remove restricted content; 409/412 conflict → refresh and review; 422 invalid → inline correction; 429/503 → bounded retry with input retained.","Available locally; reauthorize any destination data on access.","No durable command; provider/native-specific replay protection applies.","no"
"MANAGE_PLAN","Purchases and access","MANAGE_PLAN.nav0","Today","navigation","","LOCAL navigate","","TODAY","[]","Preserve the current draft and open the destination.","member","Validate authentication scope, feature flag, resource ownership/membership, current revision and required field constraints on the server for network operations.","401 expired session → login with safe return; 403/404 unavailable → remove restricted content; 409/412 conflict → refresh and review; 422 invalid → inline correction; 429/503 → bounded retry with input retained.","Available locally; reauthorize any destination data on access.","No durable command; provider/native-specific replay protection applies.","no"
"MANAGE_PLAN","Purchases and access","MANAGE_PLAN.nav1","Cook","navigation","","LOCAL navigate","","HOME","[]","Preserve the current draft and open the destination.","member","Validate authentication scope, feature flag, resource ownership/membership, current revision and required field constraints on the server for network operations.","401 expired session → login with safe return; 403/404 unavailable → remove restricted content; 409/412 conflict → refresh and review; 422 invalid → inline correction; 429/503 → bounded retry with input retained.","Available locally; reauthorize any destination data on access.","No durable command; provider/native-specific replay protection applies.","no"
"MANAGE_PLAN","Purchases and access","MANAGE_PLAN.nav2","Cookbook","navigation","","LOCAL navigate","","COOKBOOK","[]","Preserve the current draft and open the destination.","member","Validate authentication scope, feature flag, resource ownership/membership, current revision and required field constraints on the server for network operations.","401 expired session → login with safe return; 403/404 unavailable → remove restricted content; 409/412 conflict → refresh and review; 422 invalid → inline correction; 429/503 → bounded retry with input retained.","Available locally; reauthorize any destination data on access.","No durable command; provider/native-specific replay protection applies.","no"
"MANAGE_PLAN","Purchases and access","MANAGE_PLAN.nav3","Inbox","navigation","","LOCAL navigate","","INBOX","[]","Preserve the current draft and open the destination.","member","Validate authentication scope, feature flag, resource ownership/membership, current revision and required field constraints on the server for network operations.","401 expired session → login with safe return; 403/404 unavailable → remove restricted content; 409/412 conflict → refresh and review; 422 invalid → inline correction; 429/503 → bounded retry with input retained.","Available locally; reauthorize any destination data on access.","No durable command; provider/native-specific replay protection applies.","no"
"MANAGE_PLAN","Purchases and access","MANAGE_PLAN.nav4","My Plate","navigation","","LOCAL navigate","","PROFILE_PLATE","[]","Preserve the current draft and open the destination.","member","Validate authentication scope, feature flag, resource ownership/membership, current revision and required field constraints on the server for network operations.","401 expired session → login with safe return; 403/404 unavailable → remove restricted content; 409/412 conflict → refresh and review; 422 invalid → inline correction; 429/503 → bounded retry with input retained.","Available locally; reauthorize any destination data on access.","No durable command; provider/native-specific replay protection applies.","no"
"EXPORT","Export your FeedMe data","EXPORT.back","Back","back","","LOCAL navigate","","PRIVACY","[]","Return to previous allowed screen; retain draft/session state. Unsaved destructive exits ask before discarding.","member","Validate authentication scope, feature flag, resource ownership/membership, current revision and required field constraints on the server for network operations.","401 expired session → login with safe return; 403/404 unavailable → remove restricted content; 409/412 conflict → refresh and review; 422 invalid → inline correction; 429/503 → bounded retry with input retained.","Available locally; reauthorize any destination data on access.","No durable command; provider/native-specific replay protection applies.","no"
"EXPORT","Export your FeedMe data","EXPORT.01","Request export","screen","","POST /v1/account/exports","requestAccountExport","","[]","Create one active export job; snapshot owned data, encrypt output and expire download URL.","member","Validate authentication scope, feature flag, resource ownership/membership, current revision and required field constraints on the server for network operations.","401 expired session → login with safe return; 403/404 unavailable → remove restricted content; 409/412 conflict → refresh and review; 422 invalid → inline correction; 429/503 → bounded retry with input retained.","Retain input and retry online; do not show a durable success before server receipt.","Stable client operation ID for durable command; server idempotency record and transaction receipt. If-Match where versioned.","no"
"EXPORT","Export your FeedMe data","EXPORT.02","Check export status","screen","","GET /v1/jobs/{jobId}","getJob","","[]","Return authorized job state and bounded download capability when ready.","member","Validate authentication scope, feature flag, resource ownership/membership, current revision and required field constraints on the server for network operations.","401 expired session → login with safe return; 403/404 unavailable → remove restricted content; 409/412 conflict → refresh and review; 422 invalid → inline correction; 429/503 → bounded retry with input retained.","Read only eligible cache; show staleness and do not infer current permissions.","No durable command; provider/native-specific replay protection applies.","no"
"EXPORT","Export your FeedMe data","EXPORT.03","Download my export","screen","","EXTERNAL OS.downloadAuthorizedExport","","","[]","Obtain fresh short-lived export URL after reauth and save via native user file picker.","member","Validate authentication scope, feature flag, resource ownership/membership, current revision and required field constraints on the server for network operations.","401 expired session → login with safe return; 403/404 unavailable → remove restricted content; 409/412 conflict → refresh and review; 422 invalid → inline correction; 429/503 → bounded retry with input retained.","Retain input and retry online; do not show a durable success before server receipt.","No durable command; provider/native-specific replay protection applies.","no"
"EXPORT","Export your FeedMe data","EXPORT.nav0","Today","navigation","","LOCAL navigate","","TODAY","[]","Preserve the current draft and open the destination.","member","Validate authentication scope, feature flag, resource ownership/membership, current revision and required field constraints on the server for network operations.","401 expired session → login with safe return; 403/404 unavailable → remove restricted content; 409/412 conflict → refresh and review; 422 invalid → inline correction; 429/503 → bounded retry with input retained.","Available locally; reauthorize any destination data on access.","No durable command; provider/native-specific replay protection applies.","no"
"EXPORT","Export your FeedMe data","EXPORT.nav1","Cook","navigation","","LOCAL navigate","","HOME","[]","Preserve the current draft and open the destination.","member","Validate authentication scope, feature flag, resource ownership/membership, current revision and required field constraints on the server for network operations.","401 expired session → login with safe return; 403/404 unavailable → remove restricted content; 409/412 conflict → refresh and review; 422 invalid → inline correction; 429/503 → bounded retry with input retained.","Available locally; reauthorize any destination data on access.","No durable command; provider/native-specific replay protection applies.","no"
"EXPORT","Export your FeedMe data","EXPORT.nav2","Cookbook","navigation","","LOCAL navigate","","COOKBOOK","[]","Preserve the current draft and open the destination.","member","Validate authentication scope, feature flag, resource ownership/membership, current revision and required field constraints on the server for network operations.","401 expired session → login with safe return; 403/404 unavailable → remove restricted content; 409/412 conflict → refresh and review; 422 invalid → inline correction; 429/503 → bounded retry with input retained.","Available locally; reauthorize any destination data on access.","No durable command; provider/native-specific replay protection applies.","no"
"EXPORT","Export your FeedMe data","EXPORT.nav3","Inbox","navigation","","LOCAL navigate","","INBOX","[]","Preserve the current draft and open the destination.","member","Validate authentication scope, feature flag, resource ownership/membership, current revision and required field constraints on the server for network operations.","401 expired session → login with safe return; 403/404 unavailable → remove restricted content; 409/412 conflict → refresh and review; 422 invalid → inline correction; 429/503 → bounded retry with input retained.","Available locally; reauthorize any destination data on access.","No durable command; provider/native-specific replay protection applies.","no"
"EXPORT","Export your FeedMe data","EXPORT.nav4","My Plate","navigation","","LOCAL navigate","","PROFILE_PLATE","[]","Preserve the current draft and open the destination.","member","Validate authentication scope, feature flag, resource ownership/membership, current revision and required field constraints on the server for network operations.","401 expired session → login with safe return; 403/404 unavailable → remove restricted content; 409/412 conflict → refresh and review; 422 invalid → inline correction; 429/503 → bounded retry with input retained.","Available locally; reauthorize any destination data on access.","No durable command; provider/native-specific replay protection applies.","no"
"SUPPORT","Help and receipts","SUPPORT.back","Back","back","","LOCAL navigate","","SETTINGS","[]","Return to previous allowed screen; retain draft/session state. Unsaved destructive exits ask before discarding.","member","Validate authentication scope, feature flag, resource ownership/membership, current revision and required field constraints on the server for network operations.","401 expired session → login with safe return; 403/404 unavailable → remove restricted content; 409/412 conflict → refresh and review; 422 invalid → inline correction; 429/503 → bounded retry with input retained.","Available locally; reauthorize any destination data on access.","No durable command; provider/native-specific replay protection applies.","no"
"SUPPORT","Help and receipts","SUPPORT.01","Send support request","screen","","POST /v1/support","createSupportTicket","","[]","Send user-approved text and relevant opaque receipt IDs; redact secrets and exclude food preferences by default.","member","Validate authentication scope, feature flag, resource ownership/membership, current revision and required field constraints on the server for network operations.","401 expired session → login with safe return; 403/404 unavailable → remove restricted content; 409/412 conflict → refresh and review; 422 invalid → inline correction; 429/503 → bounded retry with input retained.","Retain input and retry online; do not show a durable success before server receipt.","Stable client operation ID for durable command; server idempotency record and transaction receipt. If-Match where versioned.","no"
"SUPPORT","Help and receipts","SUPPORT.02","Account and privacy","screen","","LOCAL navigate","","PRIVACY","[]","Preserve the current draft and open the destination.","member","Validate authentication scope, feature flag, resource ownership/membership, current revision and required field constraints on the server for network operations.","401 expired session → login with safe return; 403/404 unavailable → remove restricted content; 409/412 conflict → refresh and review; 422 invalid → inline correction; 429/503 → bounded retry with input retained.","Available locally; reauthorize any destination data on access.","No durable command; provider/native-specific replay protection applies.","no"
"SUPPORT","Help and receipts","SUPPORT.03","Community rules","screen","","LOCAL navigate","","LEGAL","[]","Preserve the current draft and open the destination.","member","Validate authentication scope, feature flag, resource ownership/membership, current revision and required field constraints on the server for network operations.","401 expired session → login with safe return; 403/404 unavailable → remove restricted content; 409/412 conflict → refresh and review; 422 invalid → inline correction; 429/503 → bounded retry with input retained.","Available locally; reauthorize any destination data on access.","No durable command; provider/native-specific replay protection applies.","no"
"SUPPORT","Help and receipts","SUPPORT.04","Back to cooking","screen","","LOCAL navigate","","HOME","[]","Preserve the current draft and open the destination.","member","Validate authentication scope, feature flag, resource ownership/membership, current revision and required field constraints on the server for network operations.","401 expired session → login with safe return; 403/404 unavailable → remove restricted content; 409/412 conflict → refresh and review; 422 invalid → inline correction; 429/503 → bounded retry with input retained.","Available locally; reauthorize any destination data on access.","No durable command; provider/native-specific replay protection applies.","no"
"SUPPORT","Help and receipts","SUPPORT.nav0","Today","navigation","","LOCAL navigate","","TODAY","[]","Preserve the current draft and open the destination.","member","Validate authentication scope, feature flag, resource ownership/membership, current revision and required field constraints on the server for network operations.","401 expired session → login with safe return; 403/404 unavailable → remove restricted content; 409/412 conflict → refresh and review; 422 invalid → inline correction; 429/503 → bounded retry with input retained.","Available locally; reauthorize any destination data on access.","No durable command; provider/native-specific replay protection applies.","no"
"SUPPORT","Help and receipts","SUPPORT.nav1","Cook","navigation","","LOCAL navigate","","HOME","[]","Preserve the current draft and open the destination.","member","Validate authentication scope, feature flag, resource ownership/membership, current revision and required field constraints on the server for network operations.","401 expired session → login with safe return; 403/404 unavailable → remove restricted content; 409/412 conflict → refresh and review; 422 invalid → inline correction; 429/503 → bounded retry with input retained.","Available locally; reauthorize any destination data on access.","No durable command; provider/native-specific replay protection applies.","no"
"SUPPORT","Help and receipts","SUPPORT.nav2","Cookbook","navigation","","LOCAL navigate","","COOKBOOK","[]","Preserve the current draft and open the destination.","member","Validate authentication scope, feature flag, resource ownership/membership, current revision and required field constraints on the server for network operations.","401 expired session → login with safe return; 403/404 unavailable → remove restricted content; 409/412 conflict → refresh and review; 422 invalid → inline correction; 429/503 → bounded retry with input retained.","Available locally; reauthorize any destination data on access.","No durable command; provider/native-specific replay protection applies.","no"
"SUPPORT","Help and receipts","SUPPORT.nav3","Inbox","navigation","","LOCAL navigate","","INBOX","[]","Preserve the current draft and open the destination.","member","Validate authentication scope, feature flag, resource ownership/membership, current revision and required field constraints on the server for network operations.","401 expired session → login with safe return; 403/404 unavailable → remove restricted content; 409/412 conflict → refresh and review; 422 invalid → inline correction; 429/503 → bounded retry with input retained.","Available locally; reauthorize any destination data on access.","No durable command; provider/native-specific replay protection applies.","no"
"SUPPORT","Help and receipts","SUPPORT.nav4","My Plate","navigation","","LOCAL navigate","","PROFILE_PLATE","[]","Preserve the current draft and open the destination.","member","Validate authentication scope, feature flag, resource ownership/membership, current revision and required field constraints on the server for network operations.","401 expired session → login with safe return; 403/404 unavailable → remove restricted content; 409/412 conflict → refresh and review; 422 invalid → inline correction; 429/503 → bounded retry with input retained.","Available locally; reauthorize any destination data on access.","No durable command; provider/native-specific replay protection applies.","no"
"UNAVAILABLE","This isn’t available right now","UNAVAILABLE.back","Back","back","","LOCAL navigate","","HOME","[]","Return to previous allowed screen; retain draft/session state. Unsaved destructive exits ask before discarding.","guest-or-member","Validate authentication scope, feature flag, resource ownership/membership, current revision and required field constraints on the server for network operations.","401 expired session → login with safe return; 403/404 unavailable → remove restricted content; 409/412 conflict → refresh and review; 422 invalid → inline correction; 429/503 → bounded retry with input retained.","Available locally; reauthorize any destination data on access.","No durable command; provider/native-specific replay protection applies.","no"
"UNAVAILABLE","This isn’t available right now","UNAVAILABLE.01","Choose another meal","screen","","LOCAL navigate","","REQUEST","[]","Preserve the current draft and open the destination.","guest-or-member","Validate authentication scope, feature flag, resource ownership/membership, current revision and required field constraints on the server for network operations.","401 expired session → login with safe return; 403/404 unavailable → remove restricted content; 409/412 conflict → refresh and review; 422 invalid → inline correction; 429/503 → bounded retry with input retained.","Available locally; reauthorize any destination data on access.","No durable command; provider/native-specific replay protection applies.","no"
"UNAVAILABLE","This isn’t available right now","UNAVAILABLE.02","Back to Today","screen","","LOCAL navigate","","TODAY","[]","Preserve the current draft and open the destination.","guest-or-member","Validate authentication scope, feature flag, resource ownership/membership, current revision and required field constraints on the server for network operations.","401 expired session → login with safe return; 403/404 unavailable → remove restricted content; 409/412 conflict → refresh and review; 422 invalid → inline correction; 429/503 → bounded retry with input retained.","Available locally; reauthorize any destination data on access.","No durable command; provider/native-specific replay protection applies.","no"
"UNAVAILABLE","This isn’t available right now","UNAVAILABLE.03","Get help","screen","","LOCAL navigate","","SUPPORT","[]","Preserve the current draft and open the destination.","guest-or-member","Validate authentication scope, feature flag, resource ownership/membership, current revision and required field constraints on the server for network operations.","401 expired session → login with safe return; 403/404 unavailable → remove restricted content; 409/412 conflict → refresh and review; 422 invalid → inline correction; 429/503 → bounded retry with input retained.","Available locally; reauthorize any destination data on access.","No durable command; provider/native-specific replay protection applies.","no"
"UNAVAILABLE","This isn’t available right now","UNAVAILABLE.04","Log in again","screen","","LOCAL navigate","","AUTH_LOGIN","[]","Preserve the current draft and open the destination.","guest-or-member","Validate authentication scope, feature flag, resource ownership/membership, current revision and required field constraints on the server for network operations.","401 expired session → login with safe return; 403/404 unavailable → remove restricted content; 409/412 conflict → refresh and review; 422 invalid → inline correction; 429/503 → bounded retry with input retained.","Available locally; reauthorize any destination data on access.","No durable command; provider/native-specific replay protection applies.","no"
"UNAVAILABLE","This isn’t available right now","UNAVAILABLE.nav0","Today","navigation","","LOCAL navigate","","TODAY","[]","Preserve the current draft and open the destination.","guest-or-member","Validate authentication scope, feature flag, resource ownership/membership, current revision and required field constraints on the server for network operations.","401 expired session → login with safe return; 403/404 unavailable → remove restricted content; 409/412 conflict → refresh and review; 422 invalid → inline correction; 429/503 → bounded retry with input retained.","Available locally; reauthorize any destination data on access.","No durable command; provider/native-specific replay protection applies.","no"
"UNAVAILABLE","This isn’t available right now","UNAVAILABLE.nav1","Cook","navigation","","LOCAL navigate","","HOME","[]","Preserve the current draft and open the destination.","guest-or-member","Validate authentication scope, feature flag, resource ownership/membership, current revision and required field constraints on the server for network operations.","401 expired session → login with safe return; 403/404 unavailable → remove restricted content; 409/412 conflict → refresh and review; 422 invalid → inline correction; 429/503 → bounded retry with input retained.","Available locally; reauthorize any destination data on access.","No durable command; provider/native-specific replay protection applies.","no"
"UNAVAILABLE","This isn’t available right now","UNAVAILABLE.nav2","Cookbook","navigation","","LOCAL navigate","","COOKBOOK","[]","Preserve the current draft and open the destination.","guest-or-member","Validate authentication scope, feature flag, resource ownership/membership, current revision and required field constraints on the server for network operations.","401 expired session → login with safe return; 403/404 unavailable → remove restricted content; 409/412 conflict → refresh and review; 422 invalid → inline correction; 429/503 → bounded retry with input retained.","Available locally; reauthorize any destination data on access.","No durable command; provider/native-specific replay protection applies.","no"
"UNAVAILABLE","This isn’t available right now","UNAVAILABLE.nav3","Inbox","navigation","","LOCAL navigate","","INBOX","[]","Preserve the current draft and open the destination.","guest-or-member","Validate authentication scope, feature flag, resource ownership/membership, current revision and required field constraints on the server for network operations.","401 expired session → login with safe return; 403/404 unavailable → remove restricted content; 409/412 conflict → refresh and review; 422 invalid → inline correction; 429/503 → bounded retry with input retained.","Available locally; reauthorize any destination data on access.","No durable command; provider/native-specific replay protection applies.","no"
"UNAVAILABLE","This isn’t available right now","UNAVAILABLE.nav4","My Plate","navigation","","LOCAL navigate","","PROFILE_PLATE","[]","Preserve the current draft and open the destination.","guest-or-member","Validate authentication scope, feature flag, resource ownership/membership, current revision and required field constraints on the server for network operations.","401 expired session → login with safe return; 403/404 unavailable → remove restricted content; 409/412 conflict → refresh and review; 422 invalid → inline correction; 429/503 → bounded retry with input retained.","Available locally; reauthorize any destination data on access.","No durable command; provider/native-specific replay protection applies.","no"
"OFFLINE","Your connection is taking a break","OFFLINE.back","Back","back","","LOCAL navigate","","HOME","[]","Return to previous allowed screen; retain draft/session state. Unsaved destructive exits ask before discarding.","guest-or-member","Validate authentication scope, feature flag, resource ownership/membership, current revision and required field constraints on the server for network operations.","401 expired session → login with safe return; 403/404 unavailable → remove restricted content; 409/412 conflict → refresh and review; 422 invalid → inline correction; 429/503 → bounded retry with input retained.","Available locally; reauthorize any destination data on access.","No durable command; provider/native-specific replay protection applies.","no"
"OFFLINE","Your connection is taking a break","OFFLINE.01","Open saved meals","screen","","LOCAL navigate","","COOKBOOK","[]","Only locally cached, still-eligible private data is shown.","guest-or-member","Validate authentication scope, feature flag, resource ownership/membership, current revision and required field constraints on the server for network operations.","401 expired session → login with safe return; 403/404 unavailable → remove restricted content; 409/412 conflict → refresh and review; 422 invalid → inline correction; 429/503 → bounded retry with input retained.","Available locally; reauthorize any destination data on access.","No durable command; provider/native-specific replay protection applies.","no"
"OFFLINE","Your connection is taking a break","OFFLINE.02","Resume cooking","screen","","LOCAL navigate","","COOK","[]","Resume pinned session and local timers; display queued progress.","guest-or-member","Validate authentication scope, feature flag, resource ownership/membership, current revision and required field constraints on the server for network operations.","401 expired session → login with safe return; 403/404 unavailable → remove restricted content; 409/412 conflict → refresh and review; 422 invalid → inline correction; 429/503 → bounded retry with input retained.","Available locally; reauthorize any destination data on access.","No durable command; provider/native-specific replay protection applies.","no"
"OFFLINE","Your connection is taking a break","OFFLINE.03","Try connection again","screen","","GET /v1/me","getMe","HOME","[]","Revalidate session/account status and refresh bounded sync cursor before restricted operations.","guest-or-member","Validate authentication scope, feature flag, resource ownership/membership, current revision and required field constraints on the server for network operations.","401 expired session → login with safe return; 403/404 unavailable → remove restricted content; 409/412 conflict → refresh and review; 422 invalid → inline correction; 429/503 → bounded retry with input retained.","Read only eligible cache; show staleness and do not infer current permissions.","No durable command; provider/native-specific replay protection applies.","no"
"OFFLINE","Your connection is taking a break","OFFLINE.nav0","Today","navigation","","LOCAL navigate","","TODAY","[]","Preserve the current draft and open the destination.","guest-or-member","Validate authentication scope, feature flag, resource ownership/membership, current revision and required field constraints on the server for network operations.","401 expired session → login with safe return; 403/404 unavailable → remove restricted content; 409/412 conflict → refresh and review; 422 invalid → inline correction; 429/503 → bounded retry with input retained.","Available locally; reauthorize any destination data on access.","No durable command; provider/native-specific replay protection applies.","no"
"OFFLINE","Your connection is taking a break","OFFLINE.nav1","Cook","navigation","","LOCAL navigate","","HOME","[]","Preserve the current draft and open the destination.","guest-or-member","Validate authentication scope, feature flag, resource ownership/membership, current revision and required field constraints on the server for network operations.","401 expired session → login with safe return; 403/404 unavailable → remove restricted content; 409/412 conflict → refresh and review; 422 invalid → inline correction; 429/503 → bounded retry with input retained.","Available locally; reauthorize any destination data on access.","No durable command; provider/native-specific replay protection applies.","no"
"OFFLINE","Your connection is taking a break","OFFLINE.nav2","Cookbook","navigation","","LOCAL navigate","","COOKBOOK","[]","Preserve the current draft and open the destination.","guest-or-member","Validate authentication scope, feature flag, resource ownership/membership, current revision and required field constraints on the server for network operations.","401 expired session → login with safe return; 403/404 unavailable → remove restricted content; 409/412 conflict → refresh and review; 422 invalid → inline correction; 429/503 → bounded retry with input retained.","Available locally; reauthorize any destination data on access.","No durable command; provider/native-specific replay protection applies.","no"
"OFFLINE","Your connection is taking a break","OFFLINE.nav3","Inbox","navigation","","LOCAL navigate","","INBOX","[]","Preserve the current draft and open the destination.","guest-or-member","Validate authentication scope, feature flag, resource ownership/membership, current revision and required field constraints on the server for network operations.","401 expired session → login with safe return; 403/404 unavailable → remove restricted content; 409/412 conflict → refresh and review; 422 invalid → inline correction; 429/503 → bounded retry with input retained.","Available locally; reauthorize any destination data on access.","No durable command; provider/native-specific replay protection applies.","no"
"OFFLINE","Your connection is taking a break","OFFLINE.nav4","My Plate","navigation","","LOCAL navigate","","PROFILE_PLATE","[]","Preserve the current draft and open the destination.","guest-or-member","Validate authentication scope, feature flag, resource ownership/membership, current revision and required field constraints on the server for network operations.","401 expired session → login with safe return; 403/404 unavailable → remove restricted content; 409/412 conflict → refresh and review; 422 invalid → inline correction; 429/503 → bounded retry with input retained.","Available locally; reauthorize any destination data on access.","No durable command; provider/native-specific replay protection applies.","no"
"ADMIN_LOGIN","FeedMe operations sign-in","ADMIN_LOGIN.01","Sign in with staff SSO","screen","","EXTERNAL WorkforceOIDC.authorizePKCE","","ADMIN_HOME","[]","Complete enterprise identity plus mandatory MFA; API independently authorizes staff role for each command.","public","Validate authentication scope, feature flag, resource ownership/membership, current revision and required field constraints on the server for network operations.","401 expired session → login with safe return; 403/404 unavailable → remove restricted content; 409/412 conflict → refresh and review; 422 invalid → inline correction; 429/503 → bounded retry with input retained.","Retain input and retry online; do not show a durable success before server receipt.","No durable command; provider/native-specific replay protection applies.","no"
"ADMIN_LOGIN","FeedMe operations sign-in","ADMIN_LOGIN.02","Return to member app","screen","","LOCAL navigate","","AUTH_WELCOME","[]","Preserve the current draft and open the destination.","staff","Validate authentication scope, feature flag, resource ownership/membership, current revision and required field constraints on the server for network operations.","401 expired session → login with safe return; 403/404 unavailable → remove restricted content; 409/412 conflict → refresh and review; 422 invalid → inline correction; 429/503 → bounded retry with input retained.","Available locally; reauthorize any destination data on access.","No durable command; provider/native-specific replay protection applies.","no"
"ADMIN_HOME","Operations workspace","ADMIN_HOME.01","Recipe drafts","screen","","LOCAL navigate","","ADMIN_RECIPE","[]","Preserve the current draft and open the destination.","staff","Validate authentication scope, feature flag, resource ownership/membership, current revision and required field constraints on the server for network operations.","401 expired session → login with safe return; 403/404 unavailable → remove restricted content; 409/412 conflict → refresh and review; 422 invalid → inline correction; 429/503 → bounded retry with input retained.","Available locally; reauthorize any destination data on access.","No durable command; provider/native-specific replay protection applies.","no"
"ADMIN_HOME","Operations workspace","ADMIN_HOME.02","Review queue","screen","","LOCAL navigate","","ADMIN_REVIEW","[]","Preserve the current draft and open the destination.","staff","Validate authentication scope, feature flag, resource ownership/membership, current revision and required field constraints on the server for network operations.","401 expired session → login with safe return; 403/404 unavailable → remove restricted content; 409/412 conflict → refresh and review; 422 invalid → inline correction; 429/503 → bounded retry with input retained.","Available locally; reauthorize any destination data on access.","No durable command; provider/native-specific replay protection applies.","no"
"ADMIN_HOME","Operations workspace","ADMIN_HOME.03","Substitution rules","screen","","LOCAL navigate","","ADMIN_SUBSTITUTION","[]","Preserve the current draft and open the destination.","staff","Validate authentication scope, feature flag, resource ownership/membership, current revision and required field constraints on the server for network operations.","401 expired session → login with safe return; 403/404 unavailable → remove restricted content; 409/412 conflict → refresh and review; 422 invalid → inline correction; 429/503 → bounded retry with input retained.","Available locally; reauthorize any destination data on access.","No durable command; provider/native-specific replay protection applies.","no"
"ADMIN_HOME","Operations workspace","ADMIN_HOME.04","Moderation cases","screen","","LOCAL navigate","","ADMIN_REPORTS","[]","Preserve the current draft and open the destination.","staff","Validate authentication scope, feature flag, resource ownership/membership, current revision and required field constraints on the server for network operations.","401 expired session → login with safe return; 403/404 unavailable → remove restricted content; 409/412 conflict → refresh and review; 422 invalid → inline correction; 429/503 → bounded retry with input retained.","Available locally; reauthorize any destination data on access.","No durable command; provider/native-specific replay protection applies.","no"
"ADMIN_HOME","Operations workspace","ADMIN_HOME.05","Audit log","screen","","LOCAL navigate","","ADMIN_AUDIT","[]","Preserve the current draft and open the destination.","staff","Validate authentication scope, feature flag, resource ownership/membership, current revision and required field constraints on the server for network operations.","401 expired session → login with safe return; 403/404 unavailable → remove restricted content; 409/412 conflict → refresh and review; 422 invalid → inline correction; 429/503 → bounded retry with input retained.","Available locally; reauthorize any destination data on access.","No durable command; provider/native-specific replay protection applies.","no"
"ADMIN_HOME","Operations workspace","ADMIN_HOME.06","Release flags","screen","","LOCAL navigate","","ADMIN_FLAGS","[]","Preserve the current draft and open the destination.","staff","Validate authentication scope, feature flag, resource ownership/membership, current revision and required field constraints on the server for network operations.","401 expired session → login with safe return; 403/404 unavailable → remove restricted content; 409/412 conflict → refresh and review; 422 invalid → inline correction; 429/503 → bounded retry with input retained.","Available locally; reauthorize any destination data on access.","No durable command; provider/native-specific replay protection applies.","no"
"ADMIN_HOME","Operations workspace","ADMIN_HOME.07","Pack catalog","screen","","LOCAL navigate","","ADMIN_PACK","[]","Preserve the current draft and open the destination.","staff","Validate authentication scope, feature flag, resource ownership/membership, current revision and required field constraints on the server for network operations.","401 expired session → login with safe return; 403/404 unavailable → remove restricted content; 409/412 conflict → refresh and review; 422 invalid → inline correction; 429/503 → bounded retry with input retained.","Available locally; reauthorize any destination data on access.","No durable command; provider/native-specific replay protection applies.","no"
"ADMIN_HOME","Operations workspace","ADMIN_HOME.08","Incident console","screen","","LOCAL navigate","","ADMIN_INCIDENT","[]","Preserve the current draft and open the destination.","staff","Validate authentication scope, feature flag, resource ownership/membership, current revision and required field constraints on the server for network operations.","401 expired session → login with safe return; 403/404 unavailable → remove restricted content; 409/412 conflict → refresh and review; 422 invalid → inline correction; 429/503 → bounded retry with input retained.","Available locally; reauthorize any destination data on access.","No durable command; provider/native-specific replay protection applies.","no"
"ADMIN_RECIPE","Author a recipe revision","ADMIN_RECIPE.back","Back","back","","LOCAL navigate","","ADMIN_HOME","[]","Return to previous allowed screen; retain draft/session state. Unsaved destructive exits ask before discarding.","staff","Validate authentication scope, feature flag, resource ownership/membership, current revision and required field constraints on the server for network operations.","401 expired session → login with safe return; 403/404 unavailable → remove restricted content; 409/412 conflict → refresh and review; 422 invalid → inline correction; 429/503 → bounded retry with input retained.","Available locally; reauthorize any destination data on access.","No durable command; provider/native-specific replay protection applies.","no"
"ADMIN_RECIPE","Author a recipe revision","ADMIN_RECIPE.01","Save draft","screen","","POST /v1/admin/recipes","adminCreateRecipe","","[]","Create draft revision with author ID and structured validation; no public eligibility.","staff","Validate authentication scope, feature flag, resource ownership/membership, current revision and required field constraints on the server for network operations.","401 expired session → login with safe return; 403/404 unavailable → remove restricted content; 409/412 conflict → refresh and review; 422 invalid → inline correction; 429/503 → bounded retry with input retained.","Retain input and retry online; do not show a durable success before server receipt.","Stable client operation ID for durable command; server idempotency record and transaction receipt. If-Match where versioned.","no"
"ADMIN_RECIPE","Author a recipe revision","ADMIN_RECIPE.02","Submit for review","screen","","POST /v1/admin/recipes/{recipeId}/versions/{recipeVersionId}/submit","adminSubmitRecipe","ADMIN_REVIEW","[]","Freeze revision content hash and record required reviewer scopes; reject missing timings/exclusions/source rights.","staff","Validate authentication scope, feature flag, resource ownership/membership, current revision and required field constraints on the server for network operations.","401 expired session → login with safe return; 403/404 unavailable → remove restricted content; 409/412 conflict → refresh and review; 422 invalid → inline correction; 429/503 → bounded retry with input retained.","Retain input and retry online; do not show a durable success before server receipt.","Stable client operation ID for durable command; server idempotency record and transaction receipt. If-Match where versioned.","no"
"ADMIN_RECIPE","Author a recipe revision","ADMIN_RECIPE.03","Preview member recipe","screen","","LOCAL navigate","","RECIPE","[]","Staff-only draft preview must remain explicitly labelled and inaccessible to member clients.","staff","Validate authentication scope, feature flag, resource ownership/membership, current revision and required field constraints on the server for network operations.","401 expired session → login with safe return; 403/404 unavailable → remove restricted content; 409/412 conflict → refresh and review; 422 invalid → inline correction; 429/503 → bounded retry with input retained.","Available locally; reauthorize any destination data on access.","No durable command; provider/native-specific replay protection applies.","no"
"ADMIN_REVIEW","Review and publish","ADMIN_REVIEW.back","Back","back","","LOCAL navigate","","ADMIN_HOME","[]","Return to previous allowed screen; retain draft/session state. Unsaved destructive exits ask before discarding.","staff","Validate authentication scope, feature flag, resource ownership/membership, current revision and required field constraints on the server for network operations.","401 expired session → login with safe return; 403/404 unavailable → remove restricted content; 409/412 conflict → refresh and review; 422 invalid → inline correction; 429/503 → bounded retry with input retained.","Available locally; reauthorize any destination data on access.","No durable command; provider/native-specific replay protection applies.","no"
"ADMIN_REVIEW","Review and publish","ADMIN_REVIEW.01","Record review decision","screen","","POST /v1/admin/recipes/{recipeId}/versions/{recipeVersionId}/reviews","adminReviewRecipe","","[]","Authorize reviewer independent from author; bind decision to immutable revision hash and scope.","staff","Validate authentication scope, feature flag, resource ownership/membership, current revision and required field constraints on the server for network operations.","401 expired session → login with safe return; 403/404 unavailable → remove restricted content; 409/412 conflict → refresh and review; 422 invalid → inline correction; 429/503 → bounded retry with input retained.","Retain input and retry online; do not show a durable success before server receipt.","Stable client operation ID for durable command; server idempotency record and transaction receipt. If-Match where versioned.","no"
"ADMIN_REVIEW","Review and publish","ADMIN_REVIEW.02","Publish approved revision","screen","","POST /v1/admin/recipes/{recipeId}/versions/{recipeVersionId}/publish","adminPublishRecipe","","[]","Publisher checks required approvals, version and embargo; transaction publishes catalog event.","staff","Validate authentication scope, feature flag, resource ownership/membership, current revision and required field constraints on the server for network operations.","401 expired session → login with safe return; 403/404 unavailable → remove restricted content; 409/412 conflict → refresh and review; 422 invalid → inline correction; 429/503 → bounded retry with input retained.","Retain input and retry online; do not show a durable success before server receipt.","Stable client operation ID for durable command; server idempotency record and transaction receipt. If-Match where versioned.","no"
"ADMIN_REVIEW","Review and publish","ADMIN_REVIEW.03","Recall revision","screen","","POST /v1/admin/recipes/{recipeId}/versions/{recipeVersionId}/recall","adminRecallRecipe","","[]","Privileged confirmed action deactivates selection, invalidates dependent plans and emits recall events for saved/cached use.","staff","Validate authentication scope, feature flag, resource ownership/membership, current revision and required field constraints on the server for network operations.","401 expired session → login with safe return; 403/404 unavailable → remove restricted content; 409/412 conflict → refresh and review; 422 invalid → inline correction; 429/503 → bounded retry with input retained.","Retain input and retry online; do not show a durable success before server receipt.","Stable client operation ID for durable command; server idempotency record and transaction receipt. If-Match where versioned.","yes"
"ADMIN_REVIEW","Review and publish","ADMIN_REVIEW.04","Return to draft","screen","","LOCAL navigate","","ADMIN_RECIPE","[]","Preserve the current draft and open the destination.","staff","Validate authentication scope, feature flag, resource ownership/membership, current revision and required field constraints on the server for network operations.","401 expired session → login with safe return; 403/404 unavailable → remove restricted content; 409/412 conflict → refresh and review; 422 invalid → inline correction; 429/503 → bounded retry with input retained.","Available locally; reauthorize any destination data on access.","No durable command; provider/native-specific replay protection applies.","no"
"ADMIN_SUBSTITUTION","Reviewed substitutions","ADMIN_SUBSTITUTION.back","Back","back","","LOCAL navigate","","ADMIN_HOME","[]","Return to previous allowed screen; retain draft/session state. Unsaved destructive exits ask before discarding.","staff","Validate authentication scope, feature flag, resource ownership/membership, current revision and required field constraints on the server for network operations.","401 expired session → login with safe return; 403/404 unavailable → remove restricted content; 409/412 conflict → refresh and review; 422 invalid → inline correction; 429/503 → bounded retry with input retained.","Available locally; reauthorize any destination data on access.","No durable command; provider/native-specific replay protection applies.","no"
"ADMIN_SUBSTITUTION","Reviewed substitutions","ADMIN_SUBSTITUTION.01","Save substitution draft","screen","","POST /v1/admin/substitutions","adminCreateSubstitution","","[]","Version rule and eligibility assertions; no automatic publication.","staff","Validate authentication scope, feature flag, resource ownership/membership, current revision and required field constraints on the server for network operations.","401 expired session → login with safe return; 403/404 unavailable → remove restricted content; 409/412 conflict → refresh and review; 422 invalid → inline correction; 429/503 → bounded retry with input retained.","Retain input and retry online; do not show a durable success before server receipt.","Stable client operation ID for durable command; server idempotency record and transaction receipt. If-Match where versioned.","no"
"ADMIN_SUBSTITUTION","Reviewed substitutions","ADMIN_SUBSTITUTION.02","Approve and activate","screen","","POST /v1/admin/substitutions/{substitutionId}/reviews","adminReviewSubstitution","","[]","Require qualified independent review, passing constraint fixtures and content hash match.","staff","Validate authentication scope, feature flag, resource ownership/membership, current revision and required field constraints on the server for network operations.","401 expired session → login with safe return; 403/404 unavailable → remove restricted content; 409/412 conflict → refresh and review; 422 invalid → inline correction; 429/503 → bounded retry with input retained.","Retain input and retry online; do not show a durable success before server receipt.","Stable client operation ID for durable command; server idempotency record and transaction receipt. If-Match where versioned.","no"
"ADMIN_SUBSTITUTION","Reviewed substitutions","ADMIN_SUBSTITUTION.03","Disable substitution","screen","","POST /v1/admin/substitutions/{substitutionId}/reviews","adminReviewSubstitution","","[]","Stop new planning usage; evaluate affected plans and recall independently if required.","staff","Validate authentication scope, feature flag, resource ownership/membership, current revision and required field constraints on the server for network operations.","401 expired session → login with safe return; 403/404 unavailable → remove restricted content; 409/412 conflict → refresh and review; 422 invalid → inline correction; 429/503 → bounded retry with input retained.","Retain input and retry online; do not show a durable success before server receipt.","Stable client operation ID for durable command; server idempotency record and transaction receipt. If-Match where versioned.","no"
"ADMIN_REPORTS","Moderation queue","ADMIN_REPORTS.back","Back","back","","LOCAL navigate","","ADMIN_HOME","[]","Return to previous allowed screen; retain draft/session state. Unsaved destructive exits ask before discarding.","staff","Validate authentication scope, feature flag, resource ownership/membership, current revision and required field constraints on the server for network operations.","401 expired session → login with safe return; 403/404 unavailable → remove restricted content; 409/412 conflict → refresh and review; 422 invalid → inline correction; 429/503 → bounded retry with input retained.","Available locally; reauthorize any destination data on access.","No durable command; provider/native-specific replay protection applies.","no"
"ADMIN_REPORTS","Moderation queue","ADMIN_REPORTS.01","Open case","screen","","LOCAL navigate","","ADMIN_CASE","[]","Preserve the current draft and open the destination.","staff","Validate authentication scope, feature flag, resource ownership/membership, current revision and required field constraints on the server for network operations.","401 expired session → login with safe return; 403/404 unavailable → remove restricted content; 409/412 conflict → refresh and review; 422 invalid → inline correction; 429/503 → bounded retry with input retained.","Available locally; reauthorize any destination data on access.","No durable command; provider/native-specific replay protection applies.","no"
"ADMIN_REPORTS","Moderation queue","ADMIN_REPORTS.02","Claim selected case","screen","","POST /v1/admin/reports/{reportId}/claim","adminClaimReport","","[]","Lease/assignment prevents conflicting moderators; every access is audited.","staff","Validate authentication scope, feature flag, resource ownership/membership, current revision and required field constraints on the server for network operations.","401 expired session → login with safe return; 403/404 unavailable → remove restricted content; 409/412 conflict → refresh and review; 422 invalid → inline correction; 429/503 → bounded retry with input retained.","Retain input and retry online; do not show a durable success before server receipt.","Stable client operation ID for durable command; server idempotency record and transaction receipt. If-Match where versioned.","no"
"ADMIN_REPORTS","Moderation queue","ADMIN_REPORTS.03","Review audit","screen","","LOCAL navigate","","ADMIN_AUDIT","[]","Preserve the current draft and open the destination.","staff","Validate authentication scope, feature flag, resource ownership/membership, current revision and required field constraints on the server for network operations.","401 expired session → login with safe return; 403/404 unavailable → remove restricted content; 409/412 conflict → refresh and review; 422 invalid → inline correction; 429/503 → bounded retry with input retained.","Available locally; reauthorize any destination data on access.","No durable command; provider/native-specific replay protection applies.","no"
"ADMIN_CASE","Resolve a moderation case","ADMIN_CASE.back","Back","back","","LOCAL navigate","","ADMIN_REPORTS","[]","Return to previous allowed screen; retain draft/session state. Unsaved destructive exits ask before discarding.","staff","Validate authentication scope, feature flag, resource ownership/membership, current revision and required field constraints on the server for network operations.","401 expired session → login with safe return; 403/404 unavailable → remove restricted content; 409/412 conflict → refresh and review; 422 invalid → inline correction; 429/503 → bounded retry with input retained.","Available locally; reauthorize any destination data on access.","No durable command; provider/native-specific replay protection applies.","no"
"ADMIN_CASE","Resolve a moderation case","ADMIN_CASE.01","Remove reported content","screen","","POST /v1/admin/reports/{reportId}/actions","adminActOnReport","","[]","Apply documented action enum with evidence, target version and audit; revoke new delivery and enqueue purge.","staff","Validate authentication scope, feature flag, resource ownership/membership, current revision and required field constraints on the server for network operations.","401 expired session → login with safe return; 403/404 unavailable → remove restricted content; 409/412 conflict → refresh and review; 422 invalid → inline correction; 429/503 → bounded retry with input retained.","Retain input and retry online; do not show a durable success before server receipt.","Stable client operation ID for durable command; server idempotency record and transaction receipt. If-Match where versioned.","yes"
"ADMIN_CASE","Resolve a moderation case","ADMIN_CASE.02","Dismiss report","screen","","POST /v1/admin/reports/{reportId}/actions","adminActOnReport","","[]","Record no-action decision with reason; disclose only permitted outcome to reporter.","staff","Validate authentication scope, feature flag, resource ownership/membership, current revision and required field constraints on the server for network operations.","401 expired session → login with safe return; 403/404 unavailable → remove restricted content; 409/412 conflict → refresh and review; 422 invalid → inline correction; 429/503 → bounded retry with input retained.","Retain input and retry online; do not show a durable success before server receipt.","Stable client operation ID for durable command; server idempotency record and transaction receipt. If-Match where versioned.","no"
"ADMIN_CASE","Resolve a moderation case","ADMIN_CASE.03","Restrict account","screen","","POST /v1/admin/accounts/{accountId}/restrictions","adminRestrictAccount","","[]","Enforce high-impact permission/separate approver threshold and audit.","staff","Validate authentication scope, feature flag, resource ownership/membership, current revision and required field constraints on the server for network operations.","401 expired session → login with safe return; 403/404 unavailable → remove restricted content; 409/412 conflict → refresh and review; 422 invalid → inline correction; 429/503 → bounded retry with input retained.","Retain input and retry online; do not show a durable success before server receipt.","Stable client operation ID for durable command; server idempotency record and transaction receipt. If-Match where versioned.","yes"
"ADMIN_CASE","Resolve a moderation case","ADMIN_CASE.04","Review appeal","screen","","POST /v1/admin/reports/{reportId}/appeals","adminRecordAppeal","","[]","Assign to a different authorized reviewer; preserve original evidence and outcome history.","staff","Validate authentication scope, feature flag, resource ownership/membership, current revision and required field constraints on the server for network operations.","401 expired session → login with safe return; 403/404 unavailable → remove restricted content; 409/412 conflict → refresh and review; 422 invalid → inline correction; 429/503 → bounded retry with input retained.","Retain input and retry online; do not show a durable success before server receipt.","Stable client operation ID for durable command; server idempotency record and transaction receipt. If-Match where versioned.","no"
"ADMIN_CASE","Resolve a moderation case","ADMIN_CASE.05","Back to queue","screen","","LOCAL navigate","","ADMIN_REPORTS","[]","Preserve the current draft and open the destination.","staff","Validate authentication scope, feature flag, resource ownership/membership, current revision and required field constraints on the server for network operations.","401 expired session → login with safe return; 403/404 unavailable → remove restricted content; 409/412 conflict → refresh and review; 422 invalid → inline correction; 429/503 → bounded retry with input retained.","Available locally; reauthorize any destination data on access.","No durable command; provider/native-specific replay protection applies.","no"
"ADMIN_AUDIT","Audit trail","ADMIN_AUDIT.back","Back","back","","LOCAL navigate","","ADMIN_HOME","[]","Return to previous allowed screen; retain draft/session state. Unsaved destructive exits ask before discarding.","staff","Validate authentication scope, feature flag, resource ownership/membership, current revision and required field constraints on the server for network operations.","401 expired session → login with safe return; 403/404 unavailable → remove restricted content; 409/412 conflict → refresh and review; 422 invalid → inline correction; 429/503 → bounded retry with input retained.","Available locally; reauthorize any destination data on access.","No durable command; provider/native-specific replay protection applies.","no"
"ADMIN_AUDIT","Audit trail","ADMIN_AUDIT.01","Find records","screen","","GET /v1/admin/audit","adminListAudit","","[]","Cursor-based role-scoped query; no raw access tokens, passwords or food-profile payloads.","staff","Validate authentication scope, feature flag, resource ownership/membership, current revision and required field constraints on the server for network operations.","401 expired session → login with safe return; 403/404 unavailable → remove restricted content; 409/412 conflict → refresh and review; 422 invalid → inline correction; 429/503 → bounded retry with input retained.","Read only eligible cache; show staleness and do not infer current permissions.","No durable command; provider/native-specific replay protection applies.","no"
"ADMIN_AUDIT","Audit trail","ADMIN_AUDIT.02","Request scoped export","screen","","POST /v1/admin/audit/exports","adminExportAudit","","[]","Require approved operational purpose and elevated role; encrypt short-lived output.","staff","Validate authentication scope, feature flag, resource ownership/membership, current revision and required field constraints on the server for network operations.","401 expired session → login with safe return; 403/404 unavailable → remove restricted content; 409/412 conflict → refresh and review; 422 invalid → inline correction; 429/503 → bounded retry with input retained.","Retain input and retry online; do not show a durable success before server receipt.","Stable client operation ID for durable command; server idempotency record and transaction receipt. If-Match where versioned.","no"
"ADMIN_FLAGS","Feature rollout controls","ADMIN_FLAGS.back","Back","back","","LOCAL navigate","","ADMIN_HOME","[]","Return to previous allowed screen; retain draft/session state. Unsaved destructive exits ask before discarding.","staff","Validate authentication scope, feature flag, resource ownership/membership, current revision and required field constraints on the server for network operations.","401 expired session → login with safe return; 403/404 unavailable → remove restricted content; 409/412 conflict → refresh and review; 422 invalid → inline correction; 429/503 → bounded retry with input retained.","Available locally; reauthorize any destination data on access.","No durable command; provider/native-specific replay protection applies.","no"
"ADMIN_FLAGS","Feature rollout controls","ADMIN_FLAGS.01","Stage flag change","screen","","POST /v1/admin/flags/changes","adminProposeFlagChange","","[]","Validate dependency gates and bounds; create proposed version requiring configured approver.","staff","Validate authentication scope, feature flag, resource ownership/membership, current revision and required field constraints on the server for network operations.","401 expired session → login with safe return; 403/404 unavailable → remove restricted content; 409/412 conflict → refresh and review; 422 invalid → inline correction; 429/503 → bounded retry with input retained.","Retain input and retry online; do not show a durable success before server receipt.","Stable client operation ID for durable command; server idempotency record and transaction receipt. If-Match where versioned.","no"
"ADMIN_FLAGS","Feature rollout controls","ADMIN_FLAGS.02","Apply approved change","screen","","POST /v1/admin/flags/changes/{changeId}/apply","adminApplyFlagChange","","[]","Atomic flag revision update with audit and rollback pointer.","staff","Validate authentication scope, feature flag, resource ownership/membership, current revision and required field constraints on the server for network operations.","401 expired session → login with safe return; 403/404 unavailable → remove restricted content; 409/412 conflict → refresh and review; 422 invalid → inline correction; 429/503 → bounded retry with input retained.","Retain input and retry online; do not show a durable success before server receipt.","Stable client operation ID for durable command; server idempotency record and transaction receipt. If-Match where versioned.","no"
"ADMIN_FLAGS","Feature rollout controls","ADMIN_FLAGS.03","Disable selected feature","screen","","PATCH /v1/admin/flags/{flagKey}","adminUpdateFlag","","[]","Kill new entry points and commands while preserving readable existing data and safe exit paths.","staff","Validate authentication scope, feature flag, resource ownership/membership, current revision and required field constraints on the server for network operations.","401 expired session → login with safe return; 403/404 unavailable → remove restricted content; 409/412 conflict → refresh and review; 422 invalid → inline correction; 429/503 → bounded retry with input retained.","Retain input and retry online; do not show a durable success before server receipt.","Stable client operation ID for durable command; server idempotency record and transaction receipt. If-Match where versioned.","no"
"ADMIN_PACK","Manage reviewed packs","ADMIN_PACK.back","Back","back","","LOCAL navigate","","ADMIN_HOME","[]","Return to previous allowed screen; retain draft/session state. Unsaved destructive exits ask before discarding.","staff","Validate authentication scope, feature flag, resource ownership/membership, current revision and required field constraints on the server for network operations.","401 expired session → login with safe return; 403/404 unavailable → remove restricted content; 409/412 conflict → refresh and review; 422 invalid → inline correction; 429/503 → bounded retry with input retained.","Available locally; reauthorize any destination data on access.","No durable command; provider/native-specific replay protection applies.","no"
"ADMIN_PACK","Manage reviewed packs","ADMIN_PACK.01","Save pack draft","screen","","POST /v1/admin/packs","adminCreatePack","","[]","Validate canonical product IDs and approved recipe revision references.","staff","Validate authentication scope, feature flag, resource ownership/membership, current revision and required field constraints on the server for network operations.","401 expired session → login with safe return; 403/404 unavailable → remove restricted content; 409/412 conflict → refresh and review; 422 invalid → inline correction; 429/503 → bounded retry with input retained.","Retain input and retry online; do not show a durable success before server receipt.","Stable client operation ID for durable command; server idempotency record and transaction receipt. If-Match where versioned.","no"
"ADMIN_PACK","Manage reviewed packs","ADMIN_PACK.02","Publish reviewed pack","screen","","POST /v1/admin/packs/{packId}/publish","adminPublishPack","","[]","Require catalog approval, entitlement mapping validation and store metadata readiness.","staff","Validate authentication scope, feature flag, resource ownership/membership, current revision and required field constraints on the server for network operations.","401 expired session → login with safe return; 403/404 unavailable → remove restricted content; 409/412 conflict → refresh and review; 422 invalid → inline correction; 429/503 → bounded retry with input retained.","Retain input and retry online; do not show a durable success before server receipt.","Stable client operation ID for durable command; server idempotency record and transaction receipt. If-Match where versioned.","no"
"ADMIN_PACK","Manage reviewed packs","ADMIN_PACK.03","Withdraw pack from sale","screen","","POST /v1/admin/packs/{packId}/withdraw","adminWithdrawPack","","[]","Stop new offering; preserve owned access except separately recalled content.","staff","Validate authentication scope, feature flag, resource ownership/membership, current revision and required field constraints on the server for network operations.","401 expired session → login with safe return; 403/404 unavailable → remove restricted content; 409/412 conflict → refresh and review; 422 invalid → inline correction; 429/503 → bounded retry with input retained.","Retain input and retry online; do not show a durable success before server receipt.","Stable client operation ID for durable command; server idempotency record and transaction receipt. If-Match where versioned.","no"
"ADMIN_INCIDENT","Service and incident controls","ADMIN_INCIDENT.back","Back","back","","LOCAL navigate","","ADMIN_HOME","[]","Return to previous allowed screen; retain draft/session state. Unsaved destructive exits ask before discarding.","staff","Validate authentication scope, feature flag, resource ownership/membership, current revision and required field constraints on the server for network operations.","401 expired session → login with safe return; 403/404 unavailable → remove restricted content; 409/412 conflict → refresh and review; 422 invalid → inline correction; 429/503 → bounded retry with input retained.","Available locally; reauthorize any destination data on access.","No durable command; provider/native-specific replay protection applies.","no"
"ADMIN_INCIDENT","Service and incident controls","ADMIN_INCIDENT.01","Refresh service health","screen","","GET /v1/admin/health","adminGetHealth","","[]","Return aggregated dependency/queue/reconciliation status with no sensitive user payloads.","staff","Validate authentication scope, feature flag, resource ownership/membership, current revision and required field constraints on the server for network operations.","401 expired session → login with safe return; 403/404 unavailable → remove restricted content; 409/412 conflict → refresh and review; 422 invalid → inline correction; 429/503 → bounded retry with input retained.","Read only eligible cache; show staleness and do not infer current permissions.","No durable command; provider/native-specific replay protection applies.","no"
"ADMIN_INCIDENT","Service and incident controls","ADMIN_INCIDENT.02","Pause media publication","screen","","POST /v1/admin/operations/media-pause","adminPauseMedia","","[]","Set audited kill switch for new publication; retain user drafts and safe status UI.","staff","Validate authentication scope, feature flag, resource ownership/membership, current revision and required field constraints on the server for network operations.","401 expired session → login with safe return; 403/404 unavailable → remove restricted content; 409/412 conflict → refresh and review; 422 invalid → inline correction; 429/503 → bounded retry with input retained.","Retain input and retry online; do not show a durable success before server receipt.","Stable client operation ID for durable command; server idempotency record and transaction receipt. If-Match where versioned.","no"
"ADMIN_INCIDENT","Service and incident controls","ADMIN_INCIDENT.03","Request outbox replay","screen","","POST /v1/admin/operations/replays","adminReplayEvents","","[]","Replay bounded event range using consumer idempotency; never blindly re-send notifications or charges.","staff","Validate authentication scope, feature flag, resource ownership/membership, current revision and required field constraints on the server for network operations.","401 expired session → login with safe return; 403/404 unavailable → remove restricted content; 409/412 conflict → refresh and review; 422 invalid → inline correction; 429/503 → bounded retry with input retained.","Retain input and retry online; do not show a durable success before server receipt.","Stable client operation ID for durable command; server idempotency record and transaction receipt. If-Match where versioned.","no"
"ADMIN_INCIDENT","Service and incident controls","ADMIN_INCIDENT.04","Open release flags","screen","","LOCAL navigate","","ADMIN_FLAGS","[]","Preserve the current draft and open the destination.","staff","Validate authentication scope, feature flag, resource ownership/membership, current revision and required field constraints on the server for network operations.","401 expired session → login with safe return; 403/404 unavailable → remove restricted content; 409/412 conflict → refresh and review; 422 invalid → inline correction; 429/503 → bounded retry with input retained.","Available locally; reauthorize any destination data on access.","No durable command; provider/native-specific replay protection applies.","no"
"ADMIN_INCIDENT","Service and incident controls","ADMIN_INCIDENT.05","Inspect audit","screen","","LOCAL navigate","","ADMIN_AUDIT","[]","Preserve the current draft and open the destination.","staff","Validate authentication scope, feature flag, resource ownership/membership, current revision and required field constraints on the server for network operations.","401 expired session → login with safe return; 403/404 unavailable → remove restricted content; 409/412 conflict → refresh and review; 422 invalid → inline correction; 429/503 → bounded retry with input retained.","Available locally; reauthorize any destination data on access.","No durable command; provider/native-specific replay protection applies.","no"
"PEOPLE_PICKER","Choose your people","PEOPLE_PICKER.back","Back","back","","LOCAL navigate","","CIRCLES","[]","Return to previous allowed screen; retain draft/session state. Unsaved destructive exits ask before discarding.","member","Validate authentication scope, feature flag, resource ownership/membership, current revision and required field constraints on the server for network operations.","401 expired session → login with safe return; 403/404 unavailable → remove restricted content; 409/412 conflict → refresh and review; 422 invalid → inline correction; 429/503 → bounded retry with input retained.","Available locally; reauthorize any destination data on access.","No durable command; provider/native-specific replay protection applies.","no"
"PEOPLE_PICKER","Choose your people","PEOPLE_PICKER.01","Use selected people","screen","","LOCAL pickerResult","","","[[""PACT_CREATE"",""Dinner Pact""],[""POTLUCK_CREATE"",""Bring a Bit""],[""INVITE"",""circle role selection""]]","Return selected eligible account IDs to the requesting draft; server checks eligibility again at invitation creation.","member","Validate authentication scope, feature flag, resource ownership/membership, current revision and required field constraints on the server for network operations.","401 expired session → login with safe return; 403/404 unavailable → remove restricted content; 409/412 conflict → refresh and review; 422 invalid → inline correction; 429/503 → bounded retry with input retained.","Available locally; reauthorize any destination data on access.","No durable command; provider/native-specific replay protection applies.","no"
"PEOPLE_PICKER","Choose your people","PEOPLE_PICKER.02","Cancel selection","screen","","LOCAL pickerCancel","","","[[""PACT_CREATE"",""pact""],[""POTLUCK_CREATE"",""potluck""],[""INVITE"",""circle""]]","Return to requesting draft with previous recipients unchanged.","member","Validate authentication scope, feature flag, resource ownership/membership, current revision and required field constraints on the server for network operations.","401 expired session → login with safe return; 403/404 unavailable → remove restricted content; 409/412 conflict → refresh and review; 422 invalid → inline correction; 429/503 → bounded retry with input retained.","Available locally; reauthorize any destination data on access.","No durable command; provider/native-specific replay protection applies.","no"
"CONFIRM_ACTION","Confirm this change","CONFIRM_ACTION.back","Back","back","","LOCAL navigate","","HOME","[]","Return to previous allowed screen; retain draft/session state. Unsaved destructive exits ask before discarding.","guest-or-member","Validate authentication scope, feature flag, resource ownership/membership, current revision and required field constraints on the server for network operations.","401 expired session → login with safe return; 403/404 unavailable → remove restricted content; 409/412 conflict → refresh and review; 422 invalid → inline correction; 429/503 → bounded retry with input retained.","Available locally; reauthorize any destination data on access.","No durable command; provider/native-specific replay protection applies.","no"
"CONFIRM_ACTION","Confirm this change","CONFIRM_ACTION.01","Confirm change","screen","","LOCAL dispatchPendingCommand","","","[]","Execute the originating action with its original target/version/idempotency key after explicit consent. Apply that action’s exact auth/API/error/offline contract; clear pending command after receipt.","guest-or-member","Validate authentication scope, feature flag, resource ownership/membership, current revision and required field constraints on the server for network operations.","401 expired session → login with safe return; 403/404 unavailable → remove restricted content; 409/412 conflict → refresh and review; 422 invalid → inline correction; 429/503 → bounded retry with input retained.","Available locally; reauthorize any destination data on access.","No durable command; provider/native-specific replay protection applies.","no"
"CONFIRM_ACTION","Confirm this change","CONFIRM_ACTION.02","Cancel","screen","","LOCAL cancelPendingCommand","","","[]","Return to the originating screen; send no mutation and retain draft context.","guest-or-member","Validate authentication scope, feature flag, resource ownership/membership, current revision and required field constraints on the server for network operations.","401 expired session → login with safe return; 403/404 unavailable → remove restricted content; 409/412 conflict → refresh and review; 422 invalid → inline correction; 429/503 → bounded retry with input retained.","Available locally; reauthorize any destination data on access.","No durable command; provider/native-specific replay protection applies.","no"